Player,Short Name,Team,Position Group,Competition,Speed,Acceleration,Agility,Endurance
Aaron Cresswell,A. Cresswell,Stoke City,Full Back,ENG - Championship,4.5,12.2,19.0,35.7
Adam Armstrong,A. Armstrong,Southampton,Center Forward,ENG - Championship,89.8,74.7,29.9,6.7
Adam Marušić,A. Marušić,Lazio,Full Back,ITA - Serie A,81.3,42.5,25.0,16.7
Adrien Rabiot,A. Rabiot,Milan,Midfield,ITA - Serie A,81.7,58.1,50.1,43.0
Adrien Thomasson,A. Thomasson,RC Lens,Midfield,FRA - Ligue 1,16.7,35.6,98.7,100.0
Aïssa Mandi,A. Mandi,LOSC Lille,Central Defender,FRA - Ligue 1,10.9,28.2,64.6,84.9
Alberto Grassi,A. Grassi,US Cremonese,Midfield,ITA - Serie A,19.1,30.4,29.5,86.0
Alejandro Grimaldo García,Álex Grimaldo,Bayer 04 Leverkusen,Full Back,GER - Bundesliga,12.0,39.0,66.8,91.3
Alessio Romagnoli,A. Romagnoli,Lazio,Central Defender,ITA - Serie A,1.5,22.4,20.3,52.2
Alex Iwobi,A. Iwobi,Fulham,Wide Attacker,ENG - Premier League,9.4,14.8,45.3,61.1
Alfonso Pedraza Sag ,Alfonso Pedraza,Villarreal CF,Full Back,ESP - LaLiga,70.5,51.8,48.0,83.3
Álvaro García Rivera,Álvaro García,Rayo Vallecano,Wide Attacker,ESP - LaLiga,80.1,94.6,79.7,37.1
André-Frank Zambo Anguissa,F. Anguissa,Napoli,Midfield,ITA - Serie A,21.0,24.5,62.0,65.7
André Miguel Valente Silva,André Silva,Elche CF,Center Forward,ESP - LaLiga,21.1,15.9,46.4,50.9
Aymeric  Laporte,Aymeric Laporte,Athletic Club de Bilbao,Central Defender,ESP - LaLiga,28.7,53.3,37.0,47.9
Barry Bannan,B. Bannan,Sheffield Wednesday,Midfield,ENG - Championship,66.3,44.5,9.0,3.7
Barry Bannan,B. Bannan,Sheffield Wednesday,Midfield,ENG - Championship,80.9,49.8,4.8,3.8
Ben Mee,B. Mee,Sheffield United,Central Defender,ENG - Championship,3.5,12.2,9.9,9.4
Benjamin André,B. André,LOSC Lille,Midfield,FRA - Ligue 1,25.1,30.2,36.1,31.0
Benjamin Pavard,B. Pavard,Olympique de Marseille,Central Defender,FRA - Ligue 1,26.5,23.4,59.7,60.3
Bernardo Mota Veiga de Carvalho e Silva,Bernardo Silva,Manchester City,Midfield,ENG - Premier League,28.0,49.6,86.0,95.3
Bertrand Isidore Traoré,B. Traoré,Sunderland,Wide Attacker,ENG - Premier League,17.0,28.3,45.4,51.9
Borja Mayoral Moya,Borja Mayoral,Getafe CF,Center Forward,ESP - LaLiga,2.7,13.3,52.3,39.7
Breel-Donald Embolo,B. Embolo,Stade Rennais FC,Center Forward,FRA - Ligue 1,53.0,79.2,30.8,10.2
Brendan Galloway,B. Galloway,Plymouth Argyle,Full Back,ENG - League One,62.6,51.9,57.6,36.7
Bruno Miguel Borges Fernandes,Bruno Fernandes,Manchester United,Midfield,ENG - Premier League,64.0,70.3,77.7,32.2
Bryan Cristante,B. Cristante,Roma,Midfield,ITA - Serie A,31.6,34.8,55.1,76.3
Callum McGregor,C. McGregor,Celtic FC,Midfield,SCO - Premiership,13.8,40.2,40.9,70.5
Callum Paterson,C. Paterson,Milton Keynes Dons,Center Forward,ENG - League Two,63.2,35.9,57.4,69.0
Callum Wilson,C. Wilson,West Ham United,Center Forward,ENG - Premier League,15.9,13.6,16.2,15.8
Calum Chambers,C. Chambers,Cardiff City,Central Defender,ENG - League One,13.7,40.6,42.9,80.9
Carlton Morris,C. Morris,Derby County FC,Center Forward,ENG - Championship,17.9,19.9,26.8,36.1
 Carlos Henrique José Francisco Venancio Casimiro,Casemiro,Manchester United,Midfield,ENG - Premier League,18.0,28.9,40.8,21.1
Cauley Woodrow,C. Woodrow,Wycombe Wanderers,Center Forward,ENG - League One,0.7,15.9,24.0,66.5
Chidozie Collins Awaziem,C. Awaziem,FC Nantes,Central Defender,FRA - Ligue 1,80.1,62.6,42.0,41.2
Christian  Dannemann Eriksen,C. Eriksen,VfL Wolfsburg,Wide Attacker,GER - Bundesliga,8.5,12.4,69.6,98.5
Christian Kabasele,C. Kabasele,Udinese,Central Defender,ITA - Serie A,68.8,37.9,45.9,17.8
Christian Pulišić,C. Pulišić,Milan,Center Forward,ITA - Serie A,33.4,38.3,46.1,91.5
Chris Cadden,C. Cadden,Hibernian,Full Back,SCO - Premiership,69.1,58.3,53.3,78.9
Christopher Nkunku,C. Nkunku,Milan,Center Forward,ITA - Serie A,35.1,51.1,15.1,53.2
Clark Robertson,C. Robertson,Dundee FC,Central Defender,SCO - Premiership,13.2,32.8,15.8,36.6
Clinton Mukoni Mata Pedro Lourenço,Clinton Mata,Olympique Lyonnais,Central Defender,FRA - Ligue 1,63.5,70.1,72.8,49.5
Daley Blind,D. Blind,Girona FC,Central Defender,ESP - LaLiga,3.1,18.0,86.9,69.3
Dan Burn,D. Burn,Newcastle United,Central Defender,ENG - Premier League,44.4,35.0,45.9,61.3
Danilo Cataldi,D. Cataldi,Lazio,Midfield,ITA - Serie A,9.2,40.9,59.6,89.7
Danny  Vieira da Costa,D. da Costa,1. FSV Mainz 05,Central Defender,GER - Bundesliga,76.6,53.4,63.4,76.9
Daniel Nii Tackie Mensah Welbeck,D. Welbeck,Brighton and Hove Albion,Center Forward,ENG - Premier League,7.4,24.9,47.2,41.2
Darnell Furlong,D. Furlong,Ipswich Town,Full Back,ENG - Championship,48.3,34.9,66.2,52.4
David Costas Cordal,David Costas,Real Oviedo,Central Defender,ESP - LaLiga,67.3,54.4,88.0,56.0
Davide Zappacosta,D. Zappacosta,Atalanta,Full Back,ITA - Serie A,76.8,56.1,41.4,84.6
Demarai Gray,D. Gray,Birmingham City,Wide Attacker,ENG - Championship,72.2,78.7,40.4,19.8
Diego Carlos Santos Silva,Diego Carlos,Como 1907,Central Defender,ITA - Serie A,65.9,34.3,11.1,21.5
Dimitri Foulquier,D. Foulquier,Valencia CF,Full Back,ESP - LaLiga,79.2,66.5,21.7,2.2
Djibril Sidibé,D. Sidibé,Toulouse FC,Full Back,FRA - Ligue 1,8.2,22.4,36.9,56.6
Domenico Berardi,D. Berardi,Sassuolo,Wide Attacker,ITA - Serie A,36.2,45.0,51.3,26.1
Dominik Kohr,D. Kohr,1. FSV Mainz 05,Central Defender,GER - Bundesliga,90.3,39.0,26.9,72.9
Florian Lejeune,F. Lejeune,Rayo Vallecano,Central Defender,ESP - LaLiga,41.6,67.7,65.1,41.5
Florian Thauvin,F. Thauvin,RC Lens,Midfield,FRA - Ligue 1,55.0,67.0,58.0,76.2
Francesco Acerbi,F. Acerbi,Inter Milan,Central Defender,ITA - Serie A,17.9,23.6,57.6,65.8
Gautier Lloris,G. Lloris,Le Havre AC,Central Defender,FRA - Ligue 1,17.3,31.9,76.1,70.5
Gerard Moreno Balaguero ,Gerard Moreno,Villarreal CF,Center Forward,ESP - LaLiga,0.4,31.4,51.1,73.0
Giuseppe Pezzella,G. Pezzella,US Cremonese,Full Back,ITA - Serie A,56.8,83.4,59.4,55.6
Gonçalo Manuel Ganchinho Guedes,Gonçalo Guedes,Real Sociedad,Wide Attacker,ESP - LaLiga,55.4,55.1,65.9,51.4
Granit Xhaka,G. Xhaka,Sunderland,Midfield,ENG - Premier League,44.5,36.3,14.5,39.9
Granit Xhaka,G. Xhaka,Sunderland,Midfield,ENG - Premier League,63.0,34.5,36.5,51.6
Grant Hanley,G. Hanley,Hibernian,Central Defender,SCO - Premiership,18.3,21.0,33.0,19.6
Greg Docherty,G. Docherty,Charlton Athletic,Midfield,ENG - Championship,81.2,66.6,54.3,57.3
Hakan Çalhanoğlu,H. Çalhanoğlu,Inter Milan,Midfield,ITA - Serie A,48.9,31.3,42.3,84.4
Haris Tabaković,H. Tabaković,Borussia Mönchengladbach,Center Forward,GER - Bundesliga,81.7,45.8,48.1,81.1
Harry Kane,H. Kane,FC Bayern Munchen,Center Forward,GER - Bundesliga,5.1,15.8,9.0,67.5
Héctor Bellerín Moruno,Héctor Bellerín,Real Betis Balompié,Full Back,ESP - LaLiga,32.9,49.8,48.6,45.4
Henrikh Hamlet Mkhitaryan,H. Hamlet Mkhitaryan,Inter Milan,Midfield,ITA - Serie A,86.2,78.7,66.2,88.9
Jack Grealish,J. Grealish,Everton,Wide Attacker,ENG - Premier League,20.3,44.6,29.6,7.2
Jakub Piotrowski,J. Piotrowski,Udinese,Midfield,ITA - Serie A,73.1,74.7,88.8,85.3
James Collins,J. Collins,Lincoln City FC,Center Forward,ENG - League One,12.2,29.5,59.5,72.5
James McClean,J. McClean,Wrexham FC,Full Back,ENG - Championship,9.8,3.8,46.5,94.1
Jamie Vardy,J. Vardy,US Cremonese,Center Forward,ITA - Serie A,77.6,60.7,33.7,23.0
Jannik Vestergaard,J. Vestergaard,Leicester City,Central Defender,ENG - Championship,7.2,28.3,9.8,1.8
Jean-Luc Mamadou Diarra Dompé ,J. Dompé,Hamburger SV,Wide Attacker,GER - Bundesliga,54.9,47.7,3.6,1.6
Jean-Philippe Gbamin,J. Gbamin,FC Metz,Central Defender,FRA - Ligue 1,46.3,43.4,66.8,35.1
Jeremy Loteteka Bokila,J. Bokila,Livingston FC,Center Forward,SCO - Premiership,54.2,23.8,18.3,34.2
Jeremy Toljan,J. Toljan,Levante UD,Full Back,ESP - LaLiga,86.9,62.1,59.8,21.6
Joachim Christian Andersen,J. Andersen,Fulham,Central Defender,ENG - Premier League,9.1,21.0,48.9,64.4
Johan Andrés Mojica Palacio,J. Mojica,RCD Mallorca,Full Back,ESP - LaLiga,81.6,65.4,37.4,4.3
John McGinn,J. McGinn,Aston Villa,Wide Attacker,ENG - Premier League,24.6,23.1,20.7,24.4
John Souttar,J. Souttar,Rangers,Central Defender,SCO - Premiership,60.5,30.0,22.7,16.5
Jordan Ayew,J. Ayew,Leicester City,Center Forward,ENG - Championship,35.2,51.3,70.2,76.3
Jordan Henderson,J. Henderson,Brentford FC,Midfield,ENG - Premier League,51.3,39.3,51.8,62.2
Jordan Roberts,J. Roberts,Stevenage FC,Wide Attacker,ENG - League One,66.6,58.4,52.1,36.4
José Luis Gayá Peña,José Gayá,Valencia CF,Full Back,ESP - LaLiga,58.8,64.4,32.9,12.8
José Salomón Rondón Giménez,S. Rondón,Real Oviedo,Center Forward,ESP - LaLiga,25.7,34.9,25.2,16.7
Josh Magennis,J. Magennis,Exeter City FC,Center Forward,ENG - League One,18.2,44.9,12.0,15.6
Joshua Kimmich,J. Kimmich,FC Bayern Munchen,Midfield,GER - Bundesliga,32.0,42.3,34.9,78.4
Josh McEachran,J. McEachran,Bristol Rovers FC,Midfield,ENG - League Two,8.7,20.3,6.2,0.6
Julian Brandt,J. Brandt,Borussia Dortmund,Midfield,GER - Bundesliga,74.6,31.5,56.2,52.7
Kenny Lala,K. Lala,Stade Brestois 29,Full Back,FRA - Ligue 1,57.9,80.9,51.1,26.8
Kenny McLean,K. McLean,Norwich City,Midfield,ENG - Championship,58.6,15.6,42.5,8.8
Kenny Tete,K. Tete,Fulham,Full Back,ENG - Premier League,21.7,52.0,39.5,14.7
Kevin Diks,K. Diks,Borussia Mönchengladbach,Central Defender,GER - Bundesliga,28.4,42.3,67.9,67.3
Kieran Tierney,K. Tierney,Celtic FC,Full Back,SCO - Premiership,25.4,58.7,39.1,53.4
Kieran Trippier,K. Trippier,Newcastle United,Full Back,ENG - Premier League,28.3,11.6,30.2,40.7
Jorge Resurrección Merodio,Koke,Atlético Madrid,Midfield,ESP - LaLiga,0.2,31.0,44.9,94.2
Kyle Walker,K. Walker,Burnley,Full Back,ENG - Premier League,97.0,62.1,44.9,11.6
Kyle Walker,K. Walker,Burnley,Full Back,ENG - Premier League,91.2,46.3,72.0,17.2
Kylian Mbappé Lottin,K. Mbappé,Real Madrid CF,Center Forward,ESP - LaLiga,99.2,94.2,43.8,0.4
Lawrence Shankland,L. Shankland,Heart of Midlothian,Center Forward,SCO - Premiership,23.0,12.2,57.5,68.1
Leandro Trossard,L. Trossard,Arsenal Football Club,Wide Attacker,ENG - Premier League,31.2,28.6,39.3,49.4
Leon  Goretzka,L. Goretzka,FC Bayern Munchen,Midfield,GER - Bundesliga,77.2,53.5,14.0,29.6
Liam Lindsay,L. Lindsay,Preston North End,Central Defender,ENG - Championship,23.0,21.3,55.2,36.6
Lucas Digne,L. Digne,Aston Villa,Full Back,ENG - Premier League,11.1,44.2,64.7,46.7
Lucas François Bernard Hernández Pi,L. Hernández,Paris Saint-Germain,Full Back,FRA - Ligue 1,50.3,52.4,64.0,31.6
Luka Modrić,L. Modrić,Milan,Midfield,ITA - Serie A,24.9,66.5,34.1,19.5
Luke Shaw,L. Shaw,Manchester United,Central Defender,ENG - Premier League,82.2,67.0,80.8,56.5
Manuel Akanji,M. Akanji,Inter Milan,Central Defender,ITA - Serie A,95.5,66.8,31.2,14.5
Manuel Akanji,M. Akanji,Inter Milan,Central Defender,ITA - Serie A,65.9,66.6,39.3,38.1
Marc Bartra Aregall,Marc Bartra,Real Betis Balompié,Central Defender,ESP - LaLiga,47.2,51.0,87.1,29.3
Marc-Oliver Kempf,M. Kempf,Como 1907,Central Defender,ITA - Serie A,66.1,70.2,28.2,50.2
Marcos  Alonso Mendoza,Marcos Alonso,RC Celta de Vigo,Central Defender,ESP - LaLiga,29.1,21.9,84.8,81.1
Marcus Fraser,M. Fraser,St. Mirren,Central Defender,SCO - Premiership,35.8,51.1,55.7,83.1
Marcus Rashford,M. Rashford,FC Barcelona,Wide Attacker,ESP - LaLiga,89.5,58.4,20.6,15.5
Mark  O'Hara,M. O'Hara,St. Mirren,Midfield,SCO - Premiership,20.9,27.4,21.3,52.7
Marten de Roon,M. de Roon,Atalanta,Midfield,ITA - Serie A,56.1,47.8,57.0,61.9
Martin Boyle,M. Boyle,Hibernian,Center Forward,SCO - Premiership,93.5,92.2,76.1,53.0
Marvin Ducksch,M. Ducksch,Birmingham City,Center Forward,ENG - Championship,1.1,24.3,27.9,54.1
Matt Grimes,M. Grimes,Coventry City Football Club,Midfield,ENG - Championship,47.9,49.1,17.4,26.6
Matt Grimes,M. Grimes,Coventry City Football Club,Midfield,ENG - Championship,22.0,27.9,28.8,28.6
Matt Targett,M. Targett,Middlesbrough,Full Back,ENG - Championship,4.1,14.7,1.0,7.7
Matteo Bianchetti,M. Bianchetti,US Cremonese,Central Defender,ITA - Serie A,10.0,17.8,92.2,82.8
Matty James,M. James,Wrexham FC,Midfield,ENG - Championship,22.0,25.0,16.8,39.5
Matthew Pennington,M. Pennington,Bradford City AFC,Central Defender,ENG - League One,6.9,68.0,90.2,99.6
Matthias Ginter,M. Ginter,SC Freiburg,Central Defender,GER - Bundesliga,16.2,28.0,18.0,34.3
Mauro Wilney Arambarri Rosa,M. Arambarri,Getafe CF,Midfield,ESP - LaLiga,59.7,54.8,80.4,29.3
Maximilian Arnold,M. Arnold,VfL Wolfsburg,Midfield,GER - Bundesliga,33.8,29.4,7.2,35.3
Maximilian Arnold,M. Arnold,VfL Wolfsburg,Midfield,GER - Bundesliga,13.0,31.9,2.0,35.3
Maximilian Eggestein,M. Eggestein,SC Freiburg,Midfield,GER - Bundesliga,15.5,41.8,57.4,65.3
Maximilian Mittelstädt,M. Mittelstädt,VfB Stuttgart,Full Back,GER - Bundesliga,27.2,42.3,23.4,55.1
Michael Keane,M. Keane,Everton,Central Defender,ENG - Premier League,35.0,61.5,15.6,18.0
Michał Helik,M. Helik,Oxford United,Central Defender,ENG - Championship,36.5,58.2,56.6,25.1
Mikel Oyarzabal Ugarte,Mikel Oyarzabal,Real Sociedad,Center Forward,ESP - LaLiga,48.6,53.2,88.0,47.0
Mohamed Salah Ghaly,Mohamed Salah,Liverpool Football Club,Wide Attacker,ENG - Premier League,89.9,57.4,28.5,14.8
Moses Daddy Simon,M. Simon,Paris FC,Wide Attacker,FRA - Ligue 1,52.5,41.7,27.9,13.6
Nadiem Amiri,N. Amiri,1. FSV Mainz 05,Midfield,GER - Bundesliga,78.8,39.1,22.3,38.7
Nemanja Gudelj,N. Gudelj,Sevilla FC,Central Defender,ESP - LaLiga,92.0,34.1,50.4,20.7
Nemanja Matić,N. Matić,Sassuolo,Midfield,ITA - Serie A,21.1,28.1,35.0,21.3
Nico Elvedi,N. Elvedi,Borussia Mönchengladbach,Central Defender,GER - Bundesliga,70.7,41.5,51.9,41.1
Nicolò Barella,N. Barella,Inter Milan,Midfield,ITA - Serie A,63.0,38.9,64.6,86.9
Olivier Giroud,O. Giroud,LOSC Lille,Center Forward,FRA - Ligue 1,13.1,14.4,22.4,51.5
Pablo Marí Villar,Pablo Marí,Fiorentina,Central Defender,ITA - Serie A,29.3,28.6,35.3,6.4
Patrick Roberts,P. Roberts,Birmingham City,Wide Attacker,ENG - Championship,3.8,20.5,60.2,70.3
Paul McGinn,P. McGinn,Motherwell,Central Defender,SCO - Premiership,13.6,39.9,29.4,71.9
Paul McGinn,P. McGinn,Motherwell,Central Defender,SCO - Premiership,39.6,28.6,15.9,57.7
Pedro Bigas Rigo,Pedro Bigas,Elche CF,Central Defender,ESP - LaLiga,47.0,44.1,62.3,81.1
Pierre-Emerick Aubameyang,P. Aubameyang,Olympique de Marseille,Center Forward,FRA - Ligue 1,90.0,80.8,65.1,28.4
Pierre-Emile Højbjerg,P. Højbjerg,Olympique de Marseille,Midfield,FRA - Ligue 1,78.4,39.6,53.1,13.3
Przemysław Frankowski,P. Frankowski,Stade Rennais FC,Full Back,FRA - Ligue 1,54.6,31.7,60.6,88.5
Ramy Bensebaini,R. Bensebaini,Borussia Dortmund,Central Defender,GER - Bundesliga,54.5,38.4,54.5,62.1
Rani Khedira,R. Khedira,FC Union Berlin,Midfield,GER - Bundesliga,43.9,20.8,63.0,38.4
Raúl Alonso Jiménez Rodríguez,R. Jiménez,Fulham,Center Forward,ENG - Premier League,44.8,38.7,48.9,19.6
Remo Freuler,R. Freuler,Bologna,Midfield,ITA - Serie A,3.7,38.8,40.8,74.8
Ricardo Iván Rodríguez Araya,R. Rodríguez,Real Betis Balompié,Full Back,ESP - LaLiga,6.3,12.3,41.8,2.7
Robert Lewandowski,R. Lewandowski,FC Barcelona,Center Forward,ESP - LaLiga,28.7,24.0,43.6,11.7
Roberto Gagliardini,R. Gagliardini,Hellas Verona,Midfield,ITA - Serie A,13.0,27.6,50.8,63.2
Rodrigo Hernández Cascante,Rodri,Manchester City,Midfield,ENG - Premier League,30.7,35.6,38.9,84.3
Rolando Mandragora,R. Mandragora,Fiorentina,Midfield,ITA - Serie A,21.0,16.3,17.2,38.4
Ryan McGowan,R. McGowan,Livingston FC,Central Defender,SCO - Premiership,50.5,43.8,13.9,8.9
Serhou Guirassy,S. Guirassy,Borussia Dortmund,Center Forward,GER - Bundesliga,47.3,29.8,79.7,50.4
Serge  Gnabry,S. Gnabry,FC Bayern Munchen,Midfield,GER - Bundesliga,65.9,54.0,74.7,84.1
Sergi Darder Moll,Sergi Darder,RCD Mallorca,Midfield,ESP - LaLiga,28.5,28.2,58.3,22.7
Simon Murray,S. Murray,Dundee FC,Center Forward,SCO - Premiership,59.0,35.5,82.9,73.4
Stefan Bell,S. Bell,1. FSV Mainz 05,Central Defender,GER - Bundesliga,3.4,15.3,35.7,60.3
Stephen Kingsley,S. Kingsley,Heart of Midlothian,Full Back,SCO - Premiership,1.4,11.3,57.1,37.0
Steve Cook,S. Cook,Queens Park Rangers,Central Defender,ENG - Championship,26.5,36.1,13.4,20.9
Stevie May,S. May,Livingston FC,Wide Attacker,SCO - Premiership,65.7,10.5,53.0,98.2
Stuart Findlay,S. Findlay,Heart of Midlothian,Central Defender,SCO - Premiership,62.9,54.1,41.7,2.5
Thomas Meunier,T. Meunier,LOSC Lille,Full Back,FRA - Ligue 1,52.4,28.4,62.6,96.8
Valentin Rongier,V. Rongier,Stade Rennais FC,Midfield,FRA - Ligue 1,13.3,33.2,66.9,91.6
Vincenzo Grifo,V. Grifo,SC Freiburg,Wide Attacker,GER - Bundesliga,14.4,24.8,27.5,91.8
Virgil van Dijk,V. van Dijk,Liverpool Football Club,Central Defender,ENG - Premier League,87.3,83.0,17.5,3.4
Waldemar Anton,W. Anton,Borussia Dortmund,Central Defender,GER - Bundesliga,43.6,53.6,95.7,98.4
Wesley Saïd,W. Saïd,RC Lens,Midfield,FRA - Ligue 1,72.9,76.8,27.0,22.0
Willi Orbán,W. Orbán,RB Leipzig,Central Defender,GER - Bundesliga,27.5,74.1,72.3,71.3
Youssef El-Arabi,Y. El-Arabi,FC Nantes,Center Forward,FRA - Ligue 1,23.8,24.1,67.9,70.7
Yuri Berchiche Izeta,Yuri Berchiche,Athletic Club de Bilbao,Full Back,ESP - LaLiga,64.2,58.4,70.5,24.6
Malang Sarr,M. Sarr,RC Lens,Central Defender,FRA - Ligue 1,61.2,74.2,76.4,58.5
Maxime López,M. López,Paris FC,Midfield,FRA - Ligue 1,24.5,35.6,67.0,74.5
Stanislav Lobotka,S. Lobotka,Napoli,Midfield,ITA - Serie A,5.9,48.6,48.9,75.4
Moussa Niakhaté,M. Niakhaté,Olympique Lyonnais,Central Defender,FRA - Ligue 1,22.1,33.7,38.0,42.3
Marcus Thuram-Ulien,M. Thuram,Inter Milan,Center Forward,ITA - Serie A,57.4,40.9,60.0,50.0
Ismaïla Sarr,I. Sarr,Crystal Palace,Midfield,ENG - Premier League,98.5,85.8,57.6,73.5
Weston  McKennie,W. McKennie,Juventus,Full Back,ITA - Serie A,8.9,14.5,71.5,99.4
Thilo Kehrer,T. Kehrer,AS Monaco,Central Defender,FRA - Ligue 1,40.5,28.4,58.1,36.4
Giovanni Pablo Simeone,G. Simeone,Torino,Center Forward,ITA - Serie A,37.4,37.6,37.7,64.9
Duje Ćaleta-Car,D. Ćaleta-Car,Real Sociedad,Central Defender,ESP - LaLiga,82.7,51.2,57.4,30.8
Boubacar Kamara,B. Kamara,Aston Villa,Midfield,ENG - Premier League,62.9,31.1,50.1,55.3
Alex Gogić ,A. Gogić,St. Mirren,Central Defender,SCO - Premiership,43.1,34.2,48.2,83.2
James  Tavernier,J. Tavernier,Rangers,Full Back,SCO - Premiership,11.3,42.6,11.9,53.7
Ross McCrorie,R. McCrorie,Bristol City,Full Back,ENG - Championship,74.4,52.9,92.2,95.7
Declan John,D. John,St. Mirren,Full Back,SCO - Premiership,31.0,81.5,42.4,88.7
Philipp Lienhart,P. Lienhart,SC Freiburg,Central Defender,GER - Bundesliga,23.5,41.8,68.0,86.0
Christian Günter,C. Günter,SC Freiburg,Full Back,GER - Bundesliga,72.0,22.7,20.3,52.6
Ruben Aguilar,R. Aguilar,RC Lens,Full Back,FRA - Ligue 1,18.8,42.0,97.2,99.0
Nordi Mukiele Mulere,N. Mukiele,Sunderland,Full Back,ENG - Premier League,40.6,32.1,33.1,19.1
Nordi Mukiele Mulere,N. Mukiele,Sunderland,Central Defender,ENG - Premier League,84.8,79.6,76.9,62.2
Carlos Soler Barragán,Carlos Soler,Real Sociedad,Midfield,ESP - LaLiga,44.6,32.3,76.0,88.6
Kelvin Amian Adou,K. Amian,FC Nantes,Full Back,FRA - Ligue 1,44.3,35.7,42.2,47.0
Mattéo Guendouzi Olié,M. Guendouzi,Lazio,Midfield,ITA - Serie A,44.1,37.9,62.9,47.4
Pablo Carmine Maffeo Becerra,Pablo Maffeo,RCD Mallorca,Full Back,ESP - LaLiga,54.4,17.8,35.2,0.7
Davis Keillor-Dunn,D. Keillor-Dunn,Barnsley FC,Center Forward,ENG - League One,12.7,38.0,76.4,98.1
Jessy Deminguet,J. Deminguet,FC Metz,Midfield,FRA - Ligue 1,20.8,40.8,73.9,92.4
Adrien  Tamèze,A. Tamèze,Torino,Central Defender,ITA - Serie A,93.1,76.7,90.3,98.0
Dayot Upamecano,D. Upamecano,FC Bayern Munchen,Central Defender,GER - Bundesliga,87.9,70.4,67.2,97.1
Marcel Sabitzer,M. Sabitzer,Borussia Dortmund,Midfield,GER - Bundesliga,59.7,59.1,35.6,77.8
Ainsley Maitland-Niles,A. Maitland-Niles,Olympique Lyonnais,Full Back,FRA - Ligue 1,59.0,54.7,58.3,23.2
Patrick Cutrone,P. Cutrone,Parma,Center Forward,ITA - Serie A,6.8,19.5,75.0,89.4
Guillermo Alfonso Maripán Loaysa,G. Maripán,Torino,Central Defender,ITA - Serie A,60.4,42.8,55.2,32.4
Lewis Dunk,L. Dunk,Brighton and Hove Albion,Central Defender,ENG - Premier League,82.6,43.2,41.5,37.2
Matthijs de Ligt,M. de Ligt,Manchester United,Central Defender,ENG - Premier League,85.6,45.5,43.5,5.4
Justin Kluivert,J. Kluivert,Bournemouth,Midfield,ENG - Premier League,97.6,94.8,66.2,49.0
Phil Foden,P. Foden,Manchester City,Midfield,ENG - Premier League,91.8,62.5,64.8,95.2
Ben Chilwell,B. Chilwell,RC Strasbourg Alsace,Full Back,FRA - Ligue 1,81.4,26.7,58.7,53.5
Diego Rico Salguero,Diego Rico,Getafe CF,Full Back,ESP - LaLiga,33.7,51.9,27.8,8.9
Marcos Llorente Moreno,Marcos Llorente,Atlético Madrid,Full Back,ESP - LaLiga,89.5,75.7,68.6,23.0
Mario Hermoso Canseco,Mario Hermoso,Roma,Central Defender,ITA - Serie A,38.5,47.5,86.0,84.2
Nicolas Cozza,N. Cozza,FC Nantes,Full Back,FRA - Ligue 1,2.9,17.4,61.1,85.7
Gianluca Mancini,G. Mancini,Roma,Central Defender,ITA - Serie A,40.6,39.2,48.2,42.5
Gianluca Mancini,G. Mancini,Roma,Central Defender,ITA - Serie A,29.4,54.3,91.9,95.5
Jules Koundé,J. Koundé,FC Barcelona,Full Back,ESP - LaLiga,67.5,79.0,66.3,59.8
Ethan Ampadu,E. Ampadu,Leeds United,Midfield,ENG - Premier League,85.7,38.7,32.4,53.7
Emerson Palmieri dos Santos,Emerson Palmieri,Olympique de Marseille,Full Back,FRA - Ligue 1,18.2,32.9,44.4,42.0
Max Clark,M. Clark,Gillingham FC,Full Back,ENG - League Two,13.6,27.1,22.8,20.6
Harry Wilson,H. Wilson,Fulham,Wide Attacker,ENG - Premier League,62.6,49.2,16.0,53.9
Scott McTominay,S. McTominay,Napoli,Midfield,ITA - Serie A,53.5,48.2,32.7,72.3
Romain Perraud,R. Perraud,LOSC Lille,Full Back,FRA - Ligue 1,57.7,43.4,94.0,90.2
Oumar Solet Bomawoko,O. Solet,Udinese,Central Defender,ITA - Serie A,72.1,80.2,88.9,52.6
Unai Núñez Gestoso,Unai Núñez,Hellas Verona,Central Defender,ITA - Serie A,10.1,42.8,75.1,58.3
Sam Clucas,S. Clucas,Shrewsbury Town,Full Back,ENG - League Two,16.9,10.4,10.3,52.9
Konrad Laimer,K. Laimer,FC Bayern Munchen,Full Back,GER - Bundesliga,40.4,30.7,67.9,72.9
Bernardo Fernandes da Silva Junior,Bernardo,TSG 1899 Hoffenheim,Full Back,GER - Bundesliga,6.8,20.0,47.0,45.0
Dominic Calvert-Lewin,D. Calvert-Lewin,Leeds United,Center Forward,ENG - Premier League,37.1,40.2,88.6,80.4
Juan Guilherme Nunes Jesus,Juan Jesus,Napoli,Central Defender,ITA - Serie A,69.0,34.4,61.1,67.4
Patrik Schick,P. Schick,Bayer 04 Leverkusen,Center Forward,GER - Bundesliga,11.8,28.8,16.8,63.4
Jean-Victor Makengo,J. Makengo,FC Lorient,Midfield,FRA - Ligue 1,37.1,50.6,64.3,45.8
Hee-Chan Hwang,Hwang Hee-Chan,Wolverhampton Wanderers,Center Forward,ENG - Premier League,40.7,50.4,68.7,75.9
Marin Pongračić,M. Pongračić,Fiorentina,Central Defender,ITA - Serie A,70.0,58.9,83.7,87.6
Marin Pongračić,M. Pongračić,Fiorentina,Central Defender,ITA - Serie A,83.3,71.3,83.0,80.4
Rúben  Santos Gato Alves Dias,Rúben Dias,Manchester City,Central Defender,ENG - Premier League,72.5,37.1,61.0,88.1
Temitayo Olufisayo Temitayo Aina,O. Aina,Nottingham Forest,Full Back,ENG - Premier League,93.1,95.1,32.1,5.7
Nikola Milenković,N. Milenković,Nottingham Forest,Central Defender,ENG - Premier League,68.5,57.8,49.6,13.4
Nicolás Tagliafico,N. Tagliafico,Olympique Lyonnais,Full Back,FRA - Ligue 1,3.4,21.8,69.7,27.8
Kristoffer Vassbakk Ajer,K. Ajer,Brentford FC,Central Defender,ENG - Premier League,62.9,45.7,38.8,64.3
Alexander Sørloth,A. Sørloth,Atlético Madrid,Center Forward,ESP - LaLiga,71.3,51.3,49.7,45.8
Sander Gard Bolin Berge,S. Berge,Fulham,Midfield,ENG - Premier League,39.0,47.2,69.3,52.4
Yerry Fernando Mina González,Y. Mina,Cagliari,Central Defender,ITA - Serie A,1.0,25.4,14.3,3.0
Idrissa Gana Gueye,I. Gueye,Everton,Midfield,ENG - Premier League,52.2,37.9,67.6,22.6
George Johnston,G. Johnston,Bolton Wanderers,Central Defender,ENG - League One,27.4,50.7,50.2,66.1
Nat Phillips,N. Phillips,West Bromwich Albion,Central Defender,ENG - Championship,28.6,28.9,42.2,73.5
Herbie Kane,H. Kane,Huddersfield Town,Midfield,ENG - League One,6.9,44.5,12.1,22.5
Yan Dhanda,Y. Dhanda,Dundee FC,Midfield,SCO - Premiership,39.7,71.2,45.4,78.0
Liam Millar,L. Millar,Hull City,Wide Attacker,ENG - Championship,88.4,36.5,79.2,51.3
Reece James,R. James,Chelsea,Full Back,ENG - Premier League,84.7,66.0,40.2,4.4
Callum Hudson-Odoi,C. Hudson-Odoi,Nottingham Forest,Wide Attacker,ENG - Premier League,39.3,44.3,20.5,25.7
George McEachran,G. McEachran,Grimsby Town FC,Midfield,ENG - League Two,64.8,55.9,50.3,17.5
José Diogo Dalot Teixeira,Diogo Dalot,Manchester United,Full Back,ENG - Premier League,37.9,64.1,31.4,35.3
Ricardo Domingos Barbosa Pereira,Ricardo Pereira,Leicester City,Full Back,ENG - Championship,13.0,20.3,21.0,22.0
Hamza Choudhury,H. Choudhury,Leicester City,Full Back,ENG - Championship,36.1,36.9,12.6,14.1
Ibrahim Sangaré,I. Sangaré,Nottingham Forest,Midfield,ENG - Premier League,67.3,79.6,67.9,45.2
Jamie Sterry,J. Sterry,Doncaster Rovers FC,Full Back,ENG - League One,45.9,71.8,24.1,6.5
Juan Marcos Foyth,J. Foyth,Villarreal CF,Central Defender,ESP - LaLiga,24.7,56.6,39.1,34.4
Kyle Leonardus Walker-Peters,K. Walker-Peters,West Ham United,Full Back,ENG - Premier League,14.2,25.7,41.2,15.6
Morgan Gibbs-White,M. Gibbs-White,Nottingham Forest,Midfield,ENG - Premier League,78.8,82.3,79.2,53.7
Declan Rice,D. Rice,Arsenal Football Club,Midfield,ENG - Premier League,83.0,66.3,61.2,49.1
Konstantinos Mavropanos,K. Mavropanos,West Ham United,Central Defender,ENG - Premier League,76.2,62.9,36.8,2.6
Jean-Clair Todibo,J. Todibo,West Ham United,Central Defender,ENG - Premier League,97.7,79.2,67.8,10.9
Jordan Lefort,J. Lefort,Angers SCO,Central Defender,FRA - Ligue 1,26.6,39.3,75.0,66.9
Aurélien Tchouaméni,A. Tchouaméni,Real Madrid CF,Midfield,ESP - LaLiga,39.9,38.7,30.2,30.6
Toma Bašić,T. Bašić,Lazio,Midfield,ITA - Serie A,83.5,41.8,70.7,92.7
Youssouf Fofana,Y. Fofana,Milan,Midfield,ITA - Serie A,92.7,70.2,30.2,23.6
Ludovic Ajorque,L. Ajorque,Stade Brestois 29,Center Forward,FRA - Ligue 1,31.2,10.3,56.1,20.8
Jonathan Gradit,J. Gradit,RC Lens,Central Defender,FRA - Ligue 1,16.8,22.0,28.3,8.1
Sofiane Diop,S. Diop,OGC Nice,Midfield,FRA - Ligue 1,53.5,34.5,67.9,93.2
Jonathan Castro Otto,Jonny Otto,Deportivo Alavés,Full Back,ESP - LaLiga,12.0,15.5,62.5,32.0
Richarlison de Andrade,Richarlison,Tottenham Hotspur,Center Forward,ENG - Premier League,24.0,62.5,70.9,61.8
Antoine Bernede,A. Bernede,Hellas Verona,Midfield,ITA - Serie A,69.3,62.8,76.1,70.3
Federico Santiago Valverde Dipetta,F. Valverde,Real Madrid CF,Full Back,ESP - LaLiga,95.0,60.0,14.4,12.1
Cyrus Christie,C. Christie,Bolton Wanderers,Full Back,ENG - League One,32.3,28.7,9.0,32.4
Kouassi Ryan Sessegnon,R. Sessegnon,Fulham,Full Back,ENG - Premier League,57.3,38.6,87.2,77.2
Bobby Armani De Cordova-Reid,B. De Cordova-Reid,Leicester City,Midfield,ENG - Championship,55.4,27.0,50.8,87.6
Josh Murphy,J. Murphy,Portsmouth,Wide Attacker,ENG - Championship,89.4,81.7,16.7,23.6
Mehmet Zeki Çelik,Z. Çelik,Roma,Full Back,ITA - Serie A,61.5,69.5,81.3,94.0
Mahdi Camara,M. Camara,Stade Rennais FC,Midfield,FRA - Ligue 1,71.8,53.3,58.4,83.1
William Saliba,W. Saliba,Arsenal Football Club,Central Defender,ENG - Premier League,78.4,84.6,61.7,43.2
Aaron Wan-Bissaka,A. Wan-Bissaka,West Ham United,Full Back,ENG - Premier League,74.1,72.2,43.2,24.7
Georgiy  Tsitaishvili,G. Tsitaishvili,FC Metz,Wide Attacker,FRA - Ligue 1,84.9,62.9,66.1,59.8
Michel Aebischer,M. Aebischer,Pisa Sporting Club,Midfield,ITA - Serie A,53.9,59.7,14.0,29.3
Thibault De Smet,T. De Smet,Paris FC,Full Back,FRA - Ligue 1,17.5,13.5,71.9,67.1
Jonathan Christian David,J. David,Juventus,Center Forward,ITA - Serie A,23.7,36.9,85.0,98.7
Will Hughes,W. Hughes,Crystal Palace,Midfield,ENG - Premier League,9.7,26.2,71.3,68.7
Suliaman Borbor Kaikai,S. Kaikai,Cambridge United,Midfield,ENG - League Two,92.5,82.1,31.8,28.6
Suliaman Borbor Kaikai,S. Kaikai,Cambridge United,Wide Attacker,ENG - League Two,15.9,35.6,9.7,39.4
Sean Longstaff,S. Longstaff,Leeds United,Midfield,ENG - Premier League,66.8,19.3,41.2,84.7
Romain Del Castillo,R. Del Castillo,Stade Brestois 29,Wide Attacker,FRA - Ligue 1,18.2,12.3,58.7,47.4
Kadeem Harris, Kadeem Harris,Salford City FC,Full Back,ENG - League Two,89.3,84.1,44.7,10.9
Yann-Alexandre Gboho Gnantin,Y. Gboho,Toulouse FC,Wide Attacker,FRA - Ligue 1,15.1,54.7,74.5,76.0
Jonathan Tah,J. Tah,FC Bayern Munchen,Central Defender,GER - Bundesliga,69.5,61.2,61.9,94.0
Oliver Norwood,O. Norwood,Stockport County FC,Midfield,ENG - League One,2.2,32.5,5.2,20.1
Oliver Norwood,O. Norwood,Stockport County FC,Midfield,ENG - League One,2.4,33.0,5.4,23.8
George Saville,G. Saville,Luton Town,Midfield,ENG - League One,0.7,32.3,16.2,19.8
Karol Mets,K. Mets,FC St. Pauli,Central Defender,GER - Bundesliga,17.3,41.4,74.5,88.1
Dimitrios Giannoulis,D. Giannoulis,FC Augsburg,Full Back,GER - Bundesliga,95.5,76.3,72.6,68.3
James  Tarkowski,J. Tarkowski,Everton,Central Defender,ENG - Premier League,44.8,24.3,37.6,19.7
Ruslan Malinovskyi,R. Malinovskyi,Genoa,Midfield,ITA - Serie A,23.8,20.0,43.0,44.0
Viktor Tsygankov,V. Tsygankov,Girona FC,Wide Attacker,ESP - LaLiga,10.9,24.3,63.5,93.6
Martin Valjent,M. Valjent,RCD Mallorca,Central Defender,ESP - LaLiga,57.2,75.8,87.1,31.0
Chris Mepham,C. Mepham,West Bromwich Albion,Central Defender,ENG - Championship,36.6,27.9,47.5,58.7
Bryan Mbeumo,B. Mbeumo,Manchester United,Midfield,ENG - Premier League,98.8,98.0,88.5,24.2
Ryan Giles,R. Giles,Hull City,Full Back,ENG - Championship,90.4,69.1,36.0,15.7
Elliot Watt,E. Watt,Motherwell,Midfield,SCO - Premiership,2.6,17.0,35.5,81.6
Jack Stephens,J. Stephens,Southampton,Central Defender,ENG - Championship,62.9,64.3,36.9,19.4
Lautaro Javier Martínez,L. Martínez,Inter Milan,Center Forward,ITA - Serie A,15.4,34.7,70.9,51.6
Carles Aleñà Castillo,Carles Aleñà,Deportivo Alavés,Wide Attacker,ESP - LaLiga,2.6,11.2,74.9,86.3
Cody Gakpo,C. Gakpo,Liverpool Football Club,Wide Attacker,ENG - Premier League,52.3,62.0,31.4,27.6
Éder Gabriel Militão,Éder Militão,Real Madrid CF,Central Defender,ESP - LaLiga,98.7,85.3,41.7,15.8
Diogo Filipe Monteiro Pinto Leite,Diogo Leite,FC Union Berlin,Central Defender,GER - Bundesliga,14.4,37.7,94.3,99.3
Arnaut Danjuma Adam Groeneveld,A. Danjuma,Valencia CF,Wide Attacker,ESP - LaLiga,88.7,60.7,34.1,52.1
Wilson Isidor,W. Isidor,Sunderland,Center Forward,ENG - Premier League,89.9,73.9,52.3,52.9
Lucas Ariel Boyé,L. Boyé,Deportivo Alavés,Center Forward,ESP - LaLiga,18.7,50.3,89.6,54.7
Sergio Gómez Martín,Sergio Gómez,Real Sociedad,Full Back,ESP - LaLiga,62.7,83.8,68.1,29.0
Joelinton Cassio Apolinário de Lira,Joelinton,Newcastle United,Midfield,ENG - Premier League,70.3,66.3,41.6,37.9
Luca Pellegrini,L. Pellegrini,Lazio,Full Back,ITA - Serie A,94.9,29.6,18.2,17.6
Nicolò Zaniolo,N. Zaniolo,Udinese,Center Forward,ITA - Serie A,23.5,68.5,57.8,85.7
Ferrán Torres García,Ferrán Torres,FC Barcelona,Center Forward,ESP - LaLiga,51.7,80.1,26.7,10.8
Leonardo Spinazzola,L. Spinazzola,Napoli,Full Back,ITA - Serie A,79.7,65.7,35.0,72.2
Moise Bioty Kean,M. Kean,Fiorentina,Center Forward,ITA - Serie A,83.2,83.2,29.0,0.8
Obite Evan Ndicka,E. Ndicka,Roma,Central Defender,ITA - Serie A,94.5,68.3,55.8,38.1
Lucas Torró Marset,Lucas Torró,CA Osasuna,Midfield,ESP - LaLiga,11.0,37.0,15.8,61.2
Vladimír Coufal,V. Coufal,TSG 1899 Hoffenheim,Full Back,GER - Bundesliga,40.7,36.1,78.9,97.2
Nayef Aguerd,N. Aguerd,Olympique de Marseille,Central Defender,FRA - Ligue 1,88.7,77.5,73.6,59.6
Hassane Kamara,H. Kamara,Udinese,Full Back,ITA - Serie A,72.4,89.0,77.3,56.2
Jaka Bijol,J. Bijol,Leeds United,Central Defender,ENG - Premier League,44.6,29.2,31.4,42.0
Nikola Vlašić,N. Vlašić,Torino,Midfield,ITA - Serie A,91.4,79.1,70.5,64.5
Rafael Alexandre Conceição Leão,Rafael Leão,Milan,Center Forward,ITA - Serie A,66.8,65.0,24.2,18.5
Gabriel dos Santos Magalhães,Gabriel Magalhaes,Arsenal Football Club,Central Defender,ENG - Premier League,57.2,56.4,65.3,39.6
Oliver Skipp,O. Skipp,Leicester City,Midfield,ENG - Championship,77.8,44.9,25.3,13.8
Fabián Ruiz Peña,Fabián Ruiz,Paris Saint-Germain,Midfield,FRA - Ligue 1,28.1,20.7,13.1,50.1
Loïc Nego,L. Nego,Le Havre AC,Full Back,FRA - Ligue 1,2.1,14.3,24.1,25.3
Fraser Horsfall,F. Horsfall,Blackpool,Central Defender,ENG - League One,1.4,25.8,3.4,8.5
Emile Smith Rowe,E. Smith Rowe,Fulham,Midfield,ENG - Premier League,59.0,46.6,60.0,60.1
Odsonne Édouard,O. Édouard,RC Lens,Center Forward,FRA - Ligue 1,61.6,31.6,43.5,52.6
Maxence Lacroix,M. Lacroix,Crystal Palace,Central Defender,ENG - Premier League,98.7,89.0,61.1,35.1
Ermedin Demirović,E. Demirović,VfB Stuttgart,Center Forward,GER - Bundesliga,14.8,25.6,27.4,47.1
Habib Mouhamadou Diallo,H. Diallo,FC Metz,Center Forward,FRA - Ligue 1,67.9,46.6,40.4,23.1
Gauthier Hein,G. Hein,FC Metz,Midfield,FRA - Ligue 1,69.6,60.9,27.4,42.2
John Egan,J. Egan,Hull City,Central Defender,ENG - Championship,35.5,22.1,33.4,7.0
Saša Lukić,S. Lukić,Fulham,Midfield,ENG - Premier League,56.2,76.7,80.7,71.5
Oliver McBurnie,O. McBurnie,Hull City,Center Forward,ENG - Championship,8.6,17.7,45.7,29.9
Laurent Abergel,L. Abergel,FC Lorient,Midfield,FRA - Ligue 1,15.0,40.1,43.4,40.0
Lucien Jefferson Agoumé,L. Agoumé,Sevilla FC,Midfield,ESP - LaLiga,6.5,34.9,31.7,9.9
Haris Belkebla,H. Belkebla,Angers SCO,Midfield,FRA - Ligue 1,4.7,36.7,68.7,92.6
Brendan Chardonnet,B. Chardonnet,Stade Brestois 29,Central Defender,FRA - Ligue 1,13.2,27.4,12.1,2.0
Boulaye Dia,B. Dia,Lazio,Center Forward,ITA - Serie A,41.9,33.1,46.2,92.9
Vitaliy Mykolenko,V. Mykolenko,Everton,Full Back,ENG - Premier League,39.9,58.9,83.0,59.2
Carlens Arcus,C. Arcus,Angers SCO,Full Back,FRA - Ligue 1,26.9,32.9,59.0,75.2
Pape Alassane Gueye,P. Gueye,Villarreal CF,Midfield,ESP - LaLiga,6.3,38.8,18.0,36.3
Joe Powell,J. Powell,Rotherham United,Midfield,ENG - League One,64.6,52.8,60.1,37.3
Conor Coventry,C. Coventry,Charlton Athletic,Midfield,ENG - Championship,12.2,16.9,59.3,69.1
Conor Coventry,C. Coventry,Charlton Athletic,Midfield,ENG - Championship,10.6,35.4,70.6,66.4
Han-Noah Massengo,H. Massengo,FC Augsburg,Midfield,GER - Bundesliga,67.5,92.1,52.0,57.0
Han-Noah Massengo,H. Massengo,FC Augsburg,Midfield,GER - Bundesliga,67.6,43.3,28.0,58.2
Juan Miranda González,Juan Miranda,Bologna,Full Back,ITA - Serie A,25.7,38.4,55.8,68.8
Japhet Tanganga,J. Tanganga,Sheffield United,Central Defender,ENG - Championship,9.4,28.3,36.6,15.6
Sebastiano Luperto,S. Luperto,Cagliari,Central Defender,ITA - Serie A,40.7,55.0,31.4,8.5
Ryan Gravenberch,R. Gravenberch,Liverpool Football Club,Midfield,ENG - Premier League,83.6,73.3,31.0,4.7
Jurgen Ekkelenkamp,J. Ekkelenkamp,Udinese,Midfield,ITA - Serie A,77.0,39.6,80.9,83.0
Sven Botman,S. Botman,Newcastle United,Central Defender,ENG - Premier League,64.2,20.7,36.2,68.9
Torbjørn Lysaker Heggem,T. Heggem,Bologna,Central Defender,ITA - Serie A,68.1,57.1,79.3,84.1
Torbjørn Lysaker Heggem,T. Heggem,Bologna,Central Defender,ITA - Serie A,56.3,26.7,70.8,80.2
Rasmus Nicolaisen,R. Nicolaisen,Toulouse FC,Central Defender,FRA - Ligue 1,41.3,45.2,66.5,82.0
Jens-Lys Michel Cajuste,J. Cajuste,Ipswich Town,Midfield,ENG - Championship,50.0,52.6,24.6,32.7
Nicolas Martin Hautorp Madsen,N. Madsen,Queens Park Rangers,Midfield,ENG - Championship,23.3,41.4,8.3,11.9
Nicolas Martin Hautorp Madsen,N. Madsen,Queens Park Rangers,Midfield,ENG - Championship,67.0,69.1,35.9,14.6
Lovro Majer,L. Majer,VfL Wolfsburg,Midfield,GER - Bundesliga,51.5,51.8,74.1,99.5
Amir Rrahmani,A. Rrahmani,Napoli,Central Defender,ITA - Serie A,13.1,33.3,48.2,74.2
Nikola Moro,N. Moro,Bologna,Midfield,ITA - Serie A,51.7,31.4,19.7,21.8
Dominik Szoboszlai,D. Szoboszlai,Liverpool Football Club,Midfield,ENG - Premier League,96.6,83.0,70.4,40.9
Romano Schmid,R. Schmid,SV Werder Bremen,Midfield,GER - Bundesliga,88.6,84.1,51.0,39.8
Lukas Fadinger,L. Fadinger,Motherwell,Midfield,SCO - Premiership,53.8,48.5,50.4,81.2
Robbie Deas,R. Deas,Kilmarnock,Central Defender,SCO - Premiership,13.4,35.5,77.4,51.8
Stephen Welsh,S. Welsh,Motherwell,Central Defender,SCO - Premiership,36.2,41.4,15.2,12.6
Mikey Johnston,M. Johnston,West Bromwich Albion,Wide Attacker,ENG - Championship,67.3,66.6,46.5,49.1
Mikey Johnston,M. Johnston,West Bromwich Albion,Wide Attacker,ENG - Championship,64.1,44.7,12.4,19.8
Ferdi Kadıoğlu,F. Kadıoğlu,Brighton and Hove Albion,Full Back,ENG - Premier League,81.9,78.1,59.7,55.9
Mousa Mohammad Suleiman Al Tamari,Mousa Al Tamari,Stade Rennais FC,Full Back,FRA - Ligue 1,97.2,81.3,82.8,32.9
Alejandro Moreno Lopera,Álex Moreno,Girona FC,Full Back,ESP - LaLiga,76.6,81.1,80.9,64.0
Santiago Comesaña Veiga,Santi Comesaña,Villarreal CF,Midfield,ESP - LaLiga,71.5,26.8,72.8,85.0
Gorka Guruzeta Rodríguez,Gorka Guruzeta,Athletic Club de Bilbao,Center Forward,ESP - LaLiga,3.9,13.4,76.9,67.5
Daniel Vivian Moreno,Dani Vivian,Athletic Club de Bilbao,Central Defender,ESP - LaLiga,75.8,68.3,84.4,67.0
Igor Zubeldía Elorza,Igor Zubeldía,Real Sociedad,Central Defender,ESP - LaLiga,6.4,34.1,48.0,49.5
Igor Zubeldía Elorza,Igor Zubeldía,Real Sociedad,Central Defender,ESP - LaLiga,48.0,78.0,65.8,62.6
Brais Méndez Portela,Brais Méndez,Real Sociedad,Midfield,ESP - LaLiga,16.0,31.8,35.9,37.0
Borja Iglesias Quintas,Borja Iglesias,RC Celta de Vigo,Center Forward,ESP - LaLiga,17.7,23.7,56.3,54.1
Marc Roca Junqué,Marc Roca,Real Betis Balompié,Midfield,ESP - LaLiga,13.6,28.6,14.8,43.1
Fernando Calero Villa,Fernando Calero,RCD Espanyol,Central Defender,ESP - LaLiga,39.9,35.9,65.5,63.4
Djené Dakonam Ortega,Djené,Getafe CF,Central Defender,ESP - LaLiga,47.3,69.4,51.9,12.6
Leandro Daniel Cabrera Sasía,L. Cabrera,RCD Espanyol,Central Defender,ESP - LaLiga,46.3,65.2,34.4,9.5
Hugo Duro Perales,Hugo Duro,Valencia CF,Center Forward,ESP - LaLiga,31.7,18.3,83.6,61.0
Enrique García Martínez,Kike García,RCD Espanyol,Center Forward,ESP - LaLiga,10.5,16.7,56.9,96.9
Marc Cucurella Saseta,Marc Cucurella,Chelsea,Full Back,ENG - Premier League,55.1,69.3,74.3,31.7
Pere Milla Peña,Pere Milla,RCD Espanyol,Wide Attacker,ESP - LaLiga,14.7,14.5,78.9,97.5
Aleix García Serrano,Aleix García,Bayer 04 Leverkusen,Midfield,GER - Bundesliga,55.1,47.8,34.3,63.4
Pedro Antonio Porro Sauceda,Pedro Porro,Tottenham Hotspur,Full Back,ENG - Premier League,76.9,89.8,75.9,26.0
Seung-Ho Paik,Paik Seung-Ho,Birmingham City,Midfield,ENG - Championship,35.2,23.7,25.6,21.8
Juan Camilo Hernández Suárez,C. Hernández,Real Betis Balompié,Center Forward,ESP - LaLiga,72.6,78.0,65.0,32.7
Yan Valery,Y. Valery,Sheffield Wednesday,Midfield,ENG - Championship,32.9,43.4,46.6,53.0
Josh Knight,J. Knight,Portsmouth,Central Defender,ENG - Championship,41.9,28.9,18.9,61.6
Dominic Iorfa,D. Iorfa,Sheffield Wednesday,Central Defender,ENG - Championship,72.8,63.1,26.2,32.9
Ben Wilmot,B. Wilmot,Stoke City,Central Defender,ENG - Championship,49.4,50.0,47.3,68.1
Viktor Gyökeres,V. Gyökeres,Arsenal Football Club,Center Forward,ENG - Premier League,86.9,72.9,94.5,69.5
Aaron Connolly,A. Connolly,Leyton Orient FC,Center Forward,ENG - League One,72.3,66.6,46.3,12.0
Jack Simpson,J. Simpson,Leyton Orient FC,Central Defender,ENG - League One,48.3,58.9,74.4,85.2
Nathan Nnamdi Ofoborh,N. Ofoborh,Barnet FC,Midfield,ENG - League Two,69.6,37.7,17.1,5.0
Riccardo Orsolini,R. Orsolini,Bologna,Wide Attacker,ITA - Serie A,32.0,39.9,47.5,42.6
Dávid Hancko,D. Hancko,Atlético Madrid,Central Defender,ESP - LaLiga,90.6,53.0,54.3,71.1
Pedro Lomba Neto,Pedro Neto,Chelsea,Wide Attacker,ENG - Premier League,89.7,72.5,47.2,28.0
Svante Ingelsson,S. Ingelsson,Sheffield Wednesday,Midfield,ENG - Championship,96.2,72.9,51.7,29.2
Alejandro Berenguer Remiro,Álex Berenguer,Athletic Club de Bilbao,Wide Attacker,ESP - LaLiga,43.0,26.9,66.2,64.3
Gleysson Bremer Silva Nascimento,Bremer,Juventus,Central Defender,ITA - Serie A,49.6,32.9,51.1,59.8
Giovanni Di Lorenzo,G. Di Lorenzo,Napoli,Full Back,ITA - Serie A,21.0,9.8,34.3,53.0
Cristian Gabriel Romero,C. Romero,Tottenham Hotspur,Central Defender,ENG - Premier League,82.0,45.3,44.3,2.7
Jens Odgaard,J. Odgaard,Bologna,Midfield,ITA - Serie A,45.9,68.4,49.2,22.4
Manuel Locatelli,M. Locatelli,Juventus,Midfield,ITA - Serie A,10.4,25.9,20.0,63.6
Andrea Pinamonti,A. Pinamonti,Sassuolo,Center Forward,ITA - Serie A,31.2,50.7,28.1,13.1
Mikael Egill Ellertsson,M. Ellertsson,Genoa,Midfield,ITA - Serie A,99.5,79.1,70.4,23.6
Georginio  Rutter,G. Rutter,Brighton and Hove Albion,Midfield,ENG - Premier League,96.1,71.6,44.8,38.7
Wesley Fofana,W. Fofana,Chelsea,Central Defender,ENG - Premier League,89.7,68.8,62.3,7.4
Ritsu Doan,R. Doan,Eintracht Frankfurt,Wide Attacker,GER - Bundesliga,5.7,55.5,60.8,72.8
Jeff Chabot,J. Chabot,VfB Stuttgart,Central Defender,GER - Bundesliga,13.0,10.1,38.8,60.7
Danilho Doekhi,D. Doekhi,FC Union Berlin,Central Defender,GER - Bundesliga,29.1,43.9,63.6,59.7
Wouter Burger,W. Burger,TSG 1899 Hoffenheim,Midfield,GER - Bundesliga,60.1,62.3,56.6,95.6
Gustavo Hamer,G. Hamer,Sheffield United,Wide Attacker,ENG - Championship,31.3,12.4,22.7,25.5
Gianluca Scamacca,G. Scamacca,Atalanta,Center Forward,ITA - Serie A,2.8,23.1,5.1,8.0
Zian Flemming,Z. Flemming,Burnley,Center Forward,ENG - Premier League,21.8,43.6,24.1,61.4
Sepp van den Berg,S. van den Berg,Brentford FC,Central Defender,ENG - Premier League,52.4,43.7,45.3,55.9
Albert-Mboyo Sambi Lokonga,A. Sambi Lokonga,Hamburger SV,Midfield,GER - Bundesliga,12.9,34.1,27.1,87.3
Alexis Saelemaekers,A. Saelemaekers,Milan,Full Back,ITA - Serie A,33.3,59.4,80.0,77.3
Mbwana Ally Samatta,M. Samatta,Le Havre AC,Center Forward,FRA - Ligue 1,35.5,25.7,54.6,51.5
Jhon Janer Lucumí Bonilla,J. Lucumí,Bologna,Central Defender,ITA - Serie A,85.0,67.0,53.4,13.8
Eric Smith,E. Smith,FC St. Pauli,Central Defender,GER - Bundesliga,57.7,28.5,54.8,79.4
Daichi Kamada,D. Kamada,Crystal Palace,Midfield,ENG - Premier League,54.6,27.7,69.9,53.8
Wout Faes,W. Faes,Leicester City,Central Defender,ENG - Championship,9.8,34.1,21.8,21.0
Montassar Talbi,M. Talbi,FC Lorient,Central Defender,FRA - Ligue 1,37.1,34.9,76.4,57.1
Vedat Muriqi,V. Muriqi,RCD Mallorca,Center Forward,ESP - LaLiga,13.2,40.4,20.3,21.3
Anastasios Douvikas,A. Douvikas,Como 1907,Center Forward,ITA - Serie A,59.9,84.9,55.9,37.1
Reinildo Isnard Mandava,Reinildo,Sunderland,Full Back,ENG - Premier League,76.1,40.9,14.8,1.1
Domilson Cordeiro dos Santos,Dodô,Fiorentina,Full Back,ITA - Serie A,86.2,89.3,50.2,31.6
Domilson Cordeiro dos Santos,Dodô,Fiorentina,Full Back,ITA - Serie A,87.5,97.8,73.1,37.8
Marcos do Nascimento Teixeira,Marcão,Sevilla FC,Central Defender,ESP - LaLiga,8.6,41.3,53.9,8.0
Ibrahima Konaté,I. Konaté,Liverpool Football Club,Central Defender,ENG - Premier League,96.8,95.7,65.3,9.4
Glenn Middleton,G. Middleton,Doncaster Rovers FC,Wide Attacker,ENG - League One,47.7,41.2,33.0,49.2
Jørgen Strand Larsen,J. Strand Larsen,Wolverhampton Wanderers,Center Forward,ENG - Premier League,80.1,34.1,34.9,22.5
Erling Braut Haaland,E. Haaland,Manchester City,Center Forward,ENG - Premier League,96.4,91.8,63.2,11.8
Morten Frendrup,M. Frendrup,Genoa,Midfield,ITA - Serie A,27.1,13.4,95.0,77.5
Victor Nelsson,V. Nelsson,Hellas Verona,Central Defender,ITA - Serie A,59.9,28.5,42.2,6.7
Mikkel Damsgaard,M. Damsgaard,Brentford FC,Midfield,ENG - Premier League,71.5,33.6,80.7,58.4
Martin Frese,M. Frese,Hellas Verona,Full Back,ITA - Serie A,48.7,43.3,49.3,81.1
Mohammed Kudus,M. Kudus,Tottenham Hotspur,Wide Attacker,ENG - Premier League,74.2,86.5,71.9,3.8
Jesper Karlström,J. Karlström,Udinese,Midfield,ITA - Serie A,41.0,78.7,67.3,67.5
Domagoj Bradarić,D. Bradarić,Hellas Verona,Full Back,ITA - Serie A,54.4,56.5,89.3,86.0
Ilmari Niskanen,I. Niskanen,Exeter City FC,Full Back,ENG - League One,90.6,57.5,72.2,96.1
Fraser Murray,F. Murray,Wigan Athletic,Full Back,ENG - League One,47.5,56.8,87.1,83.4
Dominic Ball,D. Ball,Cambridge United,Midfield,ENG - League Two,69.1,57.2,36.4,3.1
Dean Campbell,D. Campbell,Northampton Town FC,Midfield,ENG - League One,39.2,42.1,50.6,43.8
Bruce Anderson,B. Anderson,Kilmarnock,Center Forward,SCO - Premiership,52.1,53.3,55.2,56.1
Max Lowe,M. Lowe,Sheffield Wednesday,Central Defender,ENG - Championship,40.0,81.9,78.7,81.4
Miro Max Maria Muheim,M. Muheim,Hamburger SV,Full Back,GER - Bundesliga,26.1,37.4,46.8,66.7
Filip Krastev,F. Krastev,Oxford United,Wide Attacker,ENG - Championship,3.5,32.8,53.0,61.5
Valentino Lazaro,V. Lazaro,Torino,Full Back,ITA - Serie A,36.3,46.8,54.3,74.3
Valentino Lazaro,V. Lazaro,Torino,Full Back,ITA - Serie A,17.2,46.6,69.2,63.6
Derrick  Williams,D. Williams,Reading,Central Defender,ENG - League One,12.1,55.9,32.1,35.2
Joe Rodon,J. Rodon,Leeds United,Central Defender,ENG - Premier League,98.1,54.3,61.3,65.9
Ylber Ramadani,Y. Ramadani,Lecce,Midfield,ITA - Serie A,14.4,34.1,26.8,75.6
 Joshua Thomas Sargent,Josh Sargent,Norwich City,Center Forward,ENG - Championship,75.7,65.1,68.3,35.4
Haissem Hassan,H. Hassan,Real Oviedo,Wide Attacker,ESP - LaLiga,38.1,59.6,48.4,71.6
Matthieu Udol,M. Udol,RC Lens,Full Back,FRA - Ligue 1,80.5,79.7,80.7,90.6
Hugo Magnetti,H. Magnetti,Stade Brestois 29,Midfield,FRA - Ligue 1,1.5,41.9,50.4,39.8
Armand Laurienté,A. Laurienté,Sassuolo,Wide Attacker,ITA - Serie A,84.7,95.3,41.6,5.7
Billy Sharp,B. Sharp,Doncaster Rovers FC,Center Forward,ENG - League One,19.2,31.9,28.8,18.5
David McGoldrick,D. McGoldrick,Barnsley FC,Center Forward,ENG - League One,51.3,29.6,32.5,41.6
Rhys Norrington-Davies,R. Norrington-Davies,Queens Park Rangers,Full Back,ENG - Championship,87.4,83.3,66.6,49.2
Amari'i Bell,A. Bell,Charlton Athletic,Central Defender,ENG - Championship,77.6,80.2,86.0,33.2
Bradley Dack,B. Dack,Gillingham FC,Midfield,ENG - League Two,2.3,51.0,7.4,17.4
Ben Osborn,B. Osborn,Stockport County FC,Full Back,ENG - League One,45.0,45.0,38.1,81.3
Matty Cash,M. Cash,Aston Villa,Full Back,ENG - Premier League,63.2,34.5,66.9,25.8
Tendayi Darikwa,T. Darikwa,Lincoln City FC,Full Back,ENG - League One,55.4,47.3,66.1,32.1
Emiliano Buendía,E. Buendía,Aston Villa,Wide Attacker,ENG - Premier League,19.5,33.7,62.4,85.2
Todd Cantwell,T. Cantwell,Blackburn Rovers,Midfield,ENG - Championship,21.2,26.5,82.7,72.4
Josh Earl,J. Earl,Barnsley FC,Central Defender,ENG - League One,53.5,24.3,36.7,38.3
Ben Pearson,B. Pearson,Stoke City,Midfield,ENG - Championship,34.6,51.7,9.9,1.8
Jordan Storey,J. Storey,Preston North End,Central Defender,ENG - Championship,47.4,60.9,62.8,75.3
Andrew Hughes,A. Hughes,Preston North End,Central Defender,ENG - Championship,47.0,50.9,86.4,93.8
Ryan Ledson,R. Ledson,Huddersfield Town,Midfield,ENG - League One,17.1,37.2,12.4,3.8
Liam Palmer,L. Palmer,Sheffield Wednesday,Central Defender,ENG - Championship,42.0,32.8,40.9,67.3
Liam Palmer,L. Palmer,Sheffield Wednesday,Full Back,ENG - Championship,23.0,62.9,9.8,17.0
Morgan Fox,M. Fox,Wigan Athletic,Central Defender,ENG - League One,17.9,33.7,9.6,42.9
Jordan Thorniley,J. Thorniley,Northampton Town FC,Central Defender,ENG - League One,46.5,32.4,2.8,42.6
Tom Lees,T. Lees,Peterborough United,Central Defender,ENG - League One,9.3,17.9,16.9,37.1
Adam Reach,A. Reach,Lincoln City FC,Full Back,ENG - League One,75.1,33.3,77.2,84.9
Morgan Rogers,M. Rogers,Aston Villa,Midfield,ENG - Premier League,95.7,62.1,44.8,45.8
Morgan Rogers,M. Rogers,Aston Villa,Wide Attacker,ENG - Premier League,26.0,42.3,22.7,65.7
Ché Adams,C. Adams,Torino,Center Forward,ITA - Serie A,12.2,30.3,48.5,46.5
Dan Scarr,D. Scarr,Wrexham FC,Central Defender,ENG - Championship,7.1,32.7,45.6,23.3
Josh Dacres-Cogley,J. Dacres-Cogley,Bolton Wanderers,Full Back,ENG - League One,74.9,71.5,51.0,74.4
Michael Morrison,M. Morrison,Cambridge United,Central Defender,ENG - League Two,1.2,30.2,10.6,21.0
Charlie Lakin,C. Lakin,Walsall FC,Midfield,ENG - League Two,77.9,70.7,72.9,66.0
Nahki Wells,N. Wells,Luton Town,Center Forward,ENG - League One,54.9,54.2,72.5,73.0
Josh Tymon,J. Tymon,Swansea City,Full Back,ENG - Championship,68.9,58.8,62.3,23.5
Tyrese Campbell,T. Campbell,Sheffield United,Center Forward,ENG - Championship,93.3,95.0,33.4,5.1
Lasse Sørensen,L. Sørensen,Huddersfield Town,Full Back,ENG - League One,8.3,31.4,50.6,92.0
Ryan Woods,R. Woods,Oldham Athletic AFC,Midfield,ENG - League Two,26.0,39.3,24.3,25.2
Ryan Woods,R. Woods,Oldham Athletic AFC,Midfield,ENG - League Two,76.9,31.8,7.0,8.5
Zak Vyner,Z. Vyner,Bristol City,Central Defender,ENG - Championship,73.6,27.8,45.5,75.5
Oluwasemilogo Ibidapo Ajayi,S. Ajayi,Hull City,Central Defender,ENG - Championship,79.7,56.8,62.7,17.9
Ryan Manning,R. Manning,Southampton,Full Back,ENG - Championship,54.8,40.4,31.0,24.0
Michael Smith,M. Smith,Preston North End,Center Forward,ENG - Championship,28.7,23.7,33.4,41.2
Ben Wiles,B. Wiles,Huddersfield Town,Midfield,ENG - League One,98.1,97.3,51.9,24.6
Jake Cooper,J. Cooper,Millwall FC,Central Defender,ENG - Championship,10.7,44.1,27.3,37.5
Murray Wallace,M. Wallace,Huddersfield Town,Central Defender,ENG - League One,10.7,7.1,51.1,77.1
Ryan Leonard,R. Leonard,Millwall FC,Full Back,ENG - Championship,21.1,72.6,35.9,14.5
Jordan Obita,J. Obita,Hibernian,Full Back,SCO - Premiership,30.8,38.1,41.4,77.4
Liam Anthony Kelly,L. Kelly,Milton Keynes Dons,Midfield,ENG - League Two,40.3,29.5,64.4,61.7
Danny Namaso Loader Edi-Mesumbe,D. Namaso,AJ Auxerre,Wide Attacker,FRA - Ligue 1,52.3,29.9,34.9,50.5
Fikayo Tomori,F. Tomori,Milan,Central Defender,ITA - Serie A,90.2,79.1,84.6,46.4
Jack Marriott,J. Marriott,Reading,Center Forward,ENG - League One,68.1,54.8,23.7,50.5
George Evans,G. Evans,Burton Albion,Midfield,ENG - League One,41.3,31.8,15.0,8.0
Jayden Bogle,J. Bogle,Leeds United,Full Back,ENG - Premier League,63.8,25.3,71.1,57.9
Jayden Bogle,J. Bogle,Leeds United,Full Back,ENG - Premier League,38.3,18.3,54.4,84.7
Trevoh Chalobah,T. Chalobah,Chelsea,Central Defender,ENG - Premier League,53.9,70.5,67.3,20.9
Trevoh Chalobah,T. Chalobah,Chelsea,Central Defender,ENG - Premier League,54.8,54.8,53.4,21.4
Ellis Harrison,E. Harrison,Bristol Rovers FC,Center Forward,ENG - League Two,32.5,12.9,6.5,3.1
Edward James (Teddy) Bishop,E. Bishop,Colchester United FC,Midfield,ENG - League Two,8.8,58.6,20.0,26.1
Flynn Downes,F. Downes,Southampton,Midfield,ENG - Championship,92.7,43.9,71.5,84.6
Andre Dozzell,A. Dozzell,Portsmouth,Midfield,ENG - Championship,52.7,70.2,26.2,40.1
Andre Dozzell,A. Dozzell,Portsmouth,Midfield,ENG - Championship,52.2,55.4,14.5,38.9
Kal Naismith,K. Naismith,Luton Town,Central Defender,ENG - League One,18.2,47.7,30.8,32.7
Cédric Kipré,C. Kipré,Ipswich Town,Central Defender,ENG - Championship,72.6,47.0,13.6,28.3
Chey Dunkley,C. Dunkley,Chesterfield FC,Central Defender,ENG - League Two,30.1,26.6,16.5,5.4
Callum Connolly,C. Connolly,Stockport County FC,Central Defender,ENG - League One,14.8,45.3,21.1,69.2
Joe Gelhardt,J. Gelhardt,Hull City,Wide Attacker,ENG - Championship,43.1,16.5,10.9,33.0
Luke Ayling,L. Ayling,Middlesbrough,Central Defender,ENG - Championship,21.8,20.6,71.5,89.1
Sam Dalby,S. Dalby,Bolton Wanderers,Center Forward,ENG - League One,55.0,65.6,42.9,51.3
Jack Clarke,J. Clarke,Ipswich Town,Wide Attacker,ENG - Championship,53.8,48.0,65.4,42.6
Pascal Struijk,P. Struijk,Leeds United,Central Defender,ENG - Premier League,78.7,55.4,78.4,45.4
Jarrod Bowen,J. Bowen,West Ham United,Wide Attacker,ENG - Premier League,62.3,50.0,45.1,17.4
Robbie McKenzie,R. McKenzie,Gillingham FC,Midfield,ENG - League Two,89.8,60.3,31.5,6.7
George Byers,G. Byers,Port Vale FC,Midfield,ENG - League One,0.4,13.0,24.9,34.6
Aaron Lewis,A. Lewis,Mansfield Town FC,Midfield,ENG - League One,6.4,31.6,30.8,22.1
Courtney Baker-Richardson,C. Baker-Richardson,Newport County AFC,Center Forward,ENG - League Two,57.5,47.2,19.0,47.6
Joe Lewis,J. Lewis,AFC Wimbledon,Central Defender,ENG - League One,71.8,53.4,64.6,57.1
Jay Dasilva,J. Dasilva,Coventry City Football Club,Full Back,ENG - Championship,13.1,23.3,39.4,18.8
Lloyd Kelly,L. Kelly,Juventus,Central Defender,ITA - Serie A,93.2,89.5,92.2,81.4
Jordan Hugill,J. Hugill,Rotherham United,Center Forward,ENG - League One,11.9,11.7,15.3,1.8
Ashley Fletcher,A. Fletcher,Blackpool,Center Forward,ENG - League One,30.0,55.8,27.8,45.4
Aden Flint,A. Flint,Walsall FC,Central Defender,ENG - League Two,31.2,42.5,26.4,7.8
Nathan Wood-Gordon,N. Wood,Southampton,Central Defender,ENG - Championship,67.3,41.3,60.1,35.1
Lewis Wing,L. Wing,Reading,Midfield,ENG - League One,39.4,32.3,36.1,70.1
Lewis Wing,L. Wing,Reading,Midfield,ENG - League One,28.9,15.5,45.5,52.6
Diop Tehuti Djed-Hotep Spence,D. Spence,Tottenham Hotspur,Full Back,ENG - Premier League,98.6,96.8,60.1,13.1
Rico Henry,R. Henry,Brentford FC,Full Back,ENG - Premier League,67.4,59.6,60.2,36.1
Ollie Watkins,O. Watkins,Aston Villa,Center Forward,ENG - Premier League,71.3,71.6,44.6,30.6
Ezri Konsa Ngoyo,E. Konsa,Aston Villa,Central Defender,ENG - Premier League,90.7,60.4,25.8,24.2
Reece Cole,R. Cole,Exeter City FC,Midfield,ENG - League One,81.6,66.2,76.6,51.3
James Bree,J. Bree,Charlton Athletic,Full Back,ENG - Championship,42.7,46.8,50.6,50.5
Keinan Davis,K. Davis,Udinese,Center Forward,ITA - Serie A,66.6,90.2,53.1,11.2
Jake Doyle-Hayes,J. Doyle-Hayes,Exeter City FC,Midfield,ENG - League One,21.0,42.7,44.8,36.8
Harry McKirdy,H. McKirdy,Crawley Town FC,Center Forward,ENG - League Two,69.4,59.1,50.3,7.5
Matt Clarke,M. Clarke,Derby County FC,Central Defender,ENG - Championship,23.5,36.5,48.8,32.9
Tom Naylor,T. Naylor,Chesterfield FC,Midfield,ENG - League Two,46.3,44.7,24.0,14.7
Jamal Lowe,J. Lowe,Sheffield Wednesday,Center Forward,ENG - Championship,30.3,15.2,67.6,95.0
Alex Gilbey,A. Gilbey,Milton Keynes Dons,Midfield,ENG - League Two,95.4,86.7,48.8,21.9
Conor McGrandles,C. McGrandles,Lincoln City FC,Midfield,ENG - League One,29.7,45.7,83.3,45.1
Conor McGrandles,C. McGrandles,Lincoln City FC,Midfield,ENG - League One,28.9,44.3,52.5,55.6
Jordan Houghton,J. Houghton,Stevenage FC,Midfield,ENG - League One,42.5,29.7,9.1,0.5
Callum Brittain,C. Brittain,Middlesbrough,Full Back,ENG - Championship,49.8,90.8,48.0,55.7
Callum Brittain,C. Brittain,Middlesbrough,Full Back,ENG - Championship,51.9,81.5,48.1,76.6
Sam Nombe,S. Nombe,Rotherham United,Center Forward,ENG - League One,95.4,84.5,31.3,16.5
Federico Dimarco,F. Dimarco,Inter Milan,Full Back,ITA - Serie A,77.3,67.6,79.8,68.2
Francisco Sierralta Carvallo,F. Sierralta,AJ Auxerre,Central Defender,FRA - Ligue 1,37.0,51.7,38.8,6.6
Alessandro Bastoni,A. Bastoni,Inter Milan,Central Defender,ITA - Serie A,45.5,37.0,65.2,77.4
Lucas Höler,L. Höler,SC Freiburg,Center Forward,GER - Bundesliga,18.9,21.3,62.5,75.5
Lukas Kübler,L. Kübler,SC Freiburg,Full Back,GER - Bundesliga,33.4,16.4,31.6,52.8
Robin Koch,R. Koch,Eintracht Frankfurt,Central Defender,GER - Bundesliga,39.4,47.1,58.9,71.9
Keven Schlotterbeck,K. Schlotterbeck,FC Augsburg,Central Defender,GER - Bundesliga,22.1,34.2,41.5,41.1
Nicolás Iván González,N. González,Atlético Madrid,Wide Attacker,ESP - LaLiga,65.1,46.1,73.9,65.2
Jan-Niklas Beste,J. Beste,SC Freiburg,Wide Attacker,GER - Bundesliga,64.6,28.3,85.3,64.6
Jordan Torunarigha,J. Torunarigha,Hamburger SV,Central Defender,GER - Bundesliga,48.7,25.6,75.5,45.2
Keanan Bennetts,K. Bennetts,Notts County FC,Full Back,ENG - League Two,24.3,65.8,47.0,54.4
Aarón Martín Caricol,Aarón Martín,Genoa,Full Back,ITA - Serie A,2.1,12.8,44.6,58.6
Jean-Philippe Mateta,J. Mateta,Crystal Palace,Center Forward,ENG - Premier League,60.0,45.0,57.0,59.1
Philipp Mwene,P. Mwene,1. FSV Mainz 05,Full Back,GER - Bundesliga,37.8,26.7,36.2,91.0
Jonathan Burkardt,J. Burkardt,Eintracht Frankfurt,Center Forward,GER - Bundesliga,11.6,36.2,71.9,91.5
Ridle Bote Baku,R. Baku,RB Leipzig,Full Back,GER - Bundesliga,67.1,89.2,62.7,79.9
Jonathan Clauss,J. Clauss,OGC Nice,Full Back,FRA - Ligue 1,60.7,58.0,87.3,93.4
David Raum,D. Raum,RB Leipzig,Full Back,GER - Bundesliga,78.8,57.1,57.2,69.9
Vitaly Janelt,V. Janelt,Brentford FC,Midfield,ENG - Premier League,51.7,31.1,43.8,46.7
Julian Ryerson,J. Ryerson,Borussia Dortmund,Full Back,GER - Bundesliga,16.4,27.4,67.7,92.7
Christopher Trimmel,C. Trimmel,FC Union Berlin,Full Back,GER - Bundesliga,50.8,15.1,48.7,21.3
Yann Aurel Bisseck,Y. Bisseck,Inter Milan,Central Defender,ITA - Serie A,67.0,66.1,42.3,85.1
Jonas Föhrenbach,J. Föhrenbach,1. FC Heidenheim 1846,Full Back,GER - Bundesliga,36.7,45.2,60.8,66.6
Josha Mamadou Karaboue Vagnoman,J. Vagnoman,VfB Stuttgart,Full Back,GER - Bundesliga,85.6,43.7,44.8,95.0
Benedikt Gimber,B. Gimber,1. FC Heidenheim 1846,Central Defender,GER - Bundesliga,16.9,13.0,65.9,65.0
Phil Neumann,P. Neumann,Birmingham City,Central Defender,ENG - Championship,77.8,66.8,52.5,49.1
Philipp Sander,P. Sander,Borussia Mönchengladbach,Central Defender,GER - Bundesliga,19.3,23.0,78.1,85.3
Atakan Karazor,A. Karazor,VfB Stuttgart,Midfield,GER - Bundesliga,11.0,29.4,54.6,79.8
Hauke Wahl,H. Wahl,FC St. Pauli,Central Defender,GER - Bundesliga,21.3,36.5,79.0,95.1
Patrick Mainka,P. Mainka,1. FC Heidenheim 1846,Central Defender,GER - Bundesliga,11.6,16.4,51.8,78.2
Robert Andrich,R. Andrich,Bayer 04 Leverkusen,Central Defender,GER - Bundesliga,7.5,21.0,35.6,85.8
Ante Budimir,A. Budimir,CA Osasuna,Center Forward,ESP - LaLiga,29.5,37.7,70.4,21.9
Stefano Moreo,S. Moreo,Pisa Sporting Club,Center Forward,ITA - Serie A,20.8,26.5,57.3,88.9
Antonino Gallo,A. Gallo,Lecce,Full Back,ITA - Serie A,90.6,61.5,76.0,23.3
Antonio Caracciolo,A. Caracciolo,Pisa Sporting Club,Central Defender,ITA - Serie A,76.9,41.6,62.8,12.7
Santiago Colombatto,S. Colombatto,Real Oviedo,Midfield,ESP - LaLiga,2.4,29.1,24.5,72.4
Mattia Zaccagni,M. Zaccagni,Lazio,Wide Attacker,ITA - Serie A,56.2,48.8,74.6,13.8
Sandro Tonali,S. Tonali,Newcastle United,Midfield,ENG - Premier League,96.3,71.8,66.2,71.0
Luca Ranieri,L. Ranieri,Fiorentina,Central Defender,ITA - Serie A,63.8,62.6,74.4,75.5
Federico Bonazzoli,F. Bonazzoli,US Cremonese,Center Forward,ITA - Serie A,3.1,20.6,55.1,76.9
Alessandro Buongiorno,A. Buongiorno,Napoli,Central Defender,ITA - Serie A,24.6,44.8,76.9,73.2
Sebastian Walukiewicz,S. Walukiewicz,Sassuolo,Full Back,ITA - Serie A,33.5,73.9,60.5,33.5
Khéphren Thuram-Ulien,K. Thuram,Juventus,Midfield,ITA - Serie A,77.2,78.4,43.9,52.0
Bafodé Diakité,B. Diakité,Bournemouth,Central Defender,ENG - Premier League,77.4,76.8,23.1,26.3
Jordi Osei-Tutu,J. Osei-Tutu,Bolton Wanderers,Full Back,ENG - League One,73.5,85.7,47.4,46.9
Bukayo Saka,B. Saka,Arsenal Football Club,Wide Attacker,ENG - Premier League,25.7,41.0,21.3,37.9
Bukayo Saka,B. Saka,Arsenal Football Club,Wide Attacker,ENG - Premier League,32.5,35.9,26.1,43.1
Imran Louza,I. Louza,Watford,Midfield,ENG - Championship,8.9,38.3,55.1,61.9
Robin Aime Robert Robin Le Normand,Robin Le Normand,Atlético Madrid,Central Defender,ESP - LaLiga,46.2,69.8,33.9,29.3
James Garner,J. Garner,Everton,Midfield,ENG - Premier League,75.8,74.9,52.2,49.4
Mason Greenwood,M. Greenwood,Olympique de Marseille,Wide Attacker,FRA - Ligue 1,8.8,39.7,26.7,7.0
Felix Kalu Nmecha,F. Nmecha,Borussia Dortmund,Midfield,GER - Bundesliga,97.4,95.1,93.6,73.6
Max Kilman,M. Kilman,West Ham United,Central Defender,ENG - Premier League,60.2,37.4,7.7,4.3
Kayne Ramsay,K. Ramsay,Charlton Athletic,Central Defender,ENG - Championship,97.3,81.2,43.3,11.8
Bryan Gil Salvatierra,Bryan Gil,Girona FC,Wide Attacker,ESP - LaLiga,30.1,52.7,93.5,88.1
Max Sanders,M. Sanders,Crewe Alexandra FC,Midfield,ENG - League Two,46.1,31.1,23.2,40.1
Max Sanders,M. Sanders,Crewe Alexandra FC,Midfield,ENG - League Two,17.8,25.5,50.1,47.4
Iván Martín Núñez,Iván Martín,Girona FC,Midfield,ESP - LaLiga,69.2,28.4,85.9,79.2
Karlan Ahearne-Grant,K. Grant,West Bromwich Albion,Wide Attacker,ENG - Championship,86.7,52.5,63.9,81.9
Florentino Ibrain Morris Luís,Florentino,Burnley,Midfield,ENG - Premier League,7.3,25.8,86.5,98.0
Thierry Rendall Correia,Thierry Correia,Valencia CF,Full Back,ESP - LaLiga,85.3,87.0,45.4,19.9
Cameron Humphreys,C. Humphreys,Port Vale FC,Central Defender,ENG - League One,47.7,94.5,50.3,42.3
Sebastiano Esposito,S. Esposito,Cagliari,Center Forward,ITA - Serie A,4.7,19.3,87.2,97.5
Lyle Foster,L. Foster,Burnley,Center Forward,ENG - Premier League,94.7,58.2,59.9,62.4
Lucas Tolentino Coelho de Lima,Lucas Paquetà,West Ham United,Midfield,ENG - Premier League,84.2,55.0,42.3,14.6
Andrei Rațiu,A. Rațiu,Rayo Vallecano,Full Back,ESP - LaLiga,98.3,89.9,47.6,29.9
Anthony Driscoll-Glennon,A. Driscoll-Glennon,Newport County AFC,Full Back,ENG - League Two,24.0,21.4,13.2,56.4
Kouadio Manu Koné,M. Koné,Roma,Midfield,ITA - Serie A,29.2,69.6,59.5,38.5
Przemysław Płacheta,P. Płacheta,Oxford United,Wide Attacker,ENG - Championship,75.8,72.7,66.5,83.7
Rafael Mir Vicente,Rafa Mir,Elche CF,Center Forward,ESP - LaLiga,60.7,33.7,33.7,41.5
Christoph Baumgartner,C. Baumgartner,RB Leipzig,Midfield,GER - Bundesliga,40.5,18.6,51.9,83.5
Hicham Boudaoui,H. Boudaoui,OGC Nice,Midfield,FRA - Ligue 1,76.1,57.7,70.2,69.3
Lucas da Cunha,L. da Cunha,Como 1907,Midfield,ITA - Serie A,92.4,63.4,40.6,32.3
Harvey White,H. White,Stevenage FC,Midfield,ENG - League One,30.0,49.3,37.3,22.1
Raoul Bellanova,R. Bellanova,Atalanta,Full Back,ITA - Serie A,99.8,95.2,27.5,62.1
Joris Jean-Claude Jacques Chotard,J. Chotard,Stade Brestois 29,Midfield,FRA - Ligue 1,21.4,36.7,57.4,39.0
Lilian Brassier,L. Brassier,Stade Rennais FC,Central Defender,FRA - Ligue 1,73.7,89.4,81.0,93.3
Jack Stacey,J. Stacey,Norwich City,Full Back,ENG - Championship,73.2,24.3,66.5,88.7
Dan Nlundulu,D. Nlundulu,St. Mirren,Center Forward,SCO - Premiership,12.6,57.7,49.8,23.6
Stephy Alvaro Mavididi,S. Mavididi,Leicester City,Wide Attacker,ENG - Championship,38.5,79.3,57.8,44.5
Pau Francisco Torres,Pau Torres,Aston Villa,Central Defender,ENG - Premier League,42.0,24.8,23.6,47.1
Antonio José Raíllo Arenas,Antonio Raíllo,RCD Mallorca,Central Defender,ESP - LaLiga,22.2,26.9,40.6,9.8
Aleix Febas Pérez,Aleix Febas,Elche CF,Midfield,ESP - LaLiga,97.1,81.9,19.0,16.2
Takefusa Kubo,T. Kubo,Real Sociedad,Wide Attacker,ESP - LaLiga,54.7,68.5,73.3,20.7
Nico Schlotterbeck,N. Schlotterbeck,Borussia Dortmund,Central Defender,GER - Bundesliga,88.6,43.7,82.8,93.7
Domingos Sousa Coutinho Meneses Duarte,Domingos Duarte,Getafe CF,Central Defender,ESP - LaLiga,54.8,33.9,56.6,10.9
Domingos Sousa Coutinho Meneses Duarte,Domingos Duarte,Getafe CF,Central Defender,ESP - LaLiga,23.8,39.6,51.9,29.2
Ignacio Vidal Miralles,Nacho Vidal,Real Oviedo,Full Back,ESP - LaLiga,18.8,41.3,54.2,56.0
Marc Guéhi,M. Guéhi,Crystal Palace,Central Defender,ENG - Premier League,68.5,97.4,75.2,70.8
Edmond Fayçal Tapsoba,E. Tapsoba,Bayer 04 Leverkusen,Central Defender,GER - Bundesliga,73.4,14.2,46.3,40.1
Omar Federico Alderete Fernández,O. Alderete,Sunderland,Central Defender,ENG - Premier League,70.6,57.6,41.0,40.7
Marcos Senesi,M. Senesi,Bournemouth,Central Defender,ENG - Premier League,70.4,73.4,73.3,28.2
Luis Fernando Díaz Marulanda,L. Díaz,FC Bayern Munchen,Wide Attacker,GER - Bundesliga,80.8,73.2,56.0,41.4
Strahinja Pavlović,S. Pavlović,Milan,Central Defender,ITA - Serie A,95.8,89.9,84.7,58.8
Yukinari Sugawara,Y. Sugawara,SV Werder Bremen,Full Back,GER - Bundesliga,18.2,47.4,31.5,75.2
Ilia Gruev,I. Gruev,Leeds United,Midfield,ENG - Premier League,45.7,41.1,49.2,64.7
Matteo Gabbia,M. Gabbia,Milan,Central Defender,ITA - Serie A,11.1,26.1,53.1,26.2
Luis Jesús Rioja González,Luis Rioja,Valencia CF,Wide Attacker,ESP - LaLiga,81.5,68.9,51.1,47.3
Oihan Sancet Tirapu,Oihan Sancet,Athletic Club de Bilbao,Midfield,ESP - LaLiga,34.0,52.3,51.3,28.2
Ander Barrenetxea Muguruza,Ander Barrenetxea,Real Sociedad,Wide Attacker,ESP - LaLiga,27.6,75.5,64.9,34.1
Kieffer Moore,K. Moore,Wrexham FC,Center Forward,ENG - Championship,47.9,58.7,68.5,48.5
Rassoul Ndiaye,R. Ndiaye,Le Havre AC,Midfield,FRA - Ligue 1,11.2,34.3,68.5,81.2
Jorge De Frutos Sebastián,Jorge de Frutos,Rayo Vallecano,Center Forward,ESP - LaLiga,76.5,50.6,53.2,44.9
Jorge De Frutos Sebastián,Jorge de Frutos,Rayo Vallecano,Wide Attacker,ESP - LaLiga,71.4,49.3,53.7,43.6
Riccardo Calafiori,R. Calafiori,Arsenal Football Club,Full Back,ENG - Premier League,5.4,19.3,90.5,90.7
Taylor Perry,T. Perry,Shrewsbury Town,Midfield,ENG - League Two,59.3,53.3,75.7,6.3
Darlin Zidane Yongwa Ngameni,D. Yongwa,FC Lorient,Central Defender,FRA - Ligue 1,64.8,46.0,78.4,83.1
Nick Woltemade,N. Woltemade,Newcastle United,Center Forward,ENG - Premier League,13.3,20.1,16.0,32.7
Sergio Carreira Vilariño,Sergio Carreira,RC Celta de Vigo,Full Back,ESP - LaLiga,18.2,63.8,78.5,76.4
Roberto Piccoli,R. Piccoli,Fiorentina,Center Forward,ITA - Serie A,69.9,49.8,46.0,22.4
Amad Diallo Traoré,A. Diallo,Manchester United,Full Back,ENG - Premier League,74.1,69.0,57.9,63.2
Thomas Glyn Doyle,T. Doyle,Birmingham City,Midfield,ENG - Championship,35.7,38.5,13.1,50.6
Anthony Gordon,A. Gordon,Newcastle United,Wide Attacker,ENG - Premier League,95.6,93.4,71.5,41.4
Manuel Sánchez De La Peña,Manu Sánchez,Levante UD,Full Back,ESP - LaLiga,41.4,46.7,95.6,77.2
Vivaldo Borges dos Santos Neto,Neto Borges,Bristol City,Full Back,ENG - Championship,35.3,18.7,57.3,84.1
Jurriën Timber Maduro,J. Timber,Arsenal Football Club,Full Back,ENG - Premier League,57.4,53.1,35.9,13.4
Teden Mengi,T. Mengi,Luton Town,Central Defender,ENG - League One,86.9,36.5,12.7,12.8
Teden Mengi,T. Mengi,Luton Town,Central Defender,ENG - League One,86.9,61.7,8.9,14.3
Ethan Galbraith,E. Galbraith,Swansea City,Full Back,ENG - Championship,32.2,60.5,53.8,69.3
Scott Robertson,S. Robertson,Notts County FC,Midfield,ENG - League Two,43.4,72.7,39.2,12.8
Issa Soumaré,I. Soumaré,Le Havre AC,Center Forward,FRA - Ligue 1,80.4,62.6,68.1,36.5
Gavin Kilkenny,G. Kilkenny,Swindon Town,Midfield,ENG - League Two,58.2,77.0,87.5,35.5
Georges Mikautadze,G. Mikautadze,Villarreal CF,Center Forward,ESP - LaLiga,64.9,77.1,68.4,69.5
Ben Cabango,B. Cabango,Swansea City,Central Defender,ENG - Championship,67.3,59.5,69.9,63.9
Billy Mitchell,B. Mitchell,Millwall FC,Midfield,ENG - Championship,30.0,51.0,57.3,50.8
Marc Bola,M. Bola,Watford,Full Back,ENG - Championship,74.7,58.1,11.3,8.8
Hayden Coulson,H. Coulson,Blackpool,Full Back,ENG - League One,39.3,28.0,7.6,5.9
Callum Elder,C. Elder,Derby County FC,Full Back,ENG - Championship,36.2,33.3,62.3,41.3
Tom Eaves,T. Eaves,Northampton Town FC,Center Forward,ENG - League One,60.9,49.1,12.6,25.5
Ryan Tafazolli,R. Tafazolli,Swindon Town,Central Defender,ENG - League Two,0.5,33.2,13.0,10.8
George Honeyman,G. Honeyman,Blackpool,Midfield,ENG - League One,59.5,88.2,87.2,76.0
Matty Pearson,M. Pearson,Doncaster Rovers FC,Central Defender,ENG - League One,28.6,30.0,41.2,59.2
Sonny Bradley,S. Bradley,Lincoln City FC,Central Defender,ENG - League One,20.6,44.8,50.6,57.5
Lloyd Jones,L. Jones,Charlton Athletic,Central Defender,ENG - Championship,34.3,36.9,47.9,23.2
Lloyd Jones,L. Jones,Charlton Athletic,Central Defender,ENG - Championship,0.5,34.9,23.3,37.2
Ben Purrington,B. Purrington,Cambridge United,Full Back,ENG - League Two,21.2,39.3,21.7,41.5
Abdulyussuf Adedeji Adeniyi Oshilaja,A. Oshilaja,Mansfield Town FC,Central Defender,ENG - League One,3.7,33.1,33.0,34.0
Albie Morgan,A. Morgan,Blackpool,Midfield,ENG - League One,87.4,40.3,65.0,44.4
Dominic Thompson,D. Thompson,Kilmarnock,Full Back,SCO - Premiership,42.9,70.1,54.1,43.2
Antoine Semenyo,A. Semenyo,Bournemouth,Wide Attacker,ENG - Premier League,83.9,75.9,43.3,12.2
Joe Rafferty,J. Rafferty,Rotherham United,Central Defender,ENG - League One,32.0,54.5,37.5,52.1
Alex Mowatt,A. Mowatt,West Bromwich Albion,Midfield,ENG - Championship,2.9,31.3,50.3,83.9
Alex Mowatt,A. Mowatt,West Bromwich Albion,Midfield,ENG - Championship,3.6,25.9,47.5,83.5
Toby Sibbick,T. Sibbick,Burton Albion,Central Defender,ENG - League One,98.1,72.5,43.4,68.1
Mads Juel Andersen,M. Andersen,Luton Town,Central Defender,ENG - League One,16.9,19.1,45.2,40.3
Conor Chaplin,C. Chaplin,Portsmouth,Midfield,ENG - Championship,44.0,50.2,45.1,51.3
Jude Bellingham,J. Bellingham,Real Madrid CF,Midfield,ESP - LaLiga,76.2,85.3,84.8,24.2
Taylor Harwood-Bellis,T. Harwood-Bellis,Southampton,Central Defender,ENG - Championship,57.7,58.0,39.0,57.7
Karamoko Kader Dembélé,K. Dembélé,Queens Park Rangers,Wide Attacker,ENG - Championship,18.6,63.3,29.7,10.0
Loïc Badé,L. Badé,Bayer 04 Leverkusen,Central Defender,GER - Bundesliga,63.5,50.5,71.5,79.5
Neco Williams,N. Williams,Nottingham Forest,Full Back,ENG - Premier League,48.3,55.0,52.2,29.7
Tyrick Mitchell,T. Mitchell,Crystal Palace,Full Back,ENG - Premier League,78.2,76.9,84.8,78.3
Marcus Browne,M. Browne,AFC Wimbledon,Center Forward,ENG - League One,24.6,26.0,66.4,33.8
Nathan Collins,N. Collins,Brentford FC,Central Defender,ENG - Premier League,12.4,35.1,26.3,39.7
Germán Valera Karabinaite,Germán Valera,Elche CF,Full Back,ESP - LaLiga,91.1,84.1,59.6,64.4
Michel Ndary Adopo,M. Adopo,Cagliari,Midfield,ITA - Serie A,91.6,85.8,80.8,52.9
Memeh Caleb Okoli,C. Okoli,Leicester City,Central Defender,ENG - Championship,73.7,59.6,56.7,24.7
Oliver Casey,O. Casey,Blackpool,Central Defender,ENG - League One,37.5,47.0,37.5,40.9
Oliver Casey,O. Casey,Blackpool,Central Defender,ENG - League One,16.8,36.0,42.0,34.7
Leif Davis,L. Davis,Ipswich Town,Full Back,ENG - Championship,99.6,75.0,33.9,35.3
Jeremy Ngakia,J. Ngakia,Watford,Full Back,ENG - Championship,19.8,61.0,27.3,10.8
Kell Watts,K. Watts,Cambridge United,Central Defender,ENG - League Two,27.0,57.3,40.2,45.1
Lewis Gibson,L. Gibson,Preston North End,Central Defender,ENG - Championship,53.3,24.1,14.1,70.3
João Pedro Junqueira de Jesus,João Pedro,Chelsea,Center Forward,ENG - Premier League,90.6,76.4,66.1,45.8
Christian Saydee,C. Saydee,Wigan Athletic,Center Forward,ENG - League One,33.5,47.2,26.1,7.9
Donald Love,D. Love,Accrington Stanley,Central Defender,ENG - League Two,33.3,50.5,68.9,86.3
Donald Love,D. Love,Accrington Stanley,Full Back,ENG - League Two,42.2,23.3,26.6,39.9
Oliver Norburn,O. Norburn,Notts County FC,Midfield,ENG - League Two,54.0,55.0,26.9,4.4
Josh Laurent,J. Laurent,Burnley,Central Defender,ENG - Premier League,49.1,54.7,76.0,91.8
Shaun Whalley,S. Whalley,Accrington Stanley,Midfield,ENG - League Two,76.7,36.5,62.1,41.3
Shaun Whalley,S. Whalley,Accrington Stanley,Center Forward,ENG - League Two,14.6,40.6,32.8,82.4
Omar Beckles,O. Beckles,Leyton Orient FC,Central Defender,ENG - League One,42.7,61.1,56.9,39.2
Daniel Udoh,D. Udoh,Salford City FC,Center Forward,ENG - League Two,62.0,72.5,33.0,11.2
Cristhian Sleiker Cásseres Yepes,C. Cásseres,Toulouse FC,Midfield,FRA - Ligue 1,85.8,74.7,68.7,36.6
Lassine Sinayoko,L. Sinayoko,AJ Auxerre,Center Forward,FRA - Ligue 1,69.7,38.0,66.0,30.2
Martín Zubimendi Ibañez,Martín Zubimendi,Arsenal Football Club,Midfield,ENG - Premier League,48.1,45.5,50.2,50.5
Martín Zubimendi Ibañez,Martín Zubimendi,Arsenal Football Club,Midfield,ENG - Premier League,45.0,47.2,39.4,34.4
Pierre Kalulu Kyatengwa,P. Kalulu,Juventus,Central Defender,ITA - Serie A,65.4,95.0,97.3,98.0
Alexis Mac Allister,A. Mac Allister,Liverpool Football Club,Midfield,ENG - Premier League,63.8,49.2,27.3,44.4
Bruno Guimarães Rodriguez Moura,Bruno Guimarães,Newcastle United,Midfield,ENG - Premier League,19.1,18.5,59.6,72.0
Karim Adeyemi,K. Adeyemi,Borussia Dortmund,Midfield,GER - Bundesliga,100.0,86.1,86.2,33.5
Maxim De Cuyper,M. De Cuyper,Brighton and Hove Albion,Full Back,ENG - Premier League,6.1,19.5,50.2,76.3
Vítor Machado Ferreira,Vitinha,Paris Saint-Germain,Midfield,FRA - Ligue 1,60.2,58.0,41.1,69.1
Azor Matusiwa,A. Matusiwa,Ipswich Town,Midfield,ENG - Championship,58.1,91.5,49.4,31.2
Gabriel Gudmundsson,G. Gudmundsson,Leeds United,Full Back,ENG - Premier League,62.7,64.5,90.9,53.4
Gabriel Gudmundsson,G. Gudmundsson,Leeds United,Full Back,ENG - Premier League,86.3,39.9,75.2,64.2
David Mota Veiga Teixeira Carmo,David Carmo,Real Oviedo,Central Defender,ESP - LaLiga,43.1,57.9,42.9,33.3
Julián Álvarez,J. Álvarez,Atlético Madrid,Center Forward,ESP - LaLiga,59.1,52.8,79.3,71.0
Craig Halkett,C. Halkett,Heart of Midlothian,Central Defender,SCO - Premiership,23.9,27.4,14.2,0.4
Malick Thiaw,M. Thiaw,Newcastle United,Central Defender,ENG - Premier League,74.1,32.9,12.3,35.6
Armando Broja,A. Broja,Burnley,Center Forward,ENG - Premier League,66.7,51.4,23.5,67.4
Gideon Mensah,G. Mensah,AJ Auxerre,Full Back,FRA - Ligue 1,57.6,75.2,63.6,14.6
Billy Koumetio,B. Koumetio,Dundee FC,Central Defender,SCO - Premiership,36.8,64.2,34.0,44.5
Nicolas Seiwald,N. Seiwald,RB Leipzig,Midfield,GER - Bundesliga,87.7,78.2,53.9,57.7
David Affengruber,D. Affengruber,Elche CF,Central Defender,ESP - LaLiga,74.9,85.0,74.1,25.3
David Affengruber,D. Affengruber,Elche CF,Central Defender,ESP - LaLiga,42.7,51.8,66.4,45.0
Víctor Parada González,Víctor Parada,Deportivo Alavés,Full Back,ESP - LaLiga,48.1,20.3,60.2,51.8
Benjamin Šeško,B. Šeško,Manchester United,Center Forward,ENG - Premier League,97.6,87.9,69.5,60.5
Will Ferry,W. Ferry,Dundee United,Full Back,SCO - Premiership,52.2,81.5,55.6,43.8
Dion Sanderson,D. Sanderson,Derby County FC,Central Defender,ENG - Championship,54.2,19.7,42.7,26.7
Dion Sanderson,D. Sanderson,Derby County FC,Central Defender,ENG - Championship,34.5,18.3,55.1,26.5
Michael Olise,M. Olise,FC Bayern Munchen,Wide Attacker,GER - Bundesliga,68.6,55.9,85.1,80.4
Chem Campbell,C. Campbell,Stevenage FC,Wide Attacker,ENG - League One,21.4,9.2,11.6,42.2
Terry Taylor,T. Taylor,Northampton Town FC,Midfield,ENG - League One,49.6,69.1,25.3,3.0
Florian Wirtz,F. Wirtz,Liverpool Football Club,Midfield,ENG - Premier League,91.1,49.3,88.7,85.7
Luca Netz,L. Netz,Borussia Mönchengladbach,Full Back,GER - Bundesliga,32.8,35.0,60.7,72.0
Amos Pieper,A. Pieper,SV Werder Bremen,Central Defender,GER - Bundesliga,32.9,31.2,62.0,96.4
Leo Skiri Østigård,L. Østigård,Genoa,Central Defender,ITA - Serie A,18.1,48.9,28.3,41.3
Tim Lemperle,T. Lemperle,TSG 1899 Hoffenheim,Center Forward,GER - Bundesliga,74.4,86.7,92.2,94.9
Luis Milla Manzanares,Luis Milla,Getafe CF,Midfield,ESP - LaLiga,34.2,68.0,74.2,41.2
Lucas Ahijado Quintana,Lucas Ahijado,Real Oviedo,Full Back,ESP - LaLiga,55.1,59.4,64.5,67.8
Pedro González López,Pedri,FC Barcelona,Midfield,ESP - LaLiga,31.6,28.9,63.7,56.5
Iñigo  Ruiz de Galarreta Etxeberria,Iñigo Ruiz de Galarreta,Athletic Club de Bilbao,Midfield,ESP - LaLiga,2.7,19.3,68.1,75.3
Santiago Ignacio Bueno Sciutto,S. Bueno,Wolverhampton Wanderers,Central Defender,ENG - Premier League,44.1,21.9,31.5,12.5
Jon Pacheco Dozagarat,Jon Pacheco,Deportivo Alavés,Central Defender,ESP - LaLiga,40.8,50.7,42.0,16.0
Chris Richards,C. Richards,Crystal Palace,Central Defender,ENG - Premier League,51.3,68.3,73.7,85.4
Alejandro Catena Marugán,Alejandro Catena,CA Osasuna,Central Defender,ESP - LaLiga,11.0,26.3,67.7,45.0
Nikola Tavares,N. Tavares,Barnet FC,Central Defender,ENG - League Two,73.6,70.6,32.0,12.2
Nikola Tavares,N. Tavares,Barnet FC,Central Defender,ENG - League Two,42.0,50.2,9.9,28.3
Lorenzo Colombo,L. Colombo,Genoa,Center Forward,ITA - Serie A,55.9,47.2,52.5,75.2
Jimmy Dunne,J. Dunne,Queens Park Rangers,Full Back,ENG - Championship,25.8,62.6,25.2,38.8
Jimmy Dunne,J. Dunne,Queens Park Rangers,Central Defender,ENG - Championship,34.7,58.7,61.4,50.2
Bobby Thomas,B. Thomas,Coventry City Football Club,Central Defender,ENG - Championship,68.8,61.4,87.4,56.9
Jorge Cuenca Barreno,Jorge Cuenca,Fulham,Central Defender,ENG - Premier League,25.5,40.5,11.1,28.2
Tatsuki Seko,T. Seko,Stoke City,Midfield,ENG - Championship,31.3,17.4,60.4,59.9
Koki Saito,K. Saito,Queens Park Rangers,Wide Attacker,ENG - Championship,4.9,63.8,64.9,79.2
Matthew Gerrard Smith,M. Smith,Wigan Athletic,Midfield,ENG - League One,15.7,45.7,25.6,18.5
Jérémy Doku,J. Doku,Manchester City,Wide Attacker,ENG - Premier League,45.0,67.6,48.4,33.9
Filippo Terracciano,F. Terracciano,US Cremonese,Central Defender,ITA - Serie A,34.3,42.6,90.4,96.5
Sondre Tronstad,S. Tronstad,Blackburn Rovers,Midfield,ENG - Championship,37.0,61.4,38.2,20.2
Facundo Nahuel Tenaglia,N. Tenaglia,Deportivo Alavés,Central Defender,ESP - LaLiga,85.3,27.5,68.4,28.4
Martín Ismael Payero,M. Payero,US Cremonese,Midfield,ITA - Serie A,63.6,51.0,55.2,31.1
Luke Thomas,L. Thomas,Leicester City,Full Back,ENG - Championship,13.5,54.0,41.8,21.6
George Hirst,G. Hirst,Ipswich Town,Center Forward,ENG - Championship,68.7,59.1,52.0,21.5
Crysencio Summerville,C. Summerville,West Ham United,Wide Attacker,ENG - Premier League,78.0,77.2,16.5,17.8
Chris Willock,C. Willock,Cardiff City,Wide Attacker,ENG - League One,20.7,37.6,34.6,29.1
Josh Davison,J. Davison,Tranmere Rovers FC,Center Forward,ENG - League Two,57.6,63.0,10.8,13.9
Milan van Ewijk,M. van Ewijk,Coventry City Football Club,Full Back,ENG - Championship,96.8,73.6,57.8,6.8
Mats Knoester,M. Knoester,Aberdeen,Central Defender,SCO - Premiership,43.5,23.6,39.6,43.3
Haji Wright,H. Wright,Coventry City Football Club,Center Forward,ENG - Championship,75.5,52.2,38.7,11.6
Jordan Williams,J. Williams,Portsmouth,Full Back,ENG - Championship,80.8,55.0,31.5,63.9
Callum Styles,C. Styles,West Bromwich Albion,Full Back,ENG - Championship,27.3,36.4,82.1,87.5
Morgan Whittaker,M. Whittaker,Middlesbrough,Midfield,ENG - Championship,83.5,31.6,76.5,44.1
Morgan Whittaker,M. Whittaker,Middlesbrough,Wide Attacker,ENG - Championship,20.0,15.8,47.6,81.3
Jason Knight,J. Knight,Bristol City,Midfield,ENG - Championship,32.2,45.2,51.2,43.6
Sean McLoughlin,S. McLoughlin,Blackburn Rovers,Central Defender,ENG - Championship,60.4,36.1,59.6,56.5
Sean McLoughlin,S. McLoughlin,Blackburn Rovers,Central Defender,ENG - Championship,36.6,45.4,75.4,84.1
Bright Osayi-Samuel,B. Osayi-Samuel,Birmingham City,Full Back,ENG - Championship,92.7,73.9,19.3,2.5
Dara O'Shea,D. O'Shea,Ipswich Town,Central Defender,ENG - Championship,78.9,68.6,47.3,44.1
Ayumu Seko,A. Seko,Le Havre AC,Midfield,FRA - Ligue 1,68.7,63.4,70.6,85.5
Reo Hatate,R. Hatate,Celtic FC,Midfield,SCO - Premiership,18.7,35.8,33.5,58.5
Tomoki Iwata,T. Iwata,Birmingham City,Full Back,ENG - Championship,38.7,43.0,56.7,67.6
Yuki Ohashi,Y. Ohashi,Blackburn Rovers,Center Forward,ENG - Championship,64.5,60.6,67.2,60.8
Ransford Yeboah Königsdörffer,R. Königsdörffer,Hamburger SV,Center Forward,GER - Bundesliga,80.9,41.4,44.7,61.0
Jamie Leweling,J. Leweling,VfB Stuttgart,Wide Attacker,GER - Bundesliga,67.2,75.7,56.2,51.1
Clinton Mola,C. Mola,Bristol Rovers FC,Central Defender,ENG - League Two,74.7,69.8,48.6,21.0
George Campbell,G. Campbell,West Bromwich Albion,Full Back,ENG - Championship,14.8,32.2,47.1,51.2
Danny Wilson,D. Wilson,Livingston FC,Central Defender,SCO - Premiership,0.2,39.4,9.2,20.6
Tajon Trevor Buchanan,T. Buchanan,Villarreal CF,Wide Attacker,ESP - LaLiga,74.6,83.7,79.2,85.9
James Sands,J. Sands,FC St. Pauli,Midfield,GER - Bundesliga,8.6,36.3,82.1,84.0
Valentín Mariano José Castellanos Giménez,Taty Castellanos,Lazio,Center Forward,ITA - Serie A,31.2,53.7,66.6,74.3
Antonio Martínez López,Toni Martínez,Deportivo Alavés,Center Forward,ESP - LaLiga,54.1,59.3,51.1,31.0
Mathias Ross Jensen,M. Ross,Plymouth Argyle,Central Defender,ENG - League One,29.5,31.2,20.2,49.7
Gustav Tang Isaksen,G. Isaksen,Lazio,Wide Attacker,ITA - Serie A,41.5,37.1,80.1,94.7
Emil Riis Jakobsen,E. Riis,Bristol City,Center Forward,ENG - Championship,49.7,87.1,64.1,61.9
Anders Hagelskjær,A. Hagelskjær,Wycombe Wanderers,Central Defender,ENG - League One,31.6,42.6,36.0,41.5
Enrico Del Prato,E. Del Prato,Parma,Central Defender,ITA - Serie A,47.9,48.1,58.1,41.7
Gennaro Borrelli,G. Borrelli,Cagliari,Center Forward,ITA - Serie A,22.2,29.6,16.3,62.9
Tommaso Pobega,T. Pobega,Bologna,Midfield,ITA - Serie A,73.4,45.4,68.5,69.9
M'Bala Nzola,M. Nzola,Pisa Sporting Club,Center Forward,ITA - Serie A,78.7,49.9,24.3,5.6
Nadir Zortea,N. Zortea,Bologna,Full Back,ITA - Serie A,78.5,59.2,79.2,69.7
Kristian Thorstvedt,K. Thorstvedt,Sassuolo,Midfield,ITA - Serie A,32.1,44.9,40.8,57.3
Issa Kaboré,I. Kaboré,Wrexham FC,Full Back,ENG - Championship,79.4,75.2,75.0,46.7
Patrick Wimmer,P. Wimmer,VfL Wolfsburg,Wide Attacker,GER - Bundesliga,77.7,53.7,56.3,42.0
Christoph Klarer,C. Klarer,Birmingham City,Central Defender,ENG - Championship,22.2,39.9,47.9,38.5
Carl Starfelt,C. Starfelt,RC Celta de Vigo,Central Defender,ESP - LaLiga,76.4,73.9,62.7,53.6
Ísak Bergmann Jóhannesson,I. Jóhannesson,1. FC Köln,Midfield,GER - Bundesliga,75.3,34.3,50.7,85.1
Luis Henrique Tomaz de Lima,Luis Henrique,Inter Milan,Full Back,ITA - Serie A,57.5,68.3,88.5,94.6
Francisco Evanilson de Lima Barbosa,Evanilson,Bournemouth,Center Forward,ENG - Premier League,88.4,84.4,47.1,25.5
Gabriel Alonso Suazo Urbina,G. Suazo,Sevilla FC,Full Back,ESP - LaLiga,18.0,43.0,61.3,41.6
Alex Cochrane,A. Cochrane,Birmingham City,Full Back,ENG - Championship,0.8,25.6,13.4,15.0
Ellis Simms,E. Simms,Coventry City Football Club,Center Forward,ENG - Championship,71.9,66.0,42.0,35.0
Jean-Philippe Krasso,J. Krasso,Paris FC,Center Forward,FRA - Ligue 1,17.5,38.4,70.5,74.1
Nicolás Capaldo Taboas,N. Capaldo,Hamburger SV,Central Defender,GER - Bundesliga,96.5,85.4,99.6,94.6
Lautaro Rodrigo Valenti,L. Valenti,Parma,Central Defender,ITA - Serie A,46.4,27.9,57.8,64.0
Michael Steinwender,M. Steinwender,Heart of Midlothian,Full Back,SCO - Premiership,28.7,26.7,34.6,21.6
Ousmane Diakité,O. Diakité,West Bromwich Albion,Midfield,ENG - Championship,5.4,42.0,29.0,72.2
George Miller,G. Miller,Cheltenham Town,Center Forward,ENG - League Two,81.2,59.6,8.8,19.2
Matthew Platt,M. Platt,Notts County FC,Central Defender,ENG - League Two,54.4,46.8,19.5,10.2
Odin Bailey,O. Bailey,Stockport County FC,Midfield,ENG - League One,29.2,33.2,42.9,81.4
Jayden Richardson,J. Richardson,St. Mirren,Full Back,SCO - Premiership,95.1,50.2,26.7,57.1
Steve Seddon,S. Seddon,AFC Wimbledon,Full Back,ENG - League One,3.6,7.9,73.2,77.4
Alexandros Kyziridis,A. Kyziridis,Heart of Midlothian,Wide Attacker,SCO - Premiership,41.4,35.7,85.2,55.4
Ruben Roosken,R. Roosken,Huddersfield Town,Full Back,ENG - League One,85.2,33.9,65.7,29.1
José Luis García Vayá,Pepelu,Valencia CF,Midfield,ESP - LaLiga,40.3,28.2,18.4,26.2
Lewis Smith,L. Smith,Livingston FC,Wide Attacker,SCO - Premiership,10.1,33.7,46.5,82.9
Will Collar,W. Collar,Milton Keynes Dons,Midfield,ENG - League Two,53.9,41.8,56.1,67.7
Ali McCann,A. McCann,Preston North End,Midfield,ENG - Championship,37.0,34.3,21.6,51.9
Jason Kerr,J. Kerr,Wigan Athletic,Central Defender,ENG - League One,31.8,23.7,26.8,43.1
Liam Gordon,L. Gordon,Motherwell,Central Defender,SCO - Premiership,29.8,32.5,27.3,51.8
Callum Hendry,C. Hendry,Motherwell,Center Forward,SCO - Premiership,5.7,22.8,76.3,97.5
Nicky Devlin,N. Devlin,Aberdeen,Central Defender,SCO - Premiership,82.9,66.5,13.1,46.0
Scott Pittman,S. Pittman,Livingston FC,Midfield,SCO - Premiership,52.7,42.9,54.6,90.1
Craig Sibbald,C. Sibbald,Dundee United,Midfield,SCO - Premiership,42.8,47.2,31.4,12.1
Devante Cole,D. Cole,Port Vale FC,Center Forward,ENG - League One,80.6,55.2,22.5,18.4
Matthew Garbett,M. Garbett,Peterborough United,Wide Attacker,ENG - League One,25.5,34.4,4.7,12.5
Ilya Zabarnyi,I. Zabarnyi,Paris Saint-Germain,Central Defender,FRA - Ligue 1,96.4,84.4,87.5,68.4
Tim Siersleben,T. Siersleben,1. FC Heidenheim 1846,Central Defender,GER - Bundesliga,8.7,57.1,85.1,91.7
Santiago Daniel Pierotti,S. Pierotti,Lecce,Wide Attacker,ITA - Serie A,33.7,48.4,90.3,84.6
Lewis Mayo,L. Mayo,Kilmarnock,Central Defender,SCO - Premiership,55.6,51.3,22.5,30.7
Malik Tillman,M. Tillman,Bayer 04 Leverkusen,Midfield,GER - Bundesliga,66.3,49.0,61.3,86.8
Ian Maatsen,I. Maatsen,Aston Villa,Full Back,ENG - Premier League,94.2,26.4,52.8,49.2
Peter Kioso,P. Kioso,Peterborough United,Full Back,ENG - League One,23.2,52.4,17.4,5.7
Jordan Brown,J. Brown,Blackpool,Midfield,ENG - League One,36.8,34.5,35.4,16.6
Elliot Bonds,E. Bonds,Fleetwood Town FC,Midfield,ENG - League Two,84.9,91.7,50.7,3.5
Ryan Stirk,R. Stirk,Chesterfield FC,Midfield,ENG - League Two,42.8,51.3,47.0,13.3
Conor Grant,C. Grant,Notts County FC,Midfield,ENG - League Two,78.2,34.6,48.4,58.5
Andrew John Smith,A. Smith,Gillingham FC,Central Defender,ENG - League Two,62.5,37.2,7.3,40.2
Andrew John Smith,A. Smith,Gillingham FC,Central Defender,ENG - League Two,94.9,64.1,20.1,20.7
Donervon Daniels,D. Daniels,Oldham Athletic AFC,Central Defender,ENG - League Two,75.8,68.6,33.9,22.4
Jay Stansfield,J. Stansfield,Birmingham City,Midfield,ENG - Championship,94.8,91.0,89.8,42.3
Jay Stansfield,J. Stansfield,Birmingham City,Center Forward,ENG - Championship,76.7,55.2,91.5,75.2
Josh Austerfield,J. Austerfield,Salford City FC,Midfield,ENG - League Two,82.0,81.3,61.4,30.4
Jack Armer,J. Armer,Burton Albion,Full Back,ENG - League One,8.2,51.9,54.9,71.0
Hayden  Hackney,H. Hackney,Middlesbrough,Midfield,ENG - Championship,18.7,46.2,66.2,90.6
Oliver Sørensen Jensen,O. Sørensen,Parma,Midfield,ITA - Serie A,66.9,30.1,88.4,98.2
Pelle Mattsson,P. Mattsson,Norwich City,Midfield,ENG - Championship,26.4,66.1,38.7,46.7
Jakov Medić,J. Medić,Norwich City,Central Defender,ENG - Championship,38.7,32.7,10.0,39.2
Denzel Hall,D. Hall,Rotherham United,Full Back,ENG - League One,81.2,69.5,31.2,36.8
Nuno Alexandre Tavares Mendes,Nuno Mendes,Paris Saint-Germain,Full Back,FRA - Ligue 1,92.7,91.8,42.8,11.9
Matheus Luiz Nunes,Matheus Nunes,Manchester City,Full Back,ENG - Premier League,85.9,69.4,80.3,37.1
Samuel Almeida Costa,Samú Costa,RCD Mallorca,Midfield,ESP - LaLiga,31.8,20.5,48.3,68.8
Gonçalo Matias Ramos,Gonçalo Ramos,Paris Saint-Germain,Center Forward,FRA - Ligue 1,8.0,16.0,71.9,90.2
Conor McCarthy,C. McCarthy,Northampton Town FC,Central Defender,ENG - League One,12.4,48.0,29.9,73.0
Drey Wright ,D. Wright,Dundee FC,Full Back,SCO - Premiership,61.2,24.8,24.0,31.2
Drey Wright ,D. Wright,Dundee FC,Full Back,SCO - Premiership,43.0,43.6,11.1,37.6
Matt Butcher,M. Butcher,Salford City FC,Midfield,ENG - League Two,24.9,37.9,11.1,7.4
Ciaron Brown,C. Brown,Oxford United,Central Defender,ENG - Championship,52.7,45.3,73.9,47.5
Ross MacIver,R. MacIver,Falkirk,Center Forward,SCO - Premiership,20.9,34.1,56.2,88.7
George Stanger,G. Stanger,Kilmarnock,Central Defender,SCO - Premiership,50.4,56.3,69.0,75.5
Yasin Abbas Ayari,Y. Ayari,Brighton and Hove Albion,Midfield,ENG - Premier League,66.8,59.4,61.4,61.8
Ilan Kebbal,I. Kebbal,Paris FC,Wide Attacker,FRA - Ligue 1,13.3,25.6,82.5,88.2
Adrien Truffert,A. Truffert,Bournemouth,Full Back,ENG - Premier League,83.4,63.0,88.0,74.7
Johann Lepenant,J. Lepenant,FC Nantes,Midfield,FRA - Ligue 1,33.7,32.9,83.1,75.1
Daniel Ballard,D. Ballard,Sunderland,Central Defender,ENG - Premier League,41.2,49.1,25.4,25.3
Daniel Ballard,D. Ballard,Sunderland,Central Defender,ENG - Premier League,21.7,37.8,42.4,16.4
Adam Karabec,A. Karabec,Olympique Lyonnais,Wide Attacker,FRA - Ligue 1,5.9,20.1,29.6,83.6
 Auston  Trusty,A. Trusty,Celtic FC,Central Defender,SCO - Premiership,58.7,62.2,32.7,66.1
Martín Adrián Satriano Costa,M. Satriano,Olympique Lyonnais,Center Forward,FRA - Ligue 1,9.9,40.5,36.9,34.5
Cesare Casadei,C. Casadei,Torino,Midfield,ITA - Serie A,32.8,31.9,63.2,66.3
Matthis Abline,M. Abline,FC Nantes,Wide Attacker,FRA - Ligue 1,94.0,62.2,6.4,1.1
Mark Helm,M. Helm,Fleetwood Town FC,Midfield,ENG - League Two,64.7,56.0,23.7,22.8
Mark Helm,M. Helm,Fleetwood Town FC,Midfield,ENG - League Two,52.9,67.1,61.9,42.5
Charlie McCann,C. McCann,Barrow AFC,Midfield,ENG - League Two,45.5,84.4,67.1,27.2
Charlie Wellens,C. Wellens,Leyton Orient FC,Midfield,ENG - League One,28.7,18.0,27.2,42.9
Ilyas Chaira,I. Chaira,Real Oviedo,Wide Attacker,ESP - LaLiga,32.6,72.6,78.2,88.1
Caio Henrique Oliveira Silva,Caio Henrique,AS Monaco,Full Back,FRA - Ligue 1,86.5,91.6,65.4,81.8
Éderson José dos Santos Lourenco da Silva,Éderson,Atalanta,Midfield,ITA - Serie A,93.4,50.0,78.5,92.2
Antony Matheus dos Santos,Antony,Real Betis Balompié,Wide Attacker,ESP - LaLiga,96.0,96.5,52.9,4.0
Chrislain Matsima,C. Matsima,FC Augsburg,Central Defender,GER - Bundesliga,89.9,47.7,38.7,74.5
Xavi Quentin Shay Simons,X. Simons,Tottenham Hotspur,Midfield,ENG - Premier League,92.2,81.9,64.4,51.5
Pol Valentín Sancho,Pol Valentín,Preston North End,Full Back,ENG - Championship,68.1,64.5,18.3,14.6
Toluwalase Emmanuel Arokodare,T. Arokodare,Wolverhampton Wanderers,Center Forward,ENG - Premier League,60.4,64.8,20.7,3.0
Rocco Reitz,R. Reitz,Borussia Mönchengladbach,Midfield,GER - Bundesliga,88.6,66.1,59.8,73.5
Paul Nebel,P. Nebel,1. FSV Mainz 05,Midfield,GER - Bundesliga,41.7,44.8,89.6,97.3
Alberto Moleiro Gonzalez,Alberto Moleiro,Villarreal CF,Wide Attacker,ESP - LaLiga,8.5,31.5,86.7,97.1
Josep María Chavarría Pérez,Pep Chavarría,Rayo Vallecano,Full Back,ESP - LaLiga,80.5,81.9,86.1,84.5
Yan Bueno Couto,Yan Couto,Borussia Dortmund,Full Back,GER - Bundesliga,9.3,75.5,74.2,54.2
Flavien-Enzo Boyomo,E. Boyomo,CA Osasuna,Central Defender,ESP - LaLiga,66.6,70.7,86.7,38.7
Josko Gvardiol,J. Gvardiol,Manchester City,Central Defender,ENG - Premier League,89.0,94.9,96.5,83.6
Derrick Köhn,D. Köhn,FC Union Berlin,Full Back,GER - Bundesliga,86.9,20.0,51.7,29.0
Calvin Bassey Ughelumba,C. Bassey,Fulham,Central Defender,ENG - Premier League,97.0,83.7,85.3,52.4
Victor Torp Overgaard,V. Torp,Coventry City Football Club,Midfield,ENG - Championship,18.4,26.3,42.7,72.9
Daniel Muñoz Mejia,D. Muñoz,Crystal Palace,Full Back,ENG - Premier League,61.3,58.0,87.3,94.4
Arthur Theate,A. Theate,Eintracht Frankfurt,Central Defender,GER - Bundesliga,23.8,37.7,89.9,64.2
Aitor Paredes Casamichana,Aitor Paredes,Athletic Club de Bilbao,Central Defender,ESP - LaLiga,72.7,42.1,89.8,85.1
Sékou Mara,S. Mara,AJ Auxerre,Center Forward,FRA - Ligue 1,46.3,23.5,54.9,63.8
Arnau Martínez López,Arnau Martínez,Girona FC,Full Back,ESP - LaLiga,5.2,11.6,18.2,61.1
Moisés Isaac Caicedo Corozo,M. Caicedo,Chelsea,Midfield,ENG - Premier League,60.3,73.7,32.8,3.1
Ismaël Doukouré,I. Doukouré,RC Strasbourg Alsace,Central Defender,FRA - Ligue 1,67.6,54.3,32.9,62.6
Hugo Ekitiké,H. Ekitiké,Liverpool Football Club,Center Forward,ENG - Premier League,65.7,81.3,58.5,68.1
Yéremy Jesús Pino Santos,Yéremy Pino,Crystal Palace,Midfield,ENG - Premier League,77.2,51.5,89.5,49.4
Matteo Ruggeri,M. Ruggeri,Atlético Madrid,Full Back,ESP - LaLiga,34.2,39.3,67.5,74.9
Ladislav Krejčí,L. Krejčí,Wolverhampton Wanderers,Central Defender,ENG - Premier League,32.6,26.7,80.4,79.0
Natan Bernardo de Souza,Natan,Real Betis Balompié,Central Defender,ESP - LaLiga,87.6,78.8,79.5,11.5
Andrè Trindade da Costa Neto,André,Wolverhampton Wanderers,Midfield,ENG - Premier League,81.3,57.3,24.4,15.3
Andrè Trindade da Costa Neto,André,Wolverhampton Wanderers,Midfield,ENG - Premier League,58.1,52.8,27.3,6.3
João Victor Gomes da Silva,João Gomes,Wolverhampton Wanderers,Midfield,ENG - Premier League,78.5,96.1,75.2,32.9
Otávio Ataide da Silva,Otávio,Paris FC,Central Defender,FRA - Ligue 1,95.1,96.1,89.6,77.0
Igor Jesus Maciel Da Cruz,Igor Jesus,Nottingham Forest,Center Forward,ENG - Premier League,69.0,32.7,57.5,35.5
Rasmus Winther Højlund,R. Højlund,Napoli,Center Forward,ITA - Serie A,98.5,64.9,58.1,63.0
Joel Bagan,J. Bagan,Cardiff City,Full Back,ENG - League One,47.3,58.0,34.5,40.3
Jack Grimmer,J. Grimmer,Wycombe Wanderers,Full Back,ENG - League One,34.1,68.3,40.4,24.7
Fred Onyedinma,F. Onyedinma,Wycombe Wanderers,Wide Attacker,ENG - League One,84.8,76.2,20.9,13.6
Anis Mehmeti,A. Mehmeti,Bristol City,Midfield,ENG - Championship,76.8,53.7,84.2,56.9
Tyreeq Bakinson,T. Bakinson,Leyton Orient FC,Midfield,ENG - League One,40.0,41.5,6.4,20.0
Rob Dickie,R. Dickie,Bristol City,Central Defender,ENG - Championship,6.8,24.6,37.8,24.1
Dan Barlaser,D. Barlaser,Hibernian,Midfield,SCO - Premiership,16.7,53.4,43.3,59.1
Michael Ihiekwe,M. Ihiekwe,Blackpool,Central Defender,ENG - League One,2.0,41.5,40.7,32.5
Kiernan Dewsbury-Hall,K. Dewsbury-Hall,Everton,Midfield,ENG - Premier League,27.9,49.6,68.1,56.6
Jordan Clark,J. Clark,Luton Town,Midfield,ENG - League One,32.5,67.9,66.9,63.9
Charlie Goode,C. Goode,Stevenage FC,Central Defender,ENG - League One,72.9,91.2,59.1,30.7
Sam McCallum,S. McCallum,Sheffield United,Full Back,ENG - Championship,21.1,19.3,35.6,47.1
Callum O'Hare,C. O'Hare,Sheffield United,Midfield,ENG - Championship,42.3,39.7,85.8,92.6
Callum O'Hare,C. O'Hare,Sheffield United,Wide Attacker,ENG - Championship,1.9,22.0,74.2,96.8
Dominic Hyam,D. Hyam,Wrexham FC,Central Defender,ENG - Championship,64.5,30.5,18.6,25.0
Dominic Hyam,D. Hyam,Wrexham FC,Central Defender,ENG - Championship,6.0,39.2,29.1,61.4
Kyle McFadzean,K. McFadzean,Chesterfield FC,Central Defender,ENG - League Two,40.4,26.5,12.8,10.1
Kyle McFadzean,K. McFadzean,Chesterfield FC,Central Defender,ENG - League Two,35.6,61.0,28.1,20.4
Ben Sheaf,B. Sheaf,Wrexham FC,Midfield,ENG - Championship,20.3,51.6,34.8,65.8
Tyrhys Dolan,T. Dolan,RCD Espanyol,Wide Attacker,ESP - LaLiga,27.0,23.3,94.2,96.4
Joseph Hungbo,J. Hungbo,Wigan Athletic,Full Back,ENG - League One,1.8,30.0,44.4,72.5
Tennai Watson,T. Watson,Barnsley FC,Full Back,ENG - League One,30.5,40.0,29.0,45.5
Oluwafemi Javier Azeez,O. Azeez,Millwall FC,Wide Attacker,ENG - Championship,72.4,26.7,22.4,32.1
Jaidon Anthony,J. Anthony,Burnley,Wide Attacker,ENG - Premier League,56.6,57.7,60.6,78.6
Ousmane  Camara,O. Camara,Angers SCO,Central Defender,FRA - Ligue 1,11.7,20.5,51.2,57.7
Anton Stach,A. Stach,Leeds United,Midfield,ENG - Premier League,88.5,43.6,67.2,67.7
Amadou Mvom Onana,A. Onana,Aston Villa,Midfield,ENG - Premier League,90.0,55.8,34.5,29.2
Eric Martel,E. Martel,1. FC Köln,Central Defender,GER - Bundesliga,19.4,27.5,54.3,91.7
Nik Prelec,N. Prelec,Oxford United,Center Forward,ENG - Championship,62.4,77.3,35.9,37.1
Michael Ijemuan Folorunsho,M. Folorunsho,Cagliari,Midfield,ITA - Serie A,99.0,77.0,47.6,8.1
Jari Vandeputte,J. Vandeputte,US Cremonese,Midfield,ITA - Serie A,80.2,53.3,75.4,67.1
Andrea Cambiaso,A. Cambiaso,Juventus,Full Back,ITA - Serie A,20.8,45.1,84.4,95.8
Emanuele Valeri,E. Valeri,Parma,Full Back,ITA - Serie A,75.8,74.3,23.2,11.7
Nicolò Cambiaghi,N. Cambiaghi,Bologna,Wide Attacker,ITA - Serie A,63.4,70.9,66.9,27.8
Idrissa Touré,I. Touré,Pisa Sporting Club,Full Back,ITA - Serie A,63.2,66.8,89.6,85.3
Jan Paul van Hecke,J. van Hecke,Brighton and Hove Albion,Central Defender,ENG - Premier League,35.7,33.9,49.8,57.5
Million Manhoef,M. Manhoef,Stoke City,Wide Attacker,ENG - Championship,69.1,37.0,70.6,62.1
Arkadiusz Pyrka,A. Pyrka,FC St. Pauli,Full Back,GER - Bundesliga,70.3,61.0,80.5,57.9
Gonçalo Baptista Franco,Gonçalo Franco,Swansea City,Midfield,ENG - Championship,51.2,38.5,59.9,54.7
Gonçalo Baptista Franco,Gonçalo Franco,Swansea City,Midfield,ENG - Championship,40.2,27.2,79.8,80.0
Jack Fitzwater,J. Fitzwater,Exeter City FC,Central Defender,ENG - League One,12.4,32.0,46.1,84.9
Mitch Pinnock,M. Pinnock,Bromley FC,Wide Attacker,ENG - League Two,61.6,43.9,39.9,23.9
Mitch Pinnock,M. Pinnock,Bromley FC,Full Back,ENG - League Two,55.9,23.5,37.6,30.3
Kevin Michael Nisbet,K. Nisbet,Aberdeen,Center Forward,SCO - Premiership,40.4,32.7,12.4,25.2
Josh Doig,J. Doig,Sassuolo,Full Back,ITA - Serie A,92.9,54.2,94.0,84.5
Jamie Robson,J. Robson,Oldham Athletic AFC,Full Back,ENG - League Two,49.3,64.3,64.5,75.3
Louis Appéré,L. Appéré,Cambridge United,Center Forward,ENG - League Two,63.4,48.7,68.6,82.1
Joël Schmied,J. Schmied,1. FC Köln,Central Defender,GER - Bundesliga,60.3,41.5,62.1,65.5
Moritz Jenz,M. Jenz,VfL Wolfsburg,Central Defender,GER - Bundesliga,57.1,17.2,16.9,42.7
Albian Hajdari,A. Hajdari,TSG 1899 Hoffenheim,Central Defender,GER - Bundesliga,7.2,22.7,61.1,95.3
Bojan Radulović Samouković,B. Radulović,Huddersfield Town,Center Forward,ENG - League One,26.2,49.5,58.4,78.8
Brian Brobbey,B. Brobbey,Sunderland,Center Forward,ENG - Premier League,62.7,67.1,41.0,14.9
Lesley Chimuanya Ugochukwu,L. Ugochukwu,Burnley,Midfield,ENG - Premier League,59.1,64.0,13.4,40.3
Folarin Jerry Balogun,F. Balogun,AS Monaco,Center Forward,FRA - Ligue 1,79.4,83.3,57.5,26.7
Malo Gusto,M. Gusto,Chelsea,Full Back,ENG - Premier League,27.1,54.9,76.1,65.0
Giorgio  Scalvini,G. Scalvini,Atalanta,Central Defender,ITA - Serie A,2.1,37.0,49.6,96.4
Tomáš  Rigo,T. Rigo,Stoke City,Midfield,ENG - Championship,42.9,33.7,61.7,58.6
Ivan Azón Monzón,Ivan Azón,Ipswich Town,Center Forward,ENG - Championship,80.3,44.3,71.0,69.4
Saúl Basilio Coco-Bassey Oubiña,Saúl Coco,Torino,Central Defender,ITA - Serie A,66.6,75.2,79.3,56.8
Bali Mumba,B. Mumba,Plymouth Argyle,Wide Attacker,ENG - League One,54.7,30.7,30.0,36.5
Charlie Kelman,C. Kelman,Charlton Athletic,Center Forward,ENG - Championship,56.8,48.0,25.9,57.8
Danny Finlayson,D. Finlayson,Livingston FC,Full Back,SCO - Premiership,6.4,9.7,16.1,69.0
Danny Finlayson,D. Finlayson,Livingston FC,Central Defender,SCO - Premiership,39.8,46.8,35.3,89.5
Marcus Holmgren Pedersen ,M. Pedersen,Torino,Full Back,ITA - Serie A,99.2,76.0,66.7,92.9
Jack Taylor,J. Taylor,Ipswich Town,Midfield,ENG - Championship,67.7,51.3,30.0,36.0
Kristjan Asllani,K. Asllani,Torino,Midfield,ITA - Serie A,5.7,32.1,31.2,74.0
Aaron Pressley,A. Pressley,Walsall FC,Center Forward,ENG - League Two,31.6,59.9,68.7,94.0
Daniel Svensson,D. Svensson,Borussia Dortmund,Full Back,GER - Bundesliga,18.0,60.2,90.9,99.8
Carlos Álvarez Rivera,Carlos Álvarez,Levante UD,Wide Attacker,ESP - LaLiga,1.7,6.9,44.2,48.0
Jake Reeves,J. Reeves,AFC Wimbledon,Midfield,ENG - League One,6.4,28.0,46.8,59.8
Kyle Wootton,K. Wootton,Stockport County FC,Center Forward,ENG - League One,19.5,32.6,39.6,53.9
Elliott Anderson,E. Anderson,Nottingham Forest,Midfield,ENG - Premier League,50.9,47.1,67.5,56.1
Kevin Schade,K. Schade,Brentford FC,Wide Attacker,ENG - Premier League,98.3,94.3,31.2,16.8
Angelo Stiller,A. Stiller,VfB Stuttgart,Midfield,GER - Bundesliga,4.4,17.4,40.1,37.9
Iván Romero De Avila Araque,Iván Romero,Levante UD,Center Forward,ESP - LaLiga,44.8,53.1,62.5,84.1
Ben Nelson,B. Nelson,Leicester City,Central Defender,ENG - Championship,86.9,70.4,59.5,52.4
Sam Bell,S. Bell,Wycombe Wanderers,Wide Attacker,ENG - League One,66.2,30.3,52.6,78.7
Lorenzo Bernasconi,L. Bernasconi,Atalanta,Full Back,ITA - Serie A,96.1,71.9,52.4,50.8
Vítor Manuel Carvalho Oliveira,Vitinha,Genoa,Center Forward,ITA - Serie A,60.2,60.9,73.2,72.8
Bojan Miovski,B. Miovski,Rangers,Center Forward,SCO - Premiership,20.7,63.6,58.4,85.8
Jeriel Dorsett,J. Dorsett,Reading,Full Back,ENG - League One,15.9,13.3,12.4,14.8
Omar El Hilali,O. El Hilali,RCD Espanyol,Full Back,ESP - LaLiga,64.7,15.8,56.9,17.0
Nicholas Williams Arthuer,Nico Williams,Athletic Club de Bilbao,Wide Attacker,ESP - LaLiga,50.0,70.8,68.7,13.1
Stephen Duke-McKenna,S. Duke-McKenna,Harrogate Town FC,Wide Attacker,ENG - League Two,45.7,26.1,46.7,57.5
Jackson Tchatchoua,J. Tchatchoua,Wolverhampton Wanderers,Full Back,ENG - Premier League,99.9,93.6,69.3,68.8
Charlie Cresswell,C. Cresswell,Toulouse FC,Central Defender,FRA - Ligue 1,63.2,22.5,54.5,82.1
Nicolò Fagioli,N. Fagioli,Fiorentina,Midfield,ITA - Serie A,13.6,20.1,58.6,70.8
Kgaogelo Chauke,K. Chauke,Burton Albion,Midfield,ENG - League One,70.2,82.9,73.5,54.6
Marvin Pieringer,M. Pieringer,1. FC Heidenheim 1846,Center Forward,GER - Bundesliga,8.3,16.7,56.9,91.8
Moriba Kourouma Kourouma,Ilaix Moriba,RC Celta de Vigo,Midfield,ESP - LaLiga,30.1,37.6,84.3,56.6
Luca Connell,L. Connell,Barnsley FC,Midfield,ENG - League One,62.1,68.7,20.7,12.5
Yerson Mosquera Valdelamar,Y. Mosquera,Wolverhampton Wanderers,Central Defender,ENG - Premier League,99.7,84.1,68.6,38.0
Nigel Lonwijk,N. Lonwijk,Luton Town,Full Back,ENG - League One,55.8,35.7,14.9,6.9
Stephen Humphrys,S. Humphrys,Bradford City AFC,Center Forward,ENG - League One,80.4,58.7,25.8,14.3
Jake Beesley,J. Beesley,Burton Albion,Center Forward,ENG - League One,77.0,75.6,81.9,75.0
Ethan Craig Brierley,E. Brierley,Exeter City FC,Midfield,ENG - League One,40.4,62.7,78.4,78.0
Ethan Craig Brierley,E. Brierley,Exeter City FC,Midfield,ENG - League One,44.0,49.4,59.1,69.1
Harvey Rodgers,H. Rodgers,Grimsby Town FC,Full Back,ENG - League Two,59.1,50.9,44.0,36.6
Colby  Bishop,C. Bishop,Portsmouth,Center Forward,ENG - Championship,8.1,29.8,49.6,70.6
Cameron Burgess,C. Burgess,Swansea City,Central Defender,ENG - Championship,52.5,47.5,41.4,58.4
Séamus Conneely,S. Conneely,Accrington Stanley,Midfield,ENG - League Two,27.7,31.9,30.4,56.2
Dion Conroy,D. Conroy,Crawley Town FC,Central Defender,ENG - League Two,27.8,61.9,9.8,10.6
Jack Payne,J. Payne,Colchester United FC,Midfield,ENG - League Two,20.8,67.6,45.7,51.7
Rob Hunt,R. Hunt,Colchester United FC,Full Back,ENG - League Two,0.3,21.3,9.2,6.1
Sam Long,S. Long,Oxford United,Full Back,ENG - Championship,30.8,12.5,25.4,36.5
Josh Ruffels,J. Ruffels,Shrewsbury Town,Midfield,ENG - League Two,19.2,62.9,44.5,20.1
Mark Sykes,M. Sykes,Bristol City,Full Back,ENG - Championship,34.5,70.4,66.0,58.3
Koffi Franck Kouao,K. Kouao,FC Metz,Full Back,FRA - Ligue 1,75.0,77.2,40.3,5.5
Mamadou  Sangaré,M. Sangaré,RC Lens,Midfield,FRA - Ligue 1,24.4,37.1,80.8,66.3
Mark McKenzie,M. McKenzie,Toulouse FC,Central Defender,FRA - Ligue 1,51.3,43.4,58.9,92.0
Ben Whiteman,B. Whiteman,Preston North End,Midfield,ENG - Championship,24.0,50.1,53.6,58.6
Ched Evans,C. Evans,Fleetwood Town FC,Center Forward,ENG - League Two,8.7,22.8,34.1,14.1
Curtis Tilt,C. Tilt,Bradford City AFC,Central Defender,ENG - League One,86.6,55.0,32.5,16.6
Johan Felipe Vásquez Ibarra,J. Vásquez,Genoa,Central Defender,ITA - Serie A,33.0,77.0,93.2,93.2
Santiago Tomás Giménez,S. Giménez,Milan,Center Forward,ITA - Serie A,19.0,52.8,42.6,68.6
Joe Scally,J. Scally,Borussia Mönchengladbach,Full Back,GER - Bundesliga,18.6,28.8,67.2,90.9
Vicko Ševelj,V. Ševelj,Dundee United,Midfield,SCO - Premiership,3.0,27.3,7.6,9.3
Daniel Harvie,D. Harvie,Wycombe Wanderers,Full Back,ENG - League One,61.2,40.3,26.3,33.4
Jaze Kabia,J. Kabia,Grimsby Town FC,Center Forward,ENG - League Two,87.4,89.9,66.7,17.0
Perry Tian Hee Ng,P. Ng,Cardiff City,Full Back,ENG - League One,42.6,12.7,11.6,8.2
Antonio Blanco Conde,Antonio Blanco,Deportivo Alavés,Midfield,ESP - LaLiga,57.0,38.5,20.9,23.3
Sorba Thomas,S. Thomas,Stoke City,Wide Attacker,ENG - Championship,94.0,89.8,64.0,40.1
Robin Hranáč,R. Hranáč,TSG 1899 Hoffenheim,Central Defender,GER - Bundesliga,83.0,83.3,68.3,92.4
Hugo Bueno López,Hugo Bueno,Wolverhampton Wanderers,Full Back,ENG - Premier League,12.7,49.5,58.0,45.4
Rubin Colwill,R. Colwill,Cardiff City,Midfield,ENG - League One,75.1,49.6,61.8,57.6
Alfie Devine,A. Devine,Preston North End,Midfield,ENG - Championship,89.3,68.5,38.2,21.0
Iliman Cheikh Ndiaye,I. Ndiaye,Everton,Wide Attacker,ENG - Premier League,44.0,53.8,70.5,13.6
Ryan Finnigan,R. Finnigan,Walsall FC,Midfield,ENG - League Two,73.7,34.9,80.3,79.0
Mostafa Mohamed Ahmed Abdallah,Mostafa Mohamed,FC Nantes,Center Forward,FRA - Ligue 1,31.2,25.3,49.4,48.9
Vontae Daley-Campbell,V. Campbell,Chesterfield FC,Full Back,ENG - League Two,74.9,60.5,2.4,9.1
Owura Edwards,O. Edwards,Colchester United FC,Wide Attacker,ENG - League Two,82.4,72.7,60.7,44.9
Micky van de Ven,M. van de Ven,Tottenham Hotspur,Central Defender,ENG - Premier League,99.9,78.5,59.8,9.6
Camiel Neghli,C. Neghli,Millwall FC,Wide Attacker,ENG - Championship,37.9,22.3,84.4,94.7
Willian Joel Pacho Tenorio,W. Pacho,Paris Saint-Germain,Central Defender,FRA - Ligue 1,65.4,85.7,71.5,45.1
Marcelino Ignacio  Núñez Espinoza,M. Núñez,Ipswich Town,Midfield,ENG - Championship,38.6,74.1,96.3,96.6
Jamal Marcus Baptiste,J. Baptiste,Rotherham United,Central Defender,ENG - League One,92.9,58.0,49.8,26.3
Dilan Markanday,D. Markanday,Chesterfield FC,Wide Attacker,ENG - League Two,58.8,70.4,52.9,58.1
Arne Engels,A. Engels,Celtic FC,Midfield,SCO - Premiership,67.1,35.8,58.3,84.2
Vladyslav Vanat,V. Vanat,Girona FC,Center Forward,ESP - LaLiga,68.9,55.0,83.8,80.3
Tommy Conway,T. Conway,Middlesbrough,Center Forward,ENG - Championship,71.5,63.8,72.2,67.9
Alex Scott,A. Scott,Bournemouth,Midfield,ENG - Premier League,82.7,72.1,58.9,68.2
Alex Scott,A. Scott,Bournemouth,Midfield,ENG - Premier League,52.2,53.9,63.0,82.7
Ryan Astley,R. Astley,Dundee FC,Full Back,SCO - Premiership,0.6,30.8,4.0,35.5
Ryan Astley,R. Astley,Dundee FC,Central Defender,SCO - Premiership,5.8,21.8,33.5,81.7
Mateo Pellegrino Casalanguila,M. Pellegrino,Parma,Center Forward,ITA - Serie A,37.2,27.3,22.3,24.5
Kristoffer Lund Hansen,K. Lund,1. FC Köln,Full Back,GER - Bundesliga,61.5,57.4,67.5,80.3
Jaden Philogene-Bidace,J. Philogene,Ipswich Town,Wide Attacker,ENG - Championship,57.5,65.2,84.7,77.4
Félix Alexandre Andrade Sanches Correia,Félix Correia,LOSC Lille,Wide Attacker,FRA - Ligue 1,37.6,28.1,52.1,66.4
Tommaso Barbieri,T. Barbieri,US Cremonese,Full Back,ITA - Serie A,24.2,33.6,65.0,99.1
Joshua Guy Coburn,J. Coburn,Millwall FC,Center Forward,ENG - Championship,52.1,35.7,44.0,58.6
Regan Poole,R. Poole,Portsmouth,Central Defender,ENG - Championship,26.7,54.4,74.0,88.4
Regan Poole,R. Poole,Portsmouth,Central Defender,ENG - Championship,18.9,36.2,46.8,89.5
Cohen Bramall,C. Bramall,Luton Town,Wide Attacker,ENG - League One,100.0,90.1,31.8,27.1
Robbie Cundy,R. Cundy,Cheltenham Town,Central Defender,ENG - League Two,42.5,35.8,30.9,26.3
Jack Tucker,J. Tucker,Colchester United FC,Central Defender,ENG - League Two,62.8,60.8,30.8,7.1
Connor Ogilvie,C. Ogilvie,Portsmouth,Full Back,ENG - Championship,3.0,17.0,10.6,50.1
Thomas O'Connor,T. O'Connor,Peterborough United,Central Defender,ENG - League One,8.1,32.8,29.8,72.8
James Wilson,J. Wilson,Cheltenham Town,Central Defender,ENG - League Two,87.3,47.6,15.1,17.3
Harrison Holgate,H. Holgate,Fleetwood Town FC,Central Defender,ENG - League Two,16.9,24.1,27.3,52.4
Paddy Madden,P. Madden,Accrington Stanley,Center Forward,ENG - League Two,48.5,43.1,40.3,51.9
Jorge Grant,J. Grant,Salford City FC,Midfield,ENG - League Two,62.3,59.0,25.5,11.0
Matt Palmer,M. Palmer,Notts County FC,Midfield,ENG - League Two,6.0,27.0,65.5,44.0
Scott Twine,S. Twine,Bristol City,Midfield,ENG - Championship,31.7,47.6,92.4,53.8
Harry Anderson,H. Anderson,Colchester United FC,Wide Attacker,ENG - League Two,35.8,39.1,38.7,60.4
Adam Phillips,A. Phillips,Barnsley FC,Midfield,ENG - League One,56.2,41.6,17.4,7.1
Reece James,R. James,Rotherham United,Full Back,ENG - League One,3.3,24.2,58.6,75.0
Joe Wright,J. Wright,Bradford City AFC,Central Defender,ENG - League One,67.3,53.6,46.8,64.0
Tom Anderson,T. Anderson,Shrewsbury Town,Central Defender,ENG - League Two,2.5,37.1,13.3,18.2
Mario Gila Fuentes,Mario Gila,Lazio,Central Defender,ITA - Serie A,98.3,94.3,81.6,62.5
Giuliano Simeone Baldini,G. Simeone,Atlético Madrid,Wide Attacker,ESP - LaLiga,84.6,55.8,78.1,79.1
Mandela Keita,M. Keita,Parma,Midfield,ITA - Serie A,79.0,66.5,48.3,9.2
Mandela Keita,M. Keita,Parma,Midfield,ITA - Serie A,77.3,45.7,60.5,14.9
Lewie Coyle,L. Coyle,Hull City,Full Back,ENG - Championship,47.6,71.3,27.9,1.9
Jacob Greaves,J. Greaves,Ipswich Town,Central Defender,ENG - Championship,58.0,57.2,25.2,61.2
Regan Slater,R. Slater,Hull City,Midfield,ENG - Championship,23.0,25.4,54.5,34.0
Regan Slater,R. Slater,Hull City,Midfield,ENG - Championship,11.5,29.1,29.7,41.3
Joe Edwards,J. Edwards,Plymouth Argyle,Full Back,ENG - League One,1.3,16.5,31.7,65.9
William Stewart Aimson,W. Aimson,Wigan Athletic,Central Defender,ENG - League One,29.3,60.3,52.5,68.7
Lynden Gooch,L. Gooch,Huddersfield Town,Full Back,ENG - League One,22.2,66.6,35.9,42.3
Max Power,M. Power,Bradford City AFC,Midfield,ENG - League One,17.7,36.7,13.2,38.8
Max Power,M. Power,Bradford City AFC,Midfield,ENG - League One,5.9,46.1,14.8,23.6
Jack Diamond,J. Diamond,Stockport County FC,Midfield,ENG - League One,97.5,86.1,60.9,32.8
Rob Atkinson,R. Atkinson,Bristol City,Central Defender,ENG - Championship,14.3,43.7,43.9,50.5
Cameron Brannagan,C. Brannagan,Oxford United,Midfield,ENG - Championship,31.3,31.2,33.0,34.6
Isaac Price,I. Price,West Bromwich Albion,Midfield,ENG - Championship,89.2,47.9,92.6,85.2
Will Fish,W. Fish,Cardiff City,Central Defender,ENG - League One,44.0,67.1,25.8,63.8
Lewis Gordon,L. Gordon,Chesterfield FC,Full Back,ENG - League Two,21.7,35.2,25.4,11.6
Issahaku Abdul Fatawu,A. Fatawu,Leicester City,Wide Attacker,ENG - Championship,72.9,92.0,40.5,18.3
Maxime Estève,M. Estève,Burnley,Central Defender,ENG - Premier League,91.1,82.0,90.6,53.6
Jonathan Varane,J. Varane,Queens Park Rangers,Midfield,ENG - Championship,41.9,89.0,39.2,30.1
Arouna Sanganté,A. Sanganté,Le Havre AC,Central Defender,FRA - Ligue 1,61.4,77.3,91.2,42.1
Tarik Muharemović,T. Muharemović,Sassuolo,Central Defender,ITA - Serie A,60.7,54.5,79.9,41.0
Nathan Ngoy,N. Ngoy,LOSC Lille,Central Defender,FRA - Ligue 1,76.9,89.3,85.7,90.8
Roberto Fernández Jaén,Roberto Fernández,RCD Espanyol,Center Forward,ESP - LaLiga,85.7,83.0,70.4,74.2
Hákon Arnar Haraldsson,H. Haraldsson,LOSC Lille,Midfield,FRA - Ligue 1,79.6,74.1,93.3,88.8
Jon Mikel Aramburu Mejías,Jon Aramburu,Real Sociedad,Full Back,ESP - LaLiga,56.7,61.9,37.4,14.9
Castello  Lukeba,C. Lukeba,RB Leipzig,Central Defender,GER - Bundesliga,65.1,53.0,72.9,61.7
Daniel David Jebbison,D. Jebbison,Preston North End,Center Forward,ENG - Championship,90.6,69.0,72.9,67.2
Lewis Macari,L. Macari,Notts County FC,Central Defender,ENG - League Two,25.6,21.9,41.6,57.2
Liam Kitching,L. Kitching,Coventry City Football Club,Central Defender,ENG - Championship,86.8,72.0,75.2,66.6
Antoine Mendy,A. Mendy,OGC Nice,Central Defender,FRA - Ligue 1,55.6,74.0,79.7,35.1
Caleb Taylor,C. Taylor,Millwall FC,Central Defender,ENG - Championship,74.8,64.1,62.8,49.0
Nicolás Nahuel Valentini,N. Valentini,Hellas Verona,Central Defender,ITA - Serie A,37.1,27.1,53.3,12.1
Tawanda Jethro Maswanhise,T. Maswanhise,Motherwell,Wide Attacker,SCO - Premiership,54.5,66.2,26.9,5.7
Priestley Farquharson,P. Farquharson,Walsall FC,Central Defender,ENG - League Two,43.6,42.4,30.5,28.0
William Albert Evans,W. Evans,Mansfield Town FC,Center Forward,ENG - League One,48.1,39.3,54.8,65.8
Lucas Lopes Beraldo,Lucas Beraldo,Paris Saint-Germain,Central Defender,FRA - Ligue 1,76.9,31.6,47.5,22.9
Oluwafemi Seriki,F. Seriki,Sheffield United,Full Back,ENG - Championship,84.6,82.3,42.0,20.7
Mamadou Moustapha Mbow,M. Mbow,Paris FC,Central Defender,FRA - Ligue 1,77.1,90.3,78.1,41.7
Nicolò Bertola,N. Bertola,Udinese,Central Defender,ITA - Serie A,80.2,56.2,81.1,74.6
Sebastian Söraas Sebulonsen,S. Sebulonsen,1. FC Köln,Central Defender,GER - Bundesliga,93.7,60.5,57.6,97.2
Trai Hume,T. Hume,Sunderland,Full Back,ENG - Premier League,47.6,36.5,47.5,12.3
Dan Casey,D. Casey,Wycombe Wanderers,Central Defender,ENG - League One,72.7,69.6,22.2,34.5
Sergi Cardona Bermúdez,Sergi Cardona,Villarreal CF,Full Back,ESP - LaLiga,14.4,22.2,82.5,86.9
Macaulay Gillesphey,M. Gillesphey,Charlton Athletic,Central Defender,ENG - Championship,27.1,20.5,62.8,74.2
Cameron Devlin,C. Devlin,Heart of Midlothian,Midfield,SCO - Premiership,38.8,77.1,84.5,35.4
John Koutroumbis,J. Koutroumbis,Motherwell,Full Back,SCO - Premiership,59.7,63.6,49.8,61.1
 Apostolos  Stamatelopoulos,A. Stamatelopoulos,Motherwell,Center Forward,SCO - Premiership,43.8,30.3,63.4,88.9
Ronald Pereira Martins,Ronald,Swansea City,Wide Attacker,ENG - Championship,65.4,67.5,78.9,79.6
Adrián De La Fuente Barquilla,Adrián de la Fuente,Levante UD,Central Defender,ESP - LaLiga,24.1,27.5,20.8,6.7
Alejandro Balde Martínez,Alejandro Balde,FC Barcelona,Full Back,ESP - LaLiga,75.2,70.5,69.6,62.6
Nicolás González Iglesias,Nico González,Manchester City,Midfield,ENG - Premier League,8.7,31.1,25.6,73.7
Aune Selland Heggebø,A. Heggebø,West Bromwich Albion,Center Forward,ENG - Championship,26.9,57.9,74.4,86.1
José Manuel Arias Copete,José Copete,Valencia CF,Central Defender,ESP - LaLiga,73.2,71.0,71.7,18.2
Sebastian Tounekti,S. Tounekti,Celtic FC,Wide Attacker,SCO - Premiership,48.9,37.7,71.5,71.1
Thierry Mikael Gale,T. Gale,Bolton Wanderers,Wide Attacker,ENG - League One,89.6,82.1,15.8,33.1
Liam Scales,L. Scales,Celtic FC,Central Defender,SCO - Premiership,51.2,62.1,60.1,72.3
Milutin Osmajić,M. Osmajić,Preston North End,Center Forward,ENG - Championship,98.6,62.4,24.8,22.1
Valentín Barco,V. Barco,RC Strasbourg Alsace,Midfield,FRA - Ligue 1,60.3,29.4,52.0,68.1
Alassana Jatta,A. Jatta,Notts County FC,Center Forward,ENG - League Two,37.1,66.1,46.7,49.7
Toti António Gomes,Toti,Wolverhampton Wanderers,Central Defender,ENG - Premier League,53.2,46.8,51.3,42.4
Kilian Fischer,K. Fischer,VfL Wolfsburg,Full Back,GER - Bundesliga,42.2,48.2,56.1,93.8
Deniz Undav,D. Undav,VfB Stuttgart,Center Forward,GER - Bundesliga,3.9,1.1,28.0,45.3
Matthew Sorinola,M. Sorinola,Plymouth Argyle,Full Back,ENG - League One,24.8,38.3,22.7,39.8
Daouda Guindo,D. Guindo,Stade Brestois 29,Full Back,FRA - Ligue 1,35.1,20.8,51.8,18.4
Yannik Engelhardt,Y. Engelhardt,Borussia Mönchengladbach,Midfield,GER - Bundesliga,65.2,63.6,73.7,78.2
Jordy Makengo Basambundu,J. Makengo,SC Freiburg,Full Back,GER - Bundesliga,55.5,73.2,84.7,42.7
Aidomo Emakhu,A. Emakhu,Millwall FC,Wide Attacker,ENG - Championship,70.9,30.7,60.4,12.6
Alex Sean Pablo Robertson,A. Robertson,Cardiff City,Midfield,ENG - League One,2.1,32.0,67.4,89.8
Omar Haktab Traorè,O. Traorè,1. FC Heidenheim 1846,Full Back,GER - Bundesliga,55.8,44.9,56.4,35.2
Isak Malcolm Kwaku Hien,I. Hien,Atalanta,Central Defender,ITA - Serie A,84.6,36.1,75.5,37.2
Nathan Moriah-Welsh,N. Moriah-Welsh,Mansfield Town FC,Wide Attacker,ENG - League One,50.3,16.0,8.9,14.8
Brian De Keersmaecker,B. De Keersmaecker,Oxford United,Midfield,ENG - Championship,95.7,52.6,37.0,12.1
Josh Flint,J. Flint,Crawley Town FC,Central Defender,ENG - League Two,92.1,91.8,59.2,64.8
Mats Wieffer,M. Wieffer,Brighton and Hove Albion,Full Back,ENG - Premier League,61.7,28.9,89.2,84.1
George Dobson,G. Dobson,Wrexham FC,Midfield,ENG - Championship,59.9,80.3,26.3,19.1
Ayodeji Joshua Oluwapelumi Akinola Elerewe,D. Elerewe,Bromley FC,Central Defender,ENG - League Two,77.3,59.7,18.4,44.6
Callum Doyle,C. Doyle,Wrexham FC,Central Defender,ENG - Championship,57.8,47.3,62.0,66.8
Luke Leahy,L. Leahy,Wycombe Wanderers,Midfield,ENG - League One,10.7,29.7,21.7,55.6
Nathanael Ogbeta,N. Ogbeta,Barnsley FC,Full Back,ENG - League One,14.7,74.6,27.7,47.1
Omari Patrick,O. Patrick,Tranmere Rovers FC,Full Back,ENG - League Two,85.5,76.3,51.8,48.1
Tom Hamer,T. Hamer,Lincoln City FC,Central Defender,ENG - League One,44.3,95.1,59.8,55.1
Bryn Morris,B. Morris,Harrogate Town FC,Midfield,ENG - League Two,43.2,59.4,47.8,22.0
Frazer Blake-Tracy,F. Blake-Tracy,Mansfield Town FC,Central Defender,ENG - League One,8.8,38.7,65.3,43.2
Frazer Blake-Tracy,F. Blake-Tracy,Mansfield Town FC,Full Back,ENG - League One,50.9,32.7,24.6,35.7
Adam Randell,A. Randell,Bristol City,Midfield,ENG - Championship,69.8,58.0,55.3,18.1
Adam Randell,A. Randell,Bristol City,Midfield,ENG - Championship,45.2,75.5,41.9,11.8
Kane Vincent-Young,K. Vincent-Young,Colchester United FC,Full Back,ENG - League Two,4.8,32.9,9.9,0.7
Armando Dobra,A. Dobra,Chesterfield FC,Wide Attacker,ENG - League Two,22.8,45.1,36.6,30.2
Idris El Mizouni,I. El Mizouni,Leyton Orient FC,Midfield,ENG - League One,56.8,27.3,26.4,22.5
Anthony Dean O'Connor,A. O'Connor,Harrogate Town FC,Central Defender,ENG - League Two,26.3,41.0,47.9,11.9
Jonah Ayunga,J. Ayunga,St. Mirren,Center Forward,SCO - Premiership,61.2,41.0,10.1,34.1
John Marquis,J. Marquis,Shrewsbury Town,Center Forward,ENG - League Two,18.3,37.0,40.6,46.5
Marcus Myers-Harness,M. Harness,Huddersfield Town,Midfield,ENG - League One,26.1,54.3,53.4,30.8
Marcus Myers-Harness,M. Harness,Huddersfield Town,Wide Attacker,ENG - League One,14.8,25.8,48.3,58.0
Haji Suleiman Mnoga,H. Mnoga,Salford City FC,Full Back,ENG - League Two,58.6,48.1,69.8,67.3
Reeco Hackett-Fairchild,R. Hackett,Lincoln City FC,Wide Attacker,ENG - League One,32.5,56.8,82.8,69.5
Kyle Knoyle,K. Knoyle,Mansfield Town FC,Full Back,ENG - League One,12.0,52.1,23.7,13.2
Ollie Palmer,O. Palmer,Swindon Town,Center Forward,ENG - League Two,12.6,20.2,10.9,21.9
Nesta Guinness-Walker,N. Guinness-Walker,Northampton Town FC,Central Defender,ENG - League One,51.5,69.8,74.0,89.4
Nesta Guinness-Walker,N. Guinness-Walker,Northampton Town FC,Full Back,ENG - League One,58.4,33.0,35.9,58.6
Ben Heneghan,B. Heneghan,Port Vale FC,Central Defender,ENG - League One,10.6,25.5,24.0,45.8
Jack Rudoni,J. Rudoni,Coventry City Football Club,Midfield,ENG - Championship,64.8,46.2,80.2,69.3
Luke Offord,L. Offord,Milton Keynes Dons,Central Defender,ENG - League Two,15.2,39.0,62.4,58.8
Luke Offord,L. Offord,Milton Keynes Dons,Central Defender,ENG - League Two,24.4,31.6,16.7,60.2
Mikael Mandron,M. Mandron,St. Mirren,Center Forward,SCO - Premiership,3.7,9.3,50.6,54.8
Alfie May,A. May,Huddersfield Town,Center Forward,ENG - League One,35.1,37.7,87.9,79.6
Conor Thomas,C. Thomas,Crewe Alexandra FC,Midfield,ENG - League Two,24.8,60.3,48.2,60.4
Charlie Raglan,C. Raglan,Barrow AFC,Central Defender,ENG - League Two,8.5,39.8,24.8,6.4
Charlie Raglan,C. Raglan,Barrow AFC,Central Defender,ENG - League Two,25.2,22.4,23.6,18.6
Will Boyle,W. Boyle,Shrewsbury Town,Central Defender,ENG - League Two,15.7,43.6,40.9,49.2
Callum Wright,C. Wright,Wigan Athletic,Midfield,ENG - League One,88.6,44.4,67.4,67.4
Lewis Freestone,L. Freestone,Stevenage FC,Full Back,ENG - League One,25.8,12.0,17.2,5.6
George Lloyd,G. Lloyd,Shrewsbury Town,Center Forward,ENG - League Two,46.5,35.3,85.2,50.1
James Brophy,J. Brophy,Cambridge United,Wide Attacker,ENG - League Two,48.1,64.9,51.7,51.0
Joe Ironside,J. Ironside,Tranmere Rovers FC,Center Forward,ENG - League Two,3.9,26.4,30.5,34.7
Jack Iredale,J. Iredale,Hibernian,Central Defender,SCO - Premiership,81.0,48.5,70.3,69.0
Antoni Sarcevic,A. Sarcevic,Bradford City AFC,Midfield,ENG - League One,45.6,46.9,79.9,65.0
Warren Patrick  O'Hora,W. O'Hora,Hibernian,Central Defender,SCO - Premiership,4.3,19.7,42.1,45.6
Harry Darling,H. Darling,Norwich City,Central Defender,ENG - Championship,55.0,30.8,34.6,18.2
Zak Jules,Z. Jules,Rotherham United,Central Defender,ENG - League One,7.0,44.6,32.0,48.3
Aden Baldwin,A. Baldwin,Bradford City AFC,Central Defender,ENG - League One,30.5,28.5,10.7,44.7
Joe Ward,J. Ward,Derby County FC,Full Back,ENG - Championship,79.8,72.4,28.0,21.3
Harrison Burrows,H. Burrows,Sheffield United,Full Back,ENG - Championship,33.2,26.5,37.2,55.1
Idris Sheka Kanu,I. Kanu,Barnet FC,Full Back,ENG - League Two,79.8,68.3,51.2,50.4
Ethan Hamilton,E. Hamilton,Dundee FC,Midfield,SCO - Premiership,46.0,29.3,16.8,52.2
Joel Randall,J. Randall,Bolton Wanderers,Midfield,ENG - League One,71.7,40.9,82.1,91.1
Luke Garbutt,L. Garbutt,Salford City FC,Central Defender,ENG - League Two,90.9,84.8,69.2,54.3
Jerry Yates,J. Yates,Luton Town,Center Forward,ENG - League One,33.4,45.5,39.4,62.6
Marvin Ekpiteta,M. Ekpiteta,Milton Keynes Dons,Central Defender,ENG - League Two,52.3,49.9,32.1,25.4
Cameron Antwi,C. Antwi,Newport County AFC,Midfield,ENG - League Two,9.5,25.5,6.6,5.1
Sonny Carey,S. Carey,Charlton Athletic,Midfield,ENG - Championship,64.7,45.1,55.3,54.6
Ryan Sweeney,R. Sweeney,Mansfield Town FC,Central Defender,ENG - League One,23.6,22.7,63.1,59.9
Bradley Locko,B. Locko,Stade Brestois 29,Full Back,FRA - Ligue 1,48.9,16.1,29.6,4.0
Mark McGuinness,M. McGuinness,Sheffield United,Central Defender,ENG - Championship,39.4,56.1,4.0,18.0
Ryan Wintle,R. Wintle,Cardiff City,Midfield,ENG - League One,81.3,62.2,8.3,55.3
Ryan Wintle,R. Wintle,Cardiff City,Midfield,ENG - League One,77.1,28.7,35.2,56.3
Kyle Joseph,K. Joseph,Hull City,Center Forward,ENG - Championship,62.9,21.0,75.0,93.0
Dango Aboubacar Faissal Ouattara,Dango Ouattara,Brentford FC,Wide Attacker,ENG - Premier League,84.9,87.9,47.5,57.4
Jodi Felice Jones,J. Jones,Notts County FC,Full Back,ENG - League Two,48.8,68.4,50.0,51.8
Isaac Hutchinson,I. Hutchinson,Cheltenham Town,Midfield,ENG - League Two,35.4,47.4,68.2,86.8
Ollie Turton,O. Turton,Salford City FC,Central Defender,ENG - League Two,14.3,79.9,77.0,87.7
Alfie Jones,A. Jones,Middlesbrough,Central Defender,ENG - Championship,82.8,25.1,54.7,72.4
Abdoul Bamo Meïté,B. Meïté,FC Lorient,Central Defender,FRA - Ligue 1,32.5,38.3,66.0,58.1
Patrick Osterhage,P. Osterhage,SC Freiburg,Midfield,GER - Bundesliga,88.7,54.6,38.9,87.3
Sam  Beukema,S. Beukema,Napoli,Central Defender,ITA - Serie A,17.8,29.9,46.8,73.1
Jesús Areso Blanco,Jesús Areso,Athletic Club de Bilbao,Full Back,ESP - LaLiga,80.8,58.6,56.0,45.2
Ryan Longman,R. Longman,Wrexham FC,Full Back,ENG - Championship,64.8,53.3,50.7,44.1
Liam Bennett,L. Bennett,Cambridge United,Full Back,ENG - League Two,37.8,61.4,61.7,87.3
Liam Bennett,L. Bennett,Cambridge United,Full Back,ENG - League Two,22.2,38.1,65.6,98.2
Ellis Taylor,E. Taylor,Harrogate Town FC,Wide Attacker,ENG - League Two,16.2,22.2,49.3,84.2
Thomas Stanley Bloxham,Tom Bloxham,Blackpool,Center Forward,ENG - League One,44.3,26.0,37.9,66.3
Jay Idzes,J. Idzes,Sassuolo,Central Defender,ITA - Serie A,66.6,65.7,64.5,31.3
Robert  Street,R. Street,Lincoln City FC,Wide Attacker,ENG - League One,39.7,59.3,50.0,72.8
Scott Smith,S. Smith,Barrow AFC,Midfield,ENG - League Two,63.4,56.8,47.3,19.7
Roger Brugué Ayguadé,Roger Brugué,Levante UD,Wide Attacker,ESP - LaLiga,11.6,29.3,42.5,61.3
Yousef Salech,Y. Salech,Cardiff City,Center Forward,ENG - League One,38.9,66.6,57.7,14.3
Ben Knight,B. Knight,Cambridge United,Midfield,ENG - League Two,97.5,85.8,72.4,33.8
Mamadou Jobe,M. Jobe,Cambridge United,Central Defender,ENG - League Two,90.8,86.2,78.6,80.3
Ismael kenneth Jordan Koné,I. Koné,Sassuolo,Midfield,ITA - Serie A,80.1,85.2,46.6,34.1
Samuele Angori,S. Angori,Pisa Sporting Club,Full Back,ITA - Serie A,18.5,38.8,77.2,89.8
Simone Canestrelli,S. Canestrelli,Pisa Sporting Club,Central Defender,ITA - Serie A,38.0,31.7,57.5,73.8
Simone Canestrelli,S. Canestrelli,Pisa Sporting Club,Central Defender,ITA - Serie A,21.0,45.4,44.3,55.7
Sam Sherring,S. Sherring,Cheltenham Town,Central Defender,ENG - League Two,17.3,46.0,47.3,58.4
Federico Baschirotto,F. Baschirotto,US Cremonese,Central Defender,ITA - Serie A,54.3,67.5,70.7,57.7
Alfie Chang,A. Chang,Bristol Rovers FC,Midfield,ENG - League Two,26.1,44.7,35.5,10.8
Tom Fellows,T. Fellows,Southampton,Full Back,ENG - Championship,93.7,97.3,86.1,96.6
Alex Mitchell,A. Mitchell,Plymouth Argyle,Central Defender,ENG - League One,60.6,52.0,16.7,59.8
Mitchell Clark,M. Clark,Port Vale FC,Full Back,ENG - League One,51.5,32.8,18.4,8.9
Amadou Salif Mbengue,A. Mbengue,Queens Park Rangers,Full Back,ENG - Championship,92.7,63.3,47.9,17.7
Théo Le Bris,T. Le Bris,FC Lorient,Full Back,FRA - Ligue 1,80.4,92.8,80.7,61.0
Alessandro Zanoli,A. Zanoli,Udinese,Full Back,ITA - Serie A,93.6,85.7,61.8,60.4
Ciarán Kelly,C. Kelly,Bradford City AFC,Central Defender,ENG - League One,33.0,48.3,22.6,74.4
Nasser Yacouba Djiga,N. Djiga,Rangers,Central Defender,SCO - Premiership,83.4,78.5,33.0,48.1
Patrick Kelly,P. Kelly,Barnsley FC,Midfield,ENG - League One,64.8,38.0,55.2,74.6
Jordan Gibson,J. Gibson,Doncaster Rovers FC,Wide Attacker,ENG - League One,11.9,29.2,46.1,55.7
Mattie Pollock,M. Pollock,Watford,Central Defender,ENG - Championship,9.7,17.5,17.1,21.5
Žan Vipotnik,Ž. Vipotnik,Swansea City,Center Forward,ENG - Championship,39.4,71.1,62.8,37.4
Carl Johnston,C. Johnston,Peterborough United,Full Back,ENG - League One,23.1,64.7,43.4,70.0
Thierno Ballo,T. Ballo,Millwall FC,Wide Attacker,ENG - Championship,40.6,39.4,65.0,76.8
Thierry Small,T. Small,Preston North End,Full Back,ENG - Championship,91.4,73.9,39.7,63.2
Tom Cannon,T. Cannon,Sheffield United,Center Forward,ENG - Championship,69.0,65.5,58.1,52.0
Jayden Wareham,J. Wareham,Exeter City FC,Center Forward,ENG - League One,28.1,59.0,47.4,70.7
Charlie Webster,C. Webster,Burton Albion,Midfield,ENG - League One,37.3,53.9,49.4,43.0
Charlie Savage,C. Savage,Reading,Midfield,ENG - League One,72.9,26.3,56.3,81.9
Charlie Savage,C. Savage,Reading,Midfield,ENG - League One,87.3,64.2,73.4,80.9
Álvaro Fernández Carreras,Álvaro Carreras,Real Madrid CF,Full Back,ESP - LaLiga,61.2,40.9,69.4,35.5
Joseph Olowu,J. Olowu,Stockport County FC,Central Defender,ENG - League One,85.9,78.4,45.7,25.1
Matías Soulé Malvano,M. Soulé,Roma,Midfield,ITA - Serie A,53.0,81.0,93.9,60.7
Brandon Hanlan,B. Hanlan,Doncaster Rovers FC,Center Forward,ENG - League One,52.4,97.1,39.6,25.9
William Mbongo Desire Hondermarck,W. Hondermarck,Bromley FC,Midfield,ENG - League Two,87.6,58.7,46.9,12.3
Kaoru Mitoma,K. Mitoma,Brighton and Hove Albion,Wide Attacker,ENG - Premier League,77.1,28.1,67.5,53.7
Kelvin Ehibhatiomhan,K. Ehibhatiomhan,Reading,Center Forward,ENG - League One,40.1,33.0,25.2,62.1
Bradley Barcola,B. Barcola,Paris Saint-Germain,Wide Attacker,FRA - Ligue 1,98.7,89.2,35.8,10.3
George Tanner,G. Tanner,Bristol City,Central Defender,ENG - Championship,55.5,84.4,85.4,86.1
Mohamed El Amine Amoura,M. Amoura,VfL Wolfsburg,Center Forward,GER - Bundesliga,86.4,64.0,65.2,94.7
Lewis Dobbin,L. Dobbin,Preston North End,Center Forward,ENG - Championship,78.2,64.6,72.6,62.3
Lewis Hall,L. Hall,Newcastle United,Full Back,ENG - Premier League,42.0,49.2,66.6,70.7
Finley Burns,F. Burns,Reading,Central Defender,ENG - League One,24.3,25.2,41.1,84.6
Adrián Bernabé García,Adrián Bernabé,Parma,Midfield,ITA - Serie A,64.4,45.9,45.1,17.1
Caspar Jander,C. Jander,Southampton,Midfield,ENG - Championship,52.0,54.7,87.9,85.8
Emre Tezgel,E. Tezgel,Crewe Alexandra FC,Center Forward,ENG - League Two,44.8,38.9,25.8,39.4
Josh Feeney,J. Feeney,Huddersfield Town,Central Defender,ENG - League One,11.6,44.8,34.7,56.2
Nico O'Reilly,N. O'Reilly,Manchester City,Full Back,ENG - Premier League,92.9,76.5,75.1,62.5
Ashley Phillips,A. Phillips,Stoke City,Central Defender,ENG - Championship,70.7,68.9,75.1,75.5
Amario Cozier-Duberry,A. Cozier-Duberry,Bolton Wanderers,Wide Attacker,ENG - League One,66.7,82.8,82.0,69.5
Bobby Clark,B. Clark,Derby County FC,Midfield,ENG - Championship,66.3,71.5,76.7,70.6
Bobby Clark,B. Clark,Derby County FC,Midfield,ENG - Championship,55.0,56.4,83.8,65.1
Callum Agius,C. Agius,Crewe Alexandra FC,Wide Attacker,ENG - League Two,14.9,75.2,74.5,85.5
Charlie Whitaker,C. Whitaker,Tranmere Rovers FC,Midfield,ENG - League Two,91.9,75.8,55.7,12.5
Isaac Romero Bernal,Isaac Romero,Sevilla FC,Center Forward,ESP - LaLiga,94.9,74.4,67.4,72.3
Juan Luis Sánchez Velasco,Juanlu Sánchez,Sevilla FC,Full Back,ESP - LaLiga,49.8,43.6,73.0,58.0
Enrique Jesús Salas Valiente,Kike Salas,Sevilla FC,Central Defender,ESP - LaLiga,69.2,72.5,89.6,64.6
Abdessamad Ezzalzouli,A. Ezzalzouli,Real Betis Balompié,Wide Attacker,ESP - LaLiga,92.6,96.6,64.6,15.8
Maghnes Akliouche,M. Akliouche,AS Monaco,Wide Attacker,FRA - Ligue 1,19.2,24.9,56.1,52.8
Kévin Danois,K. Danois,AJ Auxerre,Midfield,FRA - Ligue 1,73.1,85.5,82.5,79.9
Ivan Smolčić,I. Smolčić,Como 1907,Full Back,ITA - Serie A,49.5,51.6,65.5,77.8
Sambou Soumano,S. Soumano,FC Lorient,Center Forward,FRA - Ligue 1,39.3,41.2,27.7,31.6
Freddie Draper,F. Draper,Lincoln City FC,Center Forward,ENG - League One,25.3,25.6,44.5,70.9
Raúl Asencio del Rosario,Raúl Asencio,Real Madrid CF,Central Defender,ESP - LaLiga,98.3,90.4,27.1,7.7
Warren Zaire-Emery,W. Zaire-Emery,Paris Saint-Germain,Full Back,FRA - Ligue 1,39.5,35.5,84.5,98.2
Ethan Ennis,E. Ennis,Fleetwood Town FC,Full Back,ENG - League Two,46.3,85.1,19.3,35.1
Daniel Gore,D. Gore,Rotherham United,Midfield,ENG - League One,38.1,55.2,24.5,13.5
Stanley Mills,S. Mills,Oxford United,Wide Attacker,ENG - Championship,86.2,65.2,37.2,22.4
Lewis Warrington,L. Warrington,Walsall FC,Midfield,ENG - League Two,14.0,28.0,59.5,78.1
Matúš Holíček,M. Holíček,Crewe Alexandra FC,Midfield,ENG - League Two,80.5,63.9,68.3,74.6
Soumaïla Coulibaly ,S. Coulibaly,Stade Brestois 29,Central Defender,FRA - Ligue 1,88.1,75.8,39.1,6.0
Antonio Eromonsele Nordby Nusa,A. Nusa,RB Leipzig,Wide Attacker,GER - Bundesliga,38.8,68.7,52.2,71.9
Michael Craig,M. Craig,Leyton Orient FC,Full Back,ENG - League One,19.8,14.6,79.8,55.7
Jordan James,J. James,Leicester City,Midfield,ENG - Championship,63.6,68.2,48.3,68.8
Imari Samuels,I. Samuels,Dundee FC,Full Back,SCO - Premiership,36.6,38.2,60.9,70.6
Kelvin Abrefa,K. Abrefa,Reading,Full Back,ENG - League One,63.6,72.6,22.4,39.8
Leopold Querfeld,L. Querfeld,FC Union Berlin,Central Defender,GER - Bundesliga,22.5,24.5,51.9,28.0
Amar Abdirahman Ahmed Fatah,A. Fatah,Dundee United,Wide Attacker,SCO - Premiership,39.7,43.6,39.5,20.7
Sindre Walle Egeli,S. Egeli,Ipswich Town,Wide Attacker,ENG - Championship,37.4,23.8,72.2,78.1
Kallum Xzeiba Tracey Cesay,K. Cesay,Salford City FC,Midfield,ENG - League Two,99.3,89.7,80.5,42.2
Rômulo José Cardoso da Cruz,Rômulo,RB Leipzig,Center Forward,GER - Bundesliga,54.5,54.2,69.9,98.3
Chris Forino-Joseph,C. Forino-Joseph,Bolton Wanderers,Central Defender,ENG - League One,62.9,47.4,18.5,31.7
Conor Bradley,C. Bradley,Liverpool Football Club,Full Back,ENG - Premier League,69.2,36.3,76.7,62.2
Fisnik Asllani,F. Asllani,TSG 1899 Hoffenheim,Center Forward,GER - Bundesliga,1.6,26.0,51.2,97.9
Sam Gale,S. Gale,Gillingham FC,Central Defender,ENG - League Two,89.9,82.4,88.8,90.3
Mason Burstow,M. Burstow,Bolton Wanderers,Center Forward,ENG - League One,13.2,20.3,70.3,91.3
César  Tárrega Requeni,César Tárrega,Valencia CF,Central Defender,ESP - LaLiga,96.2,93.8,87.6,54.9
Tatsuhiro Sakamoto,T. Sakamoto,Coventry City Football Club,Wide Attacker,ENG - Championship,11.1,39.8,62.4,22.5
Maxwell Conway,M. Conway,Bolton Wanderers,Full Back,ENG - League One,52.5,51.3,46.7,49.3
Alessandro Circati,A. Circati,Parma,Central Defender,ITA - Serie A,70.7,46.8,62.5,35.7
Bryan Zaragoza Martínez,Bryan Zaragoza,RC Celta de Vigo,Wide Attacker,ESP - LaLiga,42.8,70.3,28.1,19.1
Kamory Doumbia,K. Doumbia,Stade Brestois 29,Midfield,FRA - Ligue 1,1.1,36.2,64.6,80.8
Wesley Vinícius França Lima,Wesley,Roma,Full Back,ITA - Serie A,91.6,92.0,71.5,76.4
Emmanuel Mbule Longelo,E. Longelo,Motherwell,Full Back,SCO - Premiership,84.6,88.1,36.7,52.2
Nikola Štulić,N. Štulić,Lecce,Center Forward,ITA - Serie A,21.9,46.3,59.8,47.1
Emersonn Correia da Silva,Emersonn,Toulouse FC,Center Forward,FRA - Ligue 1,66.4,95.5,94.1,94.7
Jonathan Tomkinson,J. Tomkinson,Cheltenham Town,Full Back,ENG - League Two,44.3,29.3,47.3,23.1
Reyes Cleary,R. Cleary,Barnsley FC,Wide Attacker,ENG - League One,84.5,78.1,19.5,13.2
Josh Woods,J. Woods,Accrington Stanley,Center Forward,ENG - League Two,72.5,56.8,53.0,82.8
Adam Senior,A. Senior,Barnet FC,Central Defender,ENG - League Two,68.3,42.7,72.4,91.5
Edward James Turns,E. Turns,Exeter City FC,Central Defender,ENG - League One,3.2,39.0,43.1,84.4
Jarell Amorin Quansah,J. Quansah,Bayer 04 Leverkusen,Central Defender,GER - Bundesliga,72.6,46.8,55.1,74.6
Frank Magri,F. Magri,Toulouse FC,Center Forward,FRA - Ligue 1,32.2,28.1,59.2,67.2
Rafael Marín Zamora,Rafa Marín,Villarreal CF,Central Defender,ESP - LaLiga,39.4,34.1,51.7,57.2
James Bolton,J. Bolton,Fleetwood Town FC,Central Defender,ENG - League Two,5.1,25.3,36.8,46.7
Kamil Amadu Conteh,K. Conteh,Bristol Rovers FC,Midfield,ENG - League Two,14.9,27.3,31.4,12.1
Connor O'Riordan,C. O'Riordan,Doncaster Rovers FC,Central Defender,ENG - League One,41.3,41.8,32.1,37.3
Saël Kumbedi Nseke,S. Kumbedi,VfL Wolfsburg,Full Back,GER - Bundesliga,38.2,33.9,39.7,59.7
Ronan Darcy,R. Darcy,Chesterfield FC,Midfield,ENG - League Two,63.3,41.4,43.7,65.4
Louis Mouton,L. Mouton,Angers SCO,Midfield,FRA - Ligue 1,15.0,73.9,84.6,94.9
Jacob Bedeau,J. Bedeau,Notts County FC,Central Defender,ENG - League Two,23.2,78.0,64.3,43.9
Rosaire Longelo-Mbule,R. Longelo-Mbule,Salford City FC,Full Back,ENG - League Two,42.6,25.5,32.4,65.6
Iurie  Iovu,I. Iovu,Dundee United,Central Defender,SCO - Premiership,80.4,57.7,69.4,38.9
Justin Njinmah,J. Njinmah,SV Werder Bremen,Center Forward,GER - Bundesliga,98.8,97.7,37.2,54.9
Josh Mulligan,J. Mulligan,Hibernian,Midfield,SCO - Premiership,69.7,72.4,71.3,63.3
James Brown,J. Brown,Kilmarnock,Full Back,SCO - Premiership,11.3,26.8,60.9,50.3
Liam Morrison,L. Morrison,Queens Park Rangers,Central Defender,ENG - Championship,15.1,27.5,7.4,28.4
Kenan Yıldız,K. Yıldız,Juventus,Midfield,ITA - Serie A,89.9,83.6,47.9,9.8
Aaron Zehnter,A. Zehnter,VfL Wolfsburg,Full Back,GER - Bundesliga,27.8,26.0,36.7,73.8
Nathaniel Brown,N. Brown,Eintracht Frankfurt,Full Back,GER - Bundesliga,49.6,43.9,75.8,54.9
Brooke Norton-Cuffy,B. Norton-Cuffy,Genoa,Full Back,ITA - Serie A,59.3,61.5,61.4,50.9
Mika Biereth,M. Biereth,AS Monaco,Center Forward,FRA - Ligue 1,46.9,23.9,29.2,53.5
Ryan Alebiosu,R. Alebiosu,Blackburn Rovers,Full Back,ENG - Championship,83.7,88.8,27.2,15.3
Jack Milne,J. Milne,Aberdeen,Central Defender,SCO - Premiership,64.3,44.4,33.0,37.3
Bobby Faulkner,B. Faulkner,Harrogate Town FC,Central Defender,ENG - League Two,66.4,68.9,45.3,55.2
Jacques Ekomié,J. Ekomié,Angers SCO,Full Back,FRA - Ligue 1,69.6,63.5,75.3,81.7
Ben House,B. House,Lincoln City FC,Wide Attacker,ENG - League One,28.9,15.9,55.0,82.8
Reece Hutchinson,R. Hutchinson,Crewe Alexandra FC,Full Back,ENG - League Two,68.9,85.2,45.2,50.6
Pharrel Nnamdi Collins,N. Collins,Eintracht Frankfurt,Central Defender,GER - Bundesliga,66.1,28.3,90.1,79.8
Dan Kemp,D. Kemp,Stevenage FC,Midfield,ENG - League One,62.0,81.4,73.3,37.6
Milos Kerkez,M. Kerkez,Liverpool Football Club,Full Back,ENG - Premier League,82.2,82.9,76.2,20.9
Lorent Tolaj,L. Tolaj,Plymouth Argyle,Center Forward,ENG - League One,78.8,79.4,58.2,20.3
Ben Chrisene,B. Chrisene,Norwich City,Full Back,ENG - Championship,11.9,52.3,38.2,27.7
Kialonda Gaspar,Kialonda Gaspar,Lecce,Central Defender,ITA - Serie A,67.9,40.9,52.1,21.6
Joshua Quarshie,J. Quarshie,Southampton,Central Defender,ENG - Championship,99.3,81.0,46.4,17.7
Pablo Barrios Rivas,Pablo Barrios,Atlético Madrid,Midfield,ESP - LaLiga,77.8,78.3,86.0,66.9
Konstantinos Koulierakis,K. Koulierakis,VfL Wolfsburg,Central Defender,GER - Bundesliga,75.0,19.7,53.1,40.6
Alejandro Jiménez Sánchez,Álex Jiménez,Bournemouth,Full Back,ENG - Premier League,91.9,72.5,46.0,13.5
Zak Swanson,Z. Swanson,Portsmouth,Full Back,ENG - Championship,29.6,28.7,24.5,53.5
Santiago Tomás Castro,S. Castro,Bologna,Center Forward,ITA - Serie A,36.8,32.1,50.7,33.7
Odeluga Offiah,O. Offiah,Preston North End,Central Defender,ENG - Championship,86.9,66.8,83.7,94.2
Odeluga Offiah,O. Offiah,Preston North End,Full Back,ENG - Championship,58.1,64.0,58.1,39.9
Tommi Dylan Brooklyn O'Reilly,T. O'Reilly,Crewe Alexandra FC,Wide Attacker,ENG - League Two,51.2,76.2,64.5,44.8
Bilal El Khannouss,B. El Khannouss,VfB Stuttgart,Midfield,GER - Bundesliga,99.6,87.1,39.8,23.6
Cameron Congreve,C. Congreve,Dundee FC,Wide Attacker,SCO - Premiership,46.9,32.2,59.1,88.6
Máximo Perrone,M. Perrone,Como 1907,Midfield,ITA - Serie A,47.0,54.9,37.0,30.4
Arthur Augusto de Matos Soares,Arthur,Bayer 04 Leverkusen,Full Back,GER - Bundesliga,96.1,63.3,55.8,65.8
Renato Palma Veiga,Renato Veiga,Villarreal CF,Central Defender,ESP - LaLiga,10.6,20.9,64.7,78.8
Kacper Mieczyslaw Łopata,Kacper Łopata,Bristol Rovers FC,Central Defender,ENG - League Two,58.8,37.3,4.4,19.3
Yassine Belkhdim,Y. Belkhdim,Angers SCO,Wide Attacker,FRA - Ligue 1,37.6,21.9,75.7,99.9
Daniel Kankam Kyerewaa,D. Kyerewaa,Reading,Wide Attacker,ENG - League One,65.5,24.1,47.8,45.7
Adrian Segecic,A. Segecic,Portsmouth,Wide Attacker,ENG - Championship,26.6,33.4,48.8,84.1
Elijah Henry Just,E. Just,Motherwell,Midfield,SCO - Premiership,85.2,59.6,82.4,93.9
Carlos Noom Quomah Baleba,C. Baleba,Brighton and Hove Albion,Midfield,ENG - Premier League,95.5,86.0,51.5,33.8
Emmanuel Fernandez,E. Fernandez,Rangers,Central Defender,SCO - Premiership,82.7,68.3,45.4,46.6
Matthew Joseph Virtue-Thick,M. Virtue-Thick,Fleetwood Town FC,Midfield,ENG - League Two,23.4,34.8,30.7,60.2
Lewis Billington,L. Billington,Crewe Alexandra FC,Full Back,ENG - League Two,19.5,56.0,41.8,74.7
Giovane Santana do Nascimento,Giovane,Hellas Verona,Center Forward,ITA - Serie A,61.6,44.2,70.6,77.3
Joel Chima Fujita,J. Fujita,FC St. Pauli,Midfield,GER - Bundesliga,32.5,54.6,62.9,51.5
Akor Jerome Adams,A. Adams,Sevilla FC,Center Forward,ESP - LaLiga,76.4,82.6,60.8,18.2
Leny Yoro,L. Yoro,Manchester United,Central Defender,ENG - Premier League,65.5,51.3,76.4,71.6
Ben Woods,B. Woods,Peterborough United,Midfield,ENG - League One,17.6,35.9,45.1,88.1
Dara  Costelloe,D. Costelloe,Wigan Athletic,Center Forward,ENG - League One,71.5,86.5,97.6,97.8
Matthew Baker,M. Baker,Newport County AFC,Central Defender,ENG - League Two,49.7,77.2,36.4,63.9
Daniel Kanu,D. Kanu,Walsall FC,Center Forward,ENG - League Two,91.5,72.4,40.6,33.3
Nicolò Savona,N. Savona,Nottingham Forest,Full Back,ENG - Premier League,80.5,58.7,59.6,55.7
Samuel Iling-Junior,S. Iling-Junior,West Bromwich Albion,Wide Attacker,ENG - Championship,37.2,12.3,30.8,81.4
Diego Manuel Jadon da Silva Moreira,Diego Moreira,RC Strasbourg Alsace,Full Back,FRA - Ligue 1,87.3,76.2,83.9,83.3
Mateus Gonçalo Espanha Fernandes,Mateus Fernandes,West Ham United,Midfield,ENG - Premier League,46.3,62.1,31.9,34.4
Youssef Ramalho Chermiti,Youssef Chermiti,Rangers,Center Forward,SCO - Premiership,68.3,40.3,46.6,63.5
Álex Valle Gómez,Álex Valle,Como 1907,Full Back,ITA - Serie A,61.8,71.8,93.0,80.4
Tyreece Campbell,T. Campbell,Charlton Athletic,Wide Attacker,ENG - Championship,97.7,85.2,44.5,5.5
Noah Sadiki,N. Sadiki,Sunderland,Midfield,ENG - Premier League,87.9,92.4,68.8,44.3
Ashley Charles,A. Charles,Bromley FC,Midfield,ENG - League Two,23.2,60.7,39.6,31.5
Brodie Spencer,B. Spencer,Oxford United,Full Back,ENG - Championship,60.6,53.6,73.9,68.8
Michael Forbes,M. Forbes,Northampton Town FC,Central Defender,ENG - League One,73.4,69.0,32.4,81.0
Terry Devlin,T. Devlin,Portsmouth,Full Back,ENG - Championship,33.7,53.0,56.3,57.2
Ruairi McConville,R. McConville,Norwich City,Central Defender,ENG - Championship,58.6,40.5,44.0,53.9
Nicolás Paz Martínez,Nico Paz,Como 1907,Midfield,ITA - Serie A,75.0,73.0,62.0,16.1
Ibou Touray,I. Touray,Bradford City AFC,Central Defender,ENG - League One,32.3,66.9,70.3,82.1
Ibou Touray,I. Touray,Bradford City AFC,Full Back,ENG - League One,39.2,74.5,70.3,47.5
Andri Lucas Gudjohnsen,A. Gudjohnsen,Blackburn Rovers,Center Forward,ENG - Championship,26.0,35.7,24.9,67.0
Ji-Sung  Eom,Eom Ji-Sung,Swansea City,Wide Attacker,ENG - Championship,28.7,43.8,93.2,75.9
Phoenix Patterson,P. Patterson,Stevenage FC,Wide Attacker,ENG - League One,57.1,39.4,42.4,40.2
Lewis  Cass,L. Cass,Harrogate Town FC,Full Back,ENG - League Two,49.0,53.8,16.7,62.2
Dean Huijsen,Dean Huijsen,Real Madrid CF,Central Defender,ESP - LaLiga,94.2,72.8,72.9,72.6
Xavier Simons,X. Simons,Bolton Wanderers,Midfield,ENG - League One,75.3,89.8,9.8,26.7
Rafik Belghali,R. Belghali,Hellas Verona,Full Back,ITA - Serie A,43.5,38.7,73.8,81.5
Charlie Hughes,C. Hughes,Hull City,Central Defender,ENG - Championship,52.8,66.9,82.3,25.3
Andrej Ilić,A. Ilić,FC Union Berlin,Center Forward,GER - Bundesliga,55.1,34.7,39.1,33.2
Géza David Turi,G. Turi,Grimsby Town FC,Midfield,ENG - League Two,15.8,14.7,11.0,19.3
Cameron McJannet,C. McJannet,Grimsby Town FC,Central Defender,ENG - League Two,55.8,27.9,41.3,74.5
Eoin Toal,E. Toal,Bolton Wanderers,Central Defender,ENG - League One,67.3,58.5,39.1,74.1
Ryan Graydon,R. Graydon,Fleetwood Town FC,Center Forward,ENG - League Two,96.6,78.3,48.2,15.4
Lee Bonis,L. Bonis,Chesterfield FC,Center Forward,ENG - League Two,90.6,94.2,52.1,28.6
Daniel Elfadli,Daniel Elfadli,Hamburger SV,Central Defender,GER - Bundesliga,35.4,46.9,78.1,96.0
Leonardo Weschenfelder-Scienza,Léo Scienza,Southampton,Midfield,ENG - Championship,96.2,95.4,65.3,21.5
Killian Phillips,K. Phillips,St. Mirren,Midfield,SCO - Premiership,70.4,79.1,53.6,42.3
Jake O'Brien,J. O'Brien,Everton,Full Back,ENG - Premier League,77.0,70.5,40.3,16.9
Malachi Boateng,M. Boateng,Plymouth Argyle,Midfield,ENG - League One,91.1,63.3,16.7,20.1
Malachi Boateng,M. Boateng,Plymouth Argyle,Midfield,ENG - League One,71.1,49.6,6.6,14.8
Oscar Schwartau,O. Schwartau,Norwich City,Wide Attacker,ENG - Championship,48.7,51.0,81.1,90.6
Bobby Kamwa,B. Kamwa,Newport County AFC,Wide Attacker,ENG - League Two,59.1,36.3,8.5,20.0
Luca Kjerrumgaard,L. Kjerrumgaard,Watford,Center Forward,ENG - Championship,40.0,19.3,52.6,43.8
Igor Thiago Nascimento Rodrigues,Igor Thiago,Brentford FC,Center Forward,ENG - Premier League,95.4,68.1,76.9,41.9
José Ángel Córdoba Chambers,J. Córdoba,Norwich City,Central Defender,ENG - Championship,86.6,82.4,81.6,64.9
David Watson,D. Watson,Kilmarnock,Midfield,SCO - Premiership,59.5,41.2,46.2,47.6
Jack Sanders,J. Sanders,Milton Keynes Dons,Central Defender,ENG - League Two,99.2,27.5,29.7,53.9
Jack Sanders,J. Sanders,Milton Keynes Dons,Central Defender,ENG - League Two,64.6,56.3,60.8,76.5
Adam James Wharton,A. Wharton,Crystal Palace,Midfield,ENG - Premier League,28.3,48.7,36.7,24.9
Sinclair Armstrong,S. Armstrong,Bristol City,Center Forward,ENG - Championship,98.8,90.9,18.5,33.2
Ollie Tanner,O. Tanner,Cardiff City,Wide Attacker,ENG - League One,72.6,51.0,58.6,21.1
Miles Leaburn,M. Leaburn,Charlton Athletic,Center Forward,ENG - Championship,67.2,37.8,49.2,10.3
Darragh Burns,D. Burns,Grimsby Town FC,Wide Attacker,ENG - League Two,24.2,39.5,32.8,53.2
Matthew Dennis,M. Dennis,Notts County FC,Center Forward,ENG - League Two,89.8,76.0,41.3,43.5
Hector Kyprianou,H. Kyprianou,Watford,Midfield,ENG - Championship,14.0,32.4,41.2,47.8
Farrend Rawson,F. Rawson,Accrington Stanley,Central Defender,ENG - League Two,50.6,39.7,5.7,2.1
Mohamed Amine Sbaï,A. Sbaï,Angers SCO,Wide Attacker,FRA - Ligue 1,13.5,42.4,65.0,87.4
Keanu Baccus,K. Baccus,St. Mirren,Midfield,SCO - Premiership,7.3,34.0,59.8,66.4
Danilo Filipe De Melo Veiga,Danilo Veiga,Lecce,Full Back,ITA - Serie A,31.2,31.0,67.6,26.8
Nicky Cadden,N. Cadden,Hibernian,Full Back,SCO - Premiership,23.7,25.5,4.5,54.5
Paudie O'Connor,P. O'Connor,Reading,Central Defender,ENG - League One,2.6,27.7,20.2,51.1
Kévin Keben Biakolo,K. Keben,Watford,Central Defender,ENG - Championship,66.6,53.1,59.9,41.7
Quilindschy Hartman,Q. Hartman,Burnley,Full Back,ENG - Premier League,43.7,38.0,29.6,17.0
Lewis Miller,L. Miller,Blackburn Rovers,Central Defender,ENG - Championship,86.7,62.3,70.0,66.1
Archie Collins,A. Collins,Peterborough United,Midfield,ENG - League One,9.9,36.1,3.8,46.1
Archie Collins,A. Collins,Peterborough United,Midfield,ENG - League One,35.3,69.9,22.1,19.9
Alex Hartridge,A. Hartridge,Burton Albion,Central Defender,ENG - League One,47.0,86.2,62.8,76.4
Josh Key,J. Key,Swansea City,Full Back,ENG - Championship,48.5,42.4,68.4,86.4
Jack Sparkes,J. Sparkes,Bristol Rovers FC,Full Back,ENG - League Two,25.3,33.5,21.4,7.6
Jack Sparkes,J. Sparkes,Bristol Rovers FC,Full Back,ENG - League Two,11.6,35.2,20.1,21.4
Pierce Sweeney,P. Sweeney,Exeter City FC,Central Defender,ENG - League One,18.8,15.3,10.4,46.7
Jake Caprice,J. Caprice,Oldham Athletic AFC,Full Back,ENG - League Two,80.4,55.0,7.6,23.0
Bert Esselink,B. Esselink,Dundee United,Central Defender,SCO - Premiership,29.4,37.8,26.9,11.0
Robin Fellhauer,R. Fellhauer,FC Augsburg,Full Back,GER - Bundesliga,62.7,28.7,58.7,91.1
Jorge Herrando Oroz,Jorge Herrando,CA Osasuna,Central Defender,ESP - LaLiga,45.7,68.0,63.1,37.5
Pablo  Ibáñez Lumbreras,Pablo Ibáñez,Deportivo Alavés,Midfield,ESP - LaLiga,45.1,33.7,60.3,90.2
Sam Finley,S. Finley,Tranmere Rovers FC,Midfield,ENG - League Two,72.4,35.7,12.9,2.0
James Connolly,J. Connolly,Crewe Alexandra FC,Central Defender,ENG - League Two,24.2,47.5,37.2,45.3
Luca Hoole,L. Hoole,Shrewsbury Town,Central Defender,ENG - League Two,90.7,56.3,78.1,59.8
Alfie Kilgour,A. Kilgour,Bristol Rovers FC,Central Defender,ENG - League Two,41.6,32.5,48.0,38.9
Ryan Loft,R. Loft,Crawley Town FC,Center Forward,ENG - League Two,92.0,79.5,12.2,39.0
James Abankwah,J. Abankwah,Watford,Central Defender,ENG - Championship,96.2,82.7,45.7,33.6
Tom Conlon,T. Conlon,Oldham Athletic AFC,Midfield,ENG - League Two,24.0,34.4,20.2,24.4
Connor Hall,C. Hall,Port Vale FC,Central Defender,ENG - League One,17.5,43.0,30.9,73.9
Nathan Smith,N. Smith,Tranmere Rovers FC,Central Defender,ENG - League Two,27.9,33.6,17.5,10.2
Thomas George Pett,T. Pett,Oldham Athletic AFC,Wide Attacker,ENG - League Two,5.8,12.2,23.3,71.0
Radinio Balker,R. Balker,Huddersfield Town,Central Defender,ENG - League One,36.2,55.7,26.5,41.0
Jacob Slater,J. Slater,Harrogate Town FC,Full Back,ENG - League Two,49.4,47.8,61.6,90.7
Edouard Blaise Etta Eyong Karl,E. Eyong,Levante UD,Center Forward,ESP - LaLiga,78.4,88.4,72.9,36.7
Finn Azaz,F. Azaz,Southampton,Midfield,ENG - Championship,75.7,79.3,68.8,57.2
Matteo Prati,M. Prati,Cagliari,Midfield,ITA - Serie A,15.5,49.0,57.5,71.8
Charles Vernam,C. Vernam,Grimsby Town FC,Wide Attacker,ENG - League Two,56.1,61.9,32.2,34.2
Baily Cargill,B. Cargill,Mansfield Town FC,Central Defender,ENG - League One,33.0,30.9,35.2,50.1
Ben Stevenson,B. Stevenson,Cheltenham Town,Midfield,ENG - League Two,5.8,49.5,16.2,3.8
Josh March,J. March,Crewe Alexandra FC,Center Forward,ENG - League Two,49.7,38.2,60.4,81.0
Udoka Godwin-Malife,U. Godwin-Malife,Burton Albion,Central Defender,ENG - League One,87.8,85.3,43.9,56.0
Carlos Romero Serrano,Carlos Romero,RCD Espanyol,Full Back,ESP - LaLiga,59.5,58.7,62.2,26.3
Doug Tharme,D. Tharme,Grimsby Town FC,Central Defender,ENG - League Two,33.7,33.1,12.4,22.4
Marc Aguado Pallarés,Marc Aguado,Elche CF,Midfield,ESP - LaLiga,53.4,29.7,45.2,32.3
Abel Bretones Cruz,Abel Bretones,CA Osasuna,Full Back,ESP - LaLiga,62.1,87.7,43.6,41.1
Divin Mubama,D. Mubama,Stoke City,Center Forward,ENG - Championship,39.7,79.2,64.8,35.5
Nick Tsaroulla,N. Tsaroulla,Notts County FC,Full Back,ENG - League Two,7.7,51.0,21.7,43.7
Tom Nichols,T. Nichols,Swindon Town,Midfield,ENG - League Two,24.6,37.6,48.6,60.9
Ollie O'Neill,O. O'Neill,Leyton Orient FC,Wide Attacker,ENG - League One,33.9,37.3,17.5,63.8
Ephron Mason-Clark,E. Mason-Clark,Coventry City Football Club,Wide Attacker,ENG - Championship,23.4,30.0,30.1,21.3
Henrik Wendel Meister,H. Meister,Pisa Sporting Club,Center Forward,ITA - Serie A,67.6,75.9,64.8,29.0
Yankuba Minteh,Y. Minteh,Brighton and Hove Albion,Wide Attacker,ENG - Premier League,98.3,75.6,58.4,31.8
Matty Jacob,M. Jacob,Reading,Full Back,ENG - League One,12.2,2.8,43.6,58.1
Samson Baidoo,S. Baidoo,RC Lens,Central Defender,FRA - Ligue 1,90.1,46.6,58.4,64.8
Aljoscha Kemlein,A. Kemlein,FC Union Berlin,Midfield,GER - Bundesliga,34.5,22.7,68.5,96.2
Fabrizio Cavegn,F. Cavegn,Bristol Rovers FC,Center Forward,ENG - League Two,87.5,92.4,85.0,41.8
Andre Chance Brooks,A. Brooks,Sheffield United,Wide Attacker,ENG - Championship,84.6,48.4,41.4,23.1
Yuito Suzuki,Y. Suzuki,SC Freiburg,Midfield,GER - Bundesliga,95.5,74.9,74.8,68.2
Joaquín Panichelli,J. Panichelli,RC Strasbourg Alsace,Center Forward,FRA - Ligue 1,17.5,31.7,85.3,95.6
Abdel Rahim Alhassane Bonkano,R. Alhassane,Real Oviedo,Full Back,ESP - LaLiga,70.8,92.0,86.7,61.7
Omar Bugiel,Omar Bugiel,AFC Wimbledon,Center Forward,ENG - League One,8.8,28.9,24.4,59.3
Adam Mayor,A. Mayor,Cambridge United,Wide Attacker,ENG - League Two,90.8,77.0,38.3,22.8
Álvaro Daniel Rodríguez Muñoz,Álvaro Rodríguez,Elche CF,Center Forward,ESP - LaLiga,62.0,41.4,56.7,44.5
Tristan Crama,T. Crama,Millwall FC,Full Back,ENG - Championship,75.8,73.4,48.2,24.3
Tristan Crama,T. Crama,Millwall FC,Central Defender,ENG - Championship,76.3,65.2,66.6,35.3
Brad Hills,B. Hills,Stockport County FC,Central Defender,ENG - League One,91.3,39.3,30.8,26.5
Connor Allan,C. Allan,Falkirk,Central Defender,SCO - Premiership,38.9,61.8,84.6,90.9
Joe Low,J. Low,Huddersfield Town,Central Defender,ENG - League One,22.8,59.2,15.0,49.8
Joe Low,J. Low,Huddersfield Town,Central Defender,ENG - League One,82.7,64.1,27.3,42.1
Mateo Joseph Fernández Regatillo,Mateo Joseph,RCD Mallorca,Center Forward,ESP - LaLiga,41.6,54.8,66.2,87.3
Nathan Asiimwe,N. Asiimwe,AFC Wimbledon,Full Back,ENG - League One,28.3,36.6,24.5,28.5
Aribusitamunoipirim Emmanuel Pepple,A. Pepple,Plymouth Argyle,Center Forward,ENG - League One,42.0,67.6,44.7,34.6
Jack Currie,J. Currie,Oxford United,Full Back,ENG - Championship,27.1,41.9,70.9,44.5
Evan Khouri,E. Khouri,Grimsby Town FC,Midfield,ENG - League Two,67.9,39.5,36.8,21.0
Harry Clifton,H. Clifton,Doncaster Rovers FC,Midfield,ENG - League One,64.1,60.3,70.0,92.7
Kieran Green,K. Green,Grimsby Town FC,Midfield,ENG - League Two,85.0,72.1,26.7,41.1
Ben Whitfield,B. Whitfield,Barrow AFC,Full Back,ENG - League Two,65.1,49.9,20.4,87.3
Tyrell Warren,T. Warren,Grimsby Town FC,Central Defender,ENG - League Two,31.8,43.8,31.9,22.1
Josh Gordon,J. Gordon,Barrow AFC,Center Forward,ENG - League Two,89.6,80.5,42.2,17.8
Harrison Neal,H. Neal,Fleetwood Town FC,Midfield,ENG - League Two,5.5,29.6,22.6,33.1
Niall Canavan,N. Canavan,Barrow AFC,Central Defender,ENG - League Two,28.4,41.0,13.3,1.1
Patrick Brough,P. Brough,Tranmere Rovers FC,Central Defender,ENG - League Two,95.9,31.6,34.1,67.2
Kieron Bowie,K. Bowie,Hibernian,Center Forward,SCO - Premiership,38.9,57.8,28.1,59.8
Jon Mellish,J. Mellish,Milton Keynes Dons,Full Back,ENG - League Two,89.8,56.1,80.6,93.3
Josh Neufville,J. Neufville,Bradford City AFC,Full Back,ENG - League One,97.5,98.8,61.2,78.7
Alistair Smith,A. Smith,AFC Wimbledon,Midfield,ENG - League One,31.7,31.1,52.7,66.2
Samson Tovide,S. Tovide,Colchester United FC,Center Forward,ENG - League Two,86.8,92.4,26.9,19.3
Luke  Hannant,L. Hannant,Oldham Athletic AFC,Wide Attacker,ENG - League Two,64.0,41.1,32.2,81.9
Junior Tchamadeu,J. Tchamadeu,Stoke City,Full Back,ENG - Championship,95.7,67.0,25.4,8.0
Luke Molyneux,L. Molyneux,Doncaster Rovers FC,Wide Attacker,ENG - League One,55.5,66.9,30.5,27.2
James Maxwell,J. Maxwell,Doncaster Rovers FC,Full Back,ENG - League One,8.0,28.8,46.7,15.9
Ellis Iandolo,E. Iandolo,Colchester United FC,Full Back,ENG - League Two,18.4,56.5,30.2,23.4
Louis Reed,L. Reed,Mansfield Town FC,Midfield,ENG - League One,1.1,29.5,9.0,24.6
Remeao Hutton,R. Hutton,Gillingham FC,Full Back,ENG - League Two,65.7,60.2,16.7,20.0
Remeao Hutton,R. Hutton,Gillingham FC,Full Back,ENG - League Two,55.4,14.7,17.4,55.3
Rod McDonald,R. McDonald,Notts County FC,Central Defender,ENG - League Two,3.5,24.3,4.0,5.5
Cameron Norman,C. Norman,Tranmere Rovers FC,Full Back,ENG - League Two,3.1,40.4,19.1,56.5
Mickey Demetriou  ,M. Demetriou,Crewe Alexandra FC,Central Defender,ENG - League Two,8.6,56.0,56.0,74.1
Emmanuel Gaetan Nguemkam Monthe,E. Monthe,Oldham Athletic AFC,Central Defender,ENG - League Two,97.2,89.0,23.4,9.8
Oisin McEntee,O. McEntee,Heart of Midlothian,Full Back,SCO - Premiership,34.6,32.7,26.8,29.6
Taylor Allen,T. Allen,Wycombe Wanderers,Central Defender,ENG - League One,44.1,47.7,64.3,93.8
Will Wright,W. Wright,Swindon Town,Central Defender,ENG - League Two,41.9,49.6,26.0,84.1
Carl Piergianni,C. Piergianni,Stevenage FC,Central Defender,ENG - League One,32.1,41.1,11.7,10.4
Luther Ash James-Wildin,L. James-Wildin,Stevenage FC,Full Back,ENG - League One,50.9,57.3,25.2,22.5
Arthur Read,A. Read,Colchester United FC,Midfield,ENG - League Two,32.0,56.6,38.8,9.4
Jamie Reid,J. Reid,Stevenage FC,Center Forward,ENG - League One,52.7,82.9,49.5,6.5
Jack Muldoon,J. Muldoon,Harrogate Town FC,Center Forward,ENG - League Two,13.9,29.6,21.3,71.5
Rhys Oates,R. Oates,Mansfield Town FC,Center Forward,ENG - League One,90.5,77.3,32.7,33.1
Myles Hippolyte,M. Hippolyte,AFC Wimbledon,Midfield,ENG - League One,53.6,36.2,46.3,34.3
Ryan Croasdale,R. Croasdale,Port Vale FC,Midfield,ENG - League One,33.2,22.0,74.7,82.8
Ryan Johnson,R. Johnson,AFC Wimbledon,Central Defender,ENG - League One,22.5,27.6,43.4,40.3
Dan Happe,D. Happe,Leyton Orient FC,Central Defender,ENG - League One,43.0,48.9,21.8,21.2
Jayden Sweeney,J. Sweeney,Grimsby Town FC,Full Back,ENG - League Two,22.3,51.3,75.5,64.2
Aaron Drinan,A. Drinan,Swindon Town,Center Forward,ENG - League Two,95.6,92.3,28.7,31.3
Sam Hoskins,S. Hoskins,Northampton Town FC,Full Back,ENG - League One,38.5,24.5,31.1,50.9
Max Dyche,M. Dyche,Northampton Town FC,Central Defender,ENG - League One,39.7,29.4,30.4,72.1
Elliott  Nevitt,E. Nevitt,Gillingham FC,Center Forward,ENG - League Two,51.1,27.0,41.3,68.1
Marcus Dackers,M. Dackers,Kilmarnock,Center Forward,SCO - Premiership,29.1,20.6,13.6,43.1
Isaac Ogundere,I. Ogundere,AFC Wimbledon,Central Defender,ENG - League One,67.9,78.6,92.6,97.0
Tyrese Shade,T. Shade,Burton Albion,Center Forward,ENG - League One,90.0,91.6,66.4,62.2
Mohammed Bosun Lawal,B. Lawal,Stoke City,Central Defender,ENG - Championship,69.5,40.8,11.5,39.2
Mathew Stevens,M. Stevens,AFC Wimbledon,Center Forward,ENG - League One,5.7,14.4,26.4,73.3
Jimmy-Jay Morgan,J. Morgan,Peterborough United,Midfield,ENG - League One,84.9,59.4,65.9,29.5
Arthur Atta,A. Atta,Udinese,Midfield,ITA - Serie A,82.5,66.0,74.9,83.2
Nobel Mendy,N. Mendy,Rayo Vallecano,Central Defender,ESP - LaLiga,67.3,85.1,75.0,39.5
Michael Olabode Kayode,M. Kayode,Brentford FC,Full Back,ENG - Premier League,81.0,57.8,73.1,47.4
Mario Martín Rielves,Mario Martín,Getafe CF,Midfield,ESP - LaLiga,81.6,46.0,72.7,53.8
Zak Sturge,Z. Sturge,Millwall FC,Full Back,ENG - Championship,90.3,66.0,80.8,46.5
Davide Bartesaghi,D. Bartesaghi,Milan,Full Back,ITA - Serie A,66.0,51.9,69.8,78.8
Michael  Mellon,M. Mellon,Oldham Athletic AFC,Center Forward,ENG - League Two,85.6,68.5,22.3,5.0
Carlos Vicente Robles,Carlos Vicente,Deportivo Alavés,Wide Attacker,ESP - LaLiga,70.4,64.3,81.7,58.7
Javier Rodríguez Galiano,Javi Rodríguez,RC Celta de Vigo,Central Defender,ESP - LaLiga,41.4,57.4,69.4,78.9
Jon Gorrotxategi Etxaniz,Jon Gorrotxategi,Real Sociedad,Midfield,ESP - LaLiga,53.9,49.6,84.8,59.1
Javier Rueda Garcia,Javi Rueda,RC Celta de Vigo,Full Back,ESP - LaLiga,96.8,97.0,73.6,58.3
Hugo Rincón Lumbreras,Hugo Rincón,Girona FC,Full Back,ESP - LaLiga,31.3,22.3,35.1,66.3
Ilyas  Ansah,I. Ansah,FC Union Berlin,Center Forward,GER - Bundesliga,16.4,30.8,61.9,85.5
Kabongo Tshimanga,K. Tshimanga,Crawley Town FC,Center Forward,ENG - League Two,55.2,46.5,51.7,33.2
Álvaro Santiago Mouriño González,S. Mouriño,Villarreal CF,Full Back,ESP - LaLiga,7.5,43.1,78.5,12.5
Joon-Ho Bae,Bae Jun-Ho,Stoke City,Midfield,ENG - Championship,52.1,84.5,93.6,81.2
Connor O'Brien,C. O'Brien,Accrington Stanley,Full Back,ENG - League Two,60.2,41.0,44.3,66.8
Mihailo Ivanović,M. Ivanović,Millwall FC,Center Forward,ENG - Championship,50.2,32.7,24.4,19.8
Gift Emmanuel Orban,G. Orban,Hellas Verona,Center Forward,ITA - Serie A,66.3,81.4,45.5,18.6
Matias Fernandez-Pardo,M. Fernandez-Pardo,LOSC Lille,Wide Attacker,FRA - Ligue 1,95.9,83.7,48.4,55.2
Luka Vušković,L. Vušković,Hamburger SV,Central Defender,GER - Bundesliga,20.8,36.4,49.6,56.1
Patrick Agyemang,P. Agyemang,Derby County FC,Center Forward,ENG - Championship,89.8,71.6,25.3,15.9
Thierno Barry,T. Barry,Everton,Center Forward,ENG - Premier League,86.8,49.6,82.7,78.5
Toby Mullarkey,T. Mullarkey,Fleetwood Town FC,Central Defender,ENG - League Two,31.8,62.5,20.0,65.3
Connor Jennings,C. Jennings,Tranmere Rovers FC,Center Forward,ENG - League Two,11.9,34.4,62.2,75.4
Mark Shelton,M. Shelton,Barnet FC,Midfield,ENG - League Two,26.1,45.5,56.4,74.1
Owen Lunt,O. Lunt,Crewe Alexandra FC,Midfield,ENG - League Two,72.7,48.4,77.0,72.2
Owen Lunt,O. Lunt,Crewe Alexandra FC,Midfield,ENG - League Two,54.4,49.4,45.6,45.6
Josh Andrews,J. Andrews,Gillingham FC,Center Forward,ENG - League Two,52.6,45.7,30.7,27.4
Nathaniel Opoku,N. Opoku,Newport County AFC,Center Forward,ENG - League Two,95.0,58.8,66.5,54.8
Sean Fusire,S. Fusire,Sheffield Wednesday,Full Back,ENG - Championship,15.0,18.1,59.1,88.6
Kaishu Sano,K. Sano,1. FSV Mainz 05,Midfield,GER - Bundesliga,86.9,57.4,72.4,66.2
Kaishu Sano,K. Sano,1. FSV Mainz 05,Midfield,GER - Bundesliga,87.9,67.8,60.9,52.6
Sebastian Revan,S. Revan,Burton Albion,Full Back,ENG - League One,42.2,37.3,47.0,61.0
Murillo Santiago Costa dos Santos,Murillo,Nottingham Forest,Central Defender,ENG - Premier League,94.5,99.0,82.7,16.6
Harry Leonard,H. Leonard,Peterborough United,Center Forward,ENG - League One,32.1,54.7,41.9,27.7
El Hadji Malick Diouf,E. Diouf,West Ham United,Full Back,ENG - Premier League,70.9,46.8,46.7,39.2
Elliot Newby,E. Newby,Barrow AFC,Full Back,ENG - League Two,34.4,25.0,35.0,75.9
Kojo Peprah  Oppong,K. Peprah Oppong,OGC Nice,Central Defender,FRA - Ligue 1,66.2,44.6,53.5,65.5
Lamine Yamal Nasroui Ebana,Lamine Yamal,FC Barcelona,Wide Attacker,ESP - LaLiga,28.0,16.3,57.1,2.5
Patrick Chinazaekpere Dorgu,P. Dorgu,Manchester United,Full Back,ENG - Premier League,59.4,44.8,46.3,65.5
Joseph Nathan Johnson,Joe Johnson,Luton Town,Full Back,ENG - League One,8.0,11.0,10.1,21.9
Marco Palestra,M. Palestra,Cagliari,Full Back,ITA - Serie A,94.4,72.0,44.8,54.1
Pietro Comuzzo,P. Comuzzo,Fiorentina,Central Defender,ITA - Serie A,20.4,53.6,76.1,85.2
Simon Ebonog,S. Ebonog,Le Havre AC,Midfield,FRA - Ligue 1,22.5,63.1,65.7,65.0
Jérémy Jacquet,J. Jacquet,Stade Rennais FC,Central Defender,FRA - Ligue 1,88.5,64.6,78.1,75.1
Leon Avdullahu,L. Avdullahu,TSG 1899 Hoffenheim,Midfield,GER - Bundesliga,55.5,47.6,53.8,82.9
Ethan Pye,E. Pye,Stockport County FC,Central Defender,ENG - League One,70.3,64.0,52.9,74.1
Finn Jeltsch,F. Jeltsch,VfB Stuttgart,Central Defender,GER - Bundesliga,83.9,67.5,91.4,93.4
Dylan Lawlor,D. Lawlor,Cardiff City,Central Defender,ENG - League One,41.2,64.3,46.6,66.5
Dom Ballard,D. Ballard,Leyton Orient FC,Center Forward,ENG - League One,38.3,77.1,87.0,86.9
Kamari Doyle,K. Doyle,Reading,Midfield,ENG - League One,38.8,36.1,80.0,92.2
Jayden Meghoma,J. Meghoma,Rangers,Full Back,SCO - Premiership,68.3,55.4,20.7,27.0
Jon Martín Vicente,Jon Martín,Real Sociedad,Central Defender,ESP - LaLiga,7.6,65.5,47.0,59.1
Pau Cubarsí Paredes,Pau Cubarsí,FC Barcelona,Central Defender,ESP - LaLiga,82.7,61.3,67.0,80.5
Devan Austin Tanton Pedroza,D. Tanton,Chesterfield FC,Full Back,ENG - League Two,30.6,53.8,14.3,58.9
Matías Agustín Moreno,M. Moreno,Levante UD,Central Defender,ESP - LaLiga,41.7,39.5,64.9,24.4
Lee Jenkins,L. Jenkins,Newport County AFC,Central Defender,ENG - League Two,90.3,70.9,43.9,66.8
Jay McGrath,J. McGrath,Doncaster Rovers FC,Central Defender,ENG - League One,14.1,63.4,41.7,15.8
Nicolai Remberg,N. Remberg,Hamburger SV,Midfield,GER - Bundesliga,20.4,38.7,13.4,19.0
Kellen Fisher,K. Fisher,Norwich City,Full Back,ENG - Championship,56.9,42.8,77.3,55.8
Clément Akpa,C. Akpa,AJ Auxerre,Central Defender,FRA - Ligue 1,93.6,81.7,84.6,30.2
Sidiki Chérif,S. Chérif,Angers SCO,Center Forward,FRA - Ligue 1,85.8,52.6,89.8,96.8
Adama Camara,A. Camara,Paris FC,Midfield,FRA - Ligue 1,37.8,20.1,88.2,90.7
Tom Davies,T. Davies,Newport County AFC,Full Back,ENG - League Two,2.8,30.8,48.3,74.9
Louis Oppie,L. Oppie,FC St. Pauli,Full Back,GER - Bundesliga,10.9,20.1,64.9,96.1
Sondre  Klingen Langås,S. Langås,Derby County FC,Central Defender,ENG - Championship,74.4,60.9,46.2,32.2
Caylan Vickers,C. Vickers,Barnsley FC,Wide Attacker,ENG - League One,7.6,8.2,42.9,46.2
Vincent  Harper,V. Harper,Walsall FC,Full Back,ENG - League Two,77.6,90.7,66.9,40.4
Lewis Shipley,L. Shipley,Barrow AFC,Central Defender,ENG - League Two,64.1,24.5,44.1,48.9
Sebastian Palmer-Houlden,S. Palmer-Houlden,Gillingham FC,Center Forward,ENG - League Two,96.9,30.9,60.9,46.6
Jay Williams,J. Williams,Crawley Town FC,Midfield,ENG - League Two,18.8,33.5,13.7,25.4
Jack Senior,J. Senior,Doncaster Rovers FC,Full Back,ENG - League One,54.1,36.2,30.4,20.0
Owen Bailey,O. Bailey,Doncaster Rovers FC,Midfield,ENG - League One,58.0,58.8,53.7,31.3
Omar Sowunmi,O. Sowunmi,Bromley FC,Central Defender,ENG - League Two,83.4,76.8,26.2,39.6
Aaron Nemane,A. Nemane,Milton Keynes Dons,Full Back,ENG - League Two,43.7,70.9,24.6,33.7
Kian Spence,K. Spence,Rotherham United,Midfield,ENG - League One,51.8,50.3,79.5,81.5
Luke Graham,L. Graham,Dundee FC,Central Defender,SCO - Premiership,36.5,28.9,31.3,83.2
Luke Graham,L. Graham,Dundee FC,Central Defender,SCO - Premiership,15.9,17.9,46.8,78.5
Jake Bickerstaff,J. Bickerstaff,Cheltenham Town,Center Forward,ENG - League Two,45.0,82.5,73.6,79.2
Max Cleworth,М. Cleworth,Wrexham FC,Central Defender,ENG - Championship,27.7,34.6,40.0,66.1
Luke Young,L. Young,Cheltenham Town,Midfield,ENG - League Two,48.9,79.0,25.4,37.8
Benn David Ward,B. Ward,Accrington Stanley,Central Defender,ENG - League Two,67.1,97.2,87.2,95.8
Tom Nixon,T. Nixon,Doncaster Rovers FC,Full Back,ENG - League One,24.9,34.5,34.2,48.1
Jack  Shepherd,J. Shepherd,Barnsley FC,Central Defender,ENG - League One,40.6,45.3,42.1,77.5
Jack  Shepherd,J. Shepherd,Barnsley FC,Central Defender,ENG - League One,36.2,57.9,5.3,42.0
Kyran Lofthouse,K. Lofthouse,Burton Albion,Full Back,ENG - League One,38.4,55.0,41.9,30.7
Bobby Pointon,B. Pointon,Bradford City AFC,Midfield,ENG - League One,34.8,50.1,66.4,78.7
Harry Forster,H. Forster,Crawley Town FC,Full Back,ENG - League Two,37.2,27.4,42.8,93.7
Alessandro Marcandalli,A. Marcandalli,Genoa,Central Defender,ITA - Serie A,92.9,89.0,97.8,42.3
Touré Bazoumana,T. Bazoumana,TSG 1899 Hoffenheim,Wide Attacker,GER - Bundesliga,97.9,89.9,52.9,70.7
Jacobo Ramón Naveros,Jacobo Ramón,Como 1907,Central Defender,ITA - Serie A,87.5,56.7,44.6,37.5
Finley Munroe,F. Munroe,Swindon Town,Full Back,ENG - League Two,77.5,43.0,33.6,35.2
Marcus Ifill,M. Ifill,Bromley FC,Full Back,ENG - League Two,86.4,61.4,26.3,22.7
Harvey Araujo,H. Araujo,Colchester United FC,Central Defender,ENG - League Two,43.3,35.2,5.0,0.5
Jonathan Bland,J. Bland,Barnsley FC,Midfield,ENG - League One,48.9,37.3,24.0,57.0
Luca Stephenson,L. Stephenson,Dundee United,Full Back,SCO - Premiership,76.3,19.0,40.0,40.3
Bailey-Tye Cadamarteri,B. Cadamarteri,Sheffield Wednesday,Center Forward,ENG - Championship,81.4,84.0,56.5,45.7
Tom Iorpenda,T. Iorpenda,Notts County FC,Midfield,ENG - League Two,92.4,78.6,35.4,36.4
Tom Iorpenda,T. Iorpenda,Notts County FC,Midfield,ENG - League Two,75.4,54.5,29.4,37.9
Luca Woodhouse,L. Woodhouse,Exeter City FC,Central Defender,ENG - League One,40.6,51.3,42.9,77.8
Zachary Sapsford,Z. Sapsford,Dundee United,Center Forward,SCO - Premiership,20.0,21.0,64.1,71.2
Othmane Maamma,O. Maamma,Watford,Wide Attacker,ENG - Championship,53.7,37.0,62.9,59.8
Kyrell Jeremiah Wilson,K. Wilson,Falkirk,Wide Attacker,SCO - Premiership,90.7,97.0,78.2,96.9
Ade Adeyemo,A. Adeyemo,Crawley Town FC,Full Back,ENG - League Two,65.4,53.6,54.7,68.0
Vitor de Oliveira Nunes dos Reis,Vitor Reis,Girona FC,Central Defender,ESP - LaLiga,78.5,49.8,81.2,70.8
NoahKai Dominic Banks,N. Banks,FC Augsburg,Central Defender,GER - Bundesliga,63.0,23.3,61.6,84.9
Mamadou Doumbia,M. Doumbia,Watford,Center Forward,ENG - Championship,52.8,36.7,59.6,77.9
Sydie Peck,S. Peck,Sheffield United,Midfield,ENG - Championship,8.7,11.9,64.7,78.0
Micah Mbick,M. Mbick,Colchester United FC,Center Forward,ENG - League Two,46.3,60.0,39.8,40.8
Mikel Jauregizar Alboniga,Mikel Jauregizar,Athletic Club de Bilbao,Midfield,ESP - LaLiga,38.2,54.0,45.7,45.4
Jenson Metcalfe,J. Metcalfe,Bradford City AFC,Midfield,ENG - League One,62.5,59.7,93.3,43.3
Richard Kone,R. Kone,Queens Park Rangers,Center Forward,ENG - Championship,47.2,54.6,59.7,90.3
Cian Ashford,C. Ashford,Cardiff City,Wide Attacker,ENG - League One,70.4,56.6,63.5,51.8
Jack Moylan,J. Moylan,Lincoln City FC,Midfield,ENG - League One,81.9,66.7,77.7,57.4
Arthur Ebong Avom,A. Avom,FC Lorient,Midfield,FRA - Ligue 1,82.8,89.1,59.1,70.1
Jamie McDonnell,J. McDonnell,Mansfield Town FC,Midfield,ENG - League One,92.0,57.4,50.0,7.8
Esteban Lepaul,E. Lepaul,Stade Rennais FC,Center Forward,FRA - Ligue 1,35.3,47.3,82.6,87.4
Tiago Gabriel Coelho Oliveira,Tiago Gabriel,Lecce,Central Defender,ITA - Serie A,45.1,59.9,50.2,7.6
Jordan  Thomas,J. Thomas,Cheltenham Town,Wide Attacker,ENG - League Two,1.8,38.1,6.2,32.4
Abdoul Karim  Coulibaly,A. Coulibaly,SV Werder Bremen,Central Defender,GER - Bundesliga,53.2,64.0,87.5,91.1
Djaoui Cissé,D. Cissé,Stade Rennais FC,Midfield,FRA - Ligue 1,10.7,35.0,22.5,49.6
Harley Mills,H. Mills,Peterborough United,Full Back,ENG - League One,20.4,17.8,17.1,71.4
Krisztián Keresztes,K. Keresztes,Dundee United,Central Defender,SCO - Premiership,80.4,48.8,29.8,12.6
Jamie Ryan Jellis,J. Jellis,Walsall FC,Midfield,ENG - League Two,83.2,49.4,84.6,78.5
Adrián Liso Lahoz,Adrián Liso,Getafe CF,Center Forward,ESP - LaLiga,66.4,88.3,61.0,32.8
Richard King,R. King,St. Mirren,Central Defender,SCO - Premiership,95.6,74.4,40.8,53.8
Terry Yegbe,T. Yegbe,FC Metz,Central Defender,FRA - Ligue 1,85.5,87.4,49.9,38.3
Harry Amass Fiorentino,H. Amass,Sheffield Wednesday,Full Back,ENG - Championship,46.2,65.8,82.4,51.9
Ethan Joseph Wheatley,E. Wheatley,Northampton Town FC,Center Forward,ENG - League One,98.5,92.9,57.5,56.7
Kan Guy Arsène Kouassi,A. Kouassi,FC Lorient,Full Back,FRA - Ligue 1,47.6,89.2,73.2,56.3
Yanis Zouaoui,Y. Zouaoui,Le Havre AC,Full Back,FRA - Ligue 1,29.8,16.7,60.5,50.2
Abdulai Juma Bah,Juma Bah,OGC Nice,Central Defender,FRA - Ligue 1,68.0,40.5,45.4,48.1
Evan Weir,E. Weir,Walsall FC,Central Defender,ENG - League Two,63.8,67.2,49.6,22.4
Ethan Schilte-Brown,E. Schilte-Brown,Kilmarnock,Central Defender,SCO - Premiership,5.5,41.6,60.6,41.0
Rumarn Burrell,R. Burrell,Queens Park Rangers,Center Forward,ENG - Championship,95.2,95.0,76.5,61.5
Idris Odutayo,I. Odutayo,Bromley FC,Full Back,ENG - League Two,64.9,46.4,38.5,6.5
Idris Odutayo,I. Odutayo,Bromley FC,Central Defender,ENG - League Two,45.4,30.7,48.0,31.7
Corey Whitely,C. Whitely,Bromley FC,Wide Attacker,ENG - League Two,78.3,67.0,35.6,54.1
Michael Cheek,M. Cheek,Bromley FC,Center Forward,ENG - League Two,50.9,67.2,47.5,14.0
Kayden Hughes,K. Hughes,Fleetwood Town FC,Central Defender,ENG - League Two,35.1,68.2,25.0,21.5
Connor Barrett,C. Barrett,Walsall FC,Full Back,ENG - League Two,98.1,94.7,53.4,16.0
Cláudio Rafael Soares Braga,Cláudio Braga,Heart of Midlothian,Center Forward,SCO - Premiership,79.3,74.5,77.8,74.4
Charlie Mel  Barker,C. Barker,Crawley Town FC,Central Defender,ENG - League Two,39.2,84.5,61.8,81.2
Miguel Freckleton,M. Freckleton,St. Mirren,Central Defender,SCO - Premiership,93.7,86.8,91.5,97.7
Dayann Methalie,D. Methalie,Toulouse FC,Full Back,FRA - Ligue 1,95.1,93.1,92.4,88.5
Arkell Jude-boyd,A. Jude-boyd,Cheltenham Town,Full Back,ENG - League Two,27.4,52.9,19.5,45.5
Ashqar Ahmed,A. Ahmed,Reading,Full Back,ENG - League One,58.4,39.3,51.5,46.9
Jesús  Rodríguez Caraballo,Jesús Rodríguez,Como 1907,Wide Attacker,ITA - Serie A,70.8,83.4,44.7,34.3
Joe Quigley,J. Quigley,Oldham Athletic AFC,Center Forward,ENG - League Two,20.7,34.4,39.1,10.4
Ronan Kpakio,R. Kpakio,Cardiff City,Full Back,ENG - League One,29.3,53.0,43.7,57.1
Liam Mandeville,L. Mandeville,Chesterfield FC,Wide Attacker,ENG - League Two,2.2,16.8,48.5,85.6
Daniele James Collinge,D. Collinge,Barnet FC,Central Defender,ENG - League Two,76.8,87.2,34.1,69.3
Adebola Oluwo,A. Oluwo,Salford City FC,Central Defender,ENG - League Two,79.8,82.0,39.8,35.5
Callum Stead,C. Stead,Barnet FC,Midfield,ENG - League Two,80.2,65.7,49.0,76.6
Kyrell  Lisbie,K. Lisbie,Peterborough United,Wide Attacker,ENG - League One,88.1,89.7,49.2,31.4
Jack Evans,J. Evans,Harrogate Town FC,Midfield,ENG - League Two,98.1,94.6,88.2,36.4
Reece Smith,R. Smith,Harrogate Town FC,Midfield,ENG - League Two,93.3,97.5,81.8,88.6
Reece Smith,R. Smith,Harrogate Town FC,Wide Attacker,ENG - League Two,57.8,83.5,57.5,93.2
Shaun McCoulsky,S. McCoulsky,Harrogate Town FC,Center Forward,ENG - League Two,80.2,75.8,47.0,48.5
Karl Mike Fondop-Talom,M. Fondop-Talum,Oldham Athletic AFC,Center Forward,ENG - League Two,84.9,35.1,12.8,5.2
Reagan Ogle,R. Ogle,Oldham Athletic AFC,Full Back,ENG - League Two,60.4,71.5,21.7,37.8
Will Davies,W. Davies,Fleetwood Town FC,Center Forward,ENG - League Two,64.7,43.1,37.5,63.0
Honest Ahanor,H. Ahanor,Atalanta,Central Defender,ITA - Serie A,58.8,20.8,87.6,97.1
Tony Yogane,T. Yogane,Dundee FC,Wide Attacker,SCO - Premiership,11.4,54.1,35.4,38.4
Rico Browne,R. Browne,Walsall FC,Central Defender,ENG - League Two,85.8,48.0,28.8,28.8
Jan Virgili Tenas,Jan Virgili,RCD Mallorca,Wide Attacker,ESP - LaLiga,72.3,83.9,57.8,29.1
Michael Spellman,M. Spellman,Newport County AFC,Wide Attacker,ENG - League Two,57.5,41.8,45.6,77.6
Sonny Aljofree,S. Aljofree,Notts County FC,Central Defender,ENG - League Two,17.7,43.2,27.2,45.6
William Lankshear,Will Lankshear,Oxford United,Center Forward,ENG - Championship,56.1,62.9,72.7,36.0
Calvin Miller,C. Miller,Falkirk,Wide Attacker,SCO - Premiership,72.5,25.9,36.8,92.6
Liam Henderson,L. Henderson,Falkirk,Central Defender,SCO - Premiership,37.7,61.5,58.4,72.6
Leon McCann,L. McCann,Falkirk,Full Back,SCO - Premiership,45.5,54.5,45.6,82.0
Brad Spencer,B. Spencer,Falkirk,Midfield,SCO - Premiership,19.4,35.9,20.0,66.7
Brad Spencer,B. Spencer,Falkirk,Midfield,SCO - Premiership,36.7,59.8,22.9,66.4
Keelan   Adams,K. Adams,Falkirk,Full Back,SCO - Premiership,94.5,72.6,48.3,43.0
Harry Milne,H. Milne,Heart of Midlothian,Full Back,SCO - Premiership,32.8,16.0,27.9,61.8
Harry Milne,H. Milne,Heart of Midlothian,Wide Attacker,SCO - Premiership,11.2,37.8,27.1,58.2
Gabriel Otegbayo,G. Otegbayo,Sheffield Wednesday,Central Defender,ENG - Championship,13.1,64.0,19.5,53.2
Thomas Wilson-Brown,T. Wilson-Brown,Swindon Town,Central Defender,ENG - League Two,76.2,21.2,49.2,90.7
Ashley Hay,A. Hay,Dundee FC,Center Forward,SCO - Premiership,92.0,82.9,70.4,85.2
Lindokuhle Ndlovu,L. Ndlovu,Barnet FC,Center Forward,ENG - League Two,51.7,31.0,18.5,3.3
Joe Snowdon,J. Snowdon,Swindon Town,Full Back,ENG - League Two,8.8,40.7,58.7,87.6
Tylel Tati,T. Tati,FC Nantes,Central Defender,FRA - Ligue 1,53.3,61.4,80.8,79.8
Devon Matthews,D. Matthews,Accrington Stanley,Central Defender,ENG - League Two,75.1,68.7,43.3,51.5
Devon Matthews,D. Matthews,Accrington Stanley,Central Defender,ENG - League Two,58.1,68.6,61.8,59.0
Isaac Heath,I. Heath,Accrington Stanley,Full Back,ENG - League Two,92.3,90.7,97.4,95.7
Kyreece Joshua Lisbie,K. Lisbie,Colchester United FC,Wide Attacker,ENG - League Two,95.2,87.8,70.1,54.4
Jack Perkins,J. Perkins,Northampton Town FC,Full Back,ENG - League One,52.9,27.2,34.7,79.5
Yan Diomande,Y. Diomande,RB Leipzig,Wide Attacker,GER - Bundesliga,95.4,87.8,76.9,40.5
Isaac  Sinclair ,I. Sinclair,Accrington Stanley,Midfield,ENG - League Two,92.0,82.9,61.4,36.9
Reece Staunton,R. Staunton,Grimsby Town FC,Full Back,ENG - League Two,13.3,18.4,32.5,35.1
Harrison Burke,H. Burke,Walsall FC,Central Defender,ENG - League Two,80.1,76.1,35.9,42.5
