"Player";"Short Name";"Player ID";"Birthdate";"Team";"Team ID";"Competition";"Competition ID";"Season";"Season ID";"Position";"Position Group";"Minutes";"Count Performances (Physical Check passed)";"Count Performances (Physical Check failed)";"Distance";"M/min";"Running Distance";"HSR Distance";"HSR Count";"Sprint Distance";"Sprint Count";"HI Distance";"HI Count";"PSV-99";"TOP 5 PSV-99";"Medium Acceleration Count";"High Acceleration Count";"Medium Deceleration Count";"High Deceleration Count";"Explosive Acceleration to HSR Count";"TOP 3 Time to HSR";"TOP 3 Time to HSR post-COD";"Explosive Acceleration to Sprint Count";"TOP 3 Time to Sprint";"TOP 3 Time to Sprint post-COD";"Change of Direction Count";"TOP 3 Time to 505 around 90";"TOP 3 Time to 505 around 180";"Distance P90";"M/min P90";"Running Distance P90";"HSR Distance P90";"HSR Count P90";"Sprint Distance P90";"Sprint Count P90";"HI Distance P90";"HI Count P90";"Medium Acceleration Count P90";"High Acceleration Count P90";"Medium Deceleration Count P90";"High Deceleration Count P90";"Explosive Acceleration to HSR Count P90";"Explosive Acceleration to Sprint Count P90";"Change of Direction Count P90"
"Aaron Cresswell";"A. Cresswell";"82";"1989-12-15";"Stoke City";"46";"ENG - Championship";"31";"2025/2026";"129";"LB";"Full Back";"99.6";"16";"0";"10688.0";"107.31";"1592.31";"617.81";"51.94";"140.0";"7.94";"757.81";"59.88";"28.01";"28.88";"117.38";"6.06";"92.06";"18.38";"2.69";"0.75";"0.87";"0.62";"1.58";"null";"29.75";"2.03";"2.8";"9657.93";"107.31";"1438.85";"558.27";"46.93";"126.51";"7.17";"684.78";"54.1";"106.06";"5.48";"83.19";"16.6";"2.43";"0.56";"26.88"
"Adam Armstrong";"A. Armstrong";"168";"1997-02-10";"Southampton";"58";"ENG - Championship";"31";"2025/2026";"129";"CF";"Center Forward";"85.68";"18";"0";"8653.06";"101.0";"989.5";"484.61";"58.11";"271.28";"15.0";"755.89";"73.11";"30.91";"31.9";"92.78";"8.89";"78.11";"18.0";"6.78";"0.62";"0.69";"3.22";"1.16";"1.36";"32.94";"1.94";"2.8";"9089.68";"101.0";"1039.43";"509.06";"61.04";"284.97";"15.76";"794.03";"76.8";"97.46";"9.34";"82.05";"18.91";"7.12";"3.38";"34.61"
"Adam Marušić";"A. Marušić";"196";"1992-10-17";"Lazio";"133";"ITA - Serie A";"5";"2025/2026";"129";"RB";"Full Back";"97.3";"16";"0";"10413.25";"107.02";"1270.69";"521.38";"54.5";"199.44";"10.44";"720.81";"64.94";"30.22";"31.86";"108.19";"7.06";"90.56";"17.38";"5.31";"0.63";"0.73";"2.38";"1.25";"1.61";"27.31";"1.98";"2.7";"9631.58";"107.02";"1175.3";"482.24";"50.41";"184.47";"9.65";"666.7";"60.06";"100.07";"6.53";"83.76";"16.07";"4.91";"2.2";"25.26"
"Adrien Rabiot";"A. Rabiot";"277";"1995-04-03";"Milan";"140";"ITA - Serie A";"5";"2025/2026";"129";"LM";"Midfield";"97.89";"14";"0";"11334.5";"115.78";"1771.21";"709.5";"64.93";"235.93";"12.57";"945.43";"77.5";"28.77";"29.98";"119.0";"5.5";"105.21";"15.71";"3.86";"0.7";"0.72";"1.29";"1.39";"1.58";"39.93";"2.01";"2.62";"10420.63";"115.78";"1628.41";"652.29";"59.69";"216.91";"11.56";"869.2";"71.25";"109.41";"5.06";"96.73";"14.45";"3.55";"1.18";"36.71"
"Adrien Thomasson";"A. Thomasson";"281";"1993-12-10";"RC Lens";"85";"FRA - Ligue 1";"3";"2025/2026";"129";"LM";"Midfield";"97.24";"15";"0";"13061.27";"134.31";"2984.07";"1123.6";"89.8";"175.4";"11.8";"1299.0";"101.6";"26.79";"27.64";"138.73";"5.6";"110.6";"27.67";"3.27";"0.74";"0.78";"0.27";"1.53";"null";"86.07";"1.83";"2.42";"12088.24";"134.31";"2761.76";"1039.89";"83.11";"162.33";"10.92";"1202.23";"94.03";"128.4";"5.18";"102.36";"25.61";"3.02";"0.25";"79.65"
"Aïssa Mandi";"A. Mandi";"314";"1991-10-22";"LOSC Lille";"78";"FRA - Ligue 1";"3";"2025/2026";"129";"LCB";"Central Defender";"93.79";"13";"0";"10273.69";"109.54";"1343.23";"423.69";"35.38";"94.77";"5.69";"518.46";"41.08";"27.56";"28.9";"101.85";"4.46";"78.92";"11.23";"2.77";"0.74";"0.81";"0.92";"1.48";"1.7";"28.85";"2.05";"2.86";"9858.3";"109.54";"1288.92";"406.56";"33.95";"90.94";"5.46";"497.5";"39.42";"97.73";"4.28";"75.73";"10.78";"2.66";"0.89";"27.68"
"Alberto Grassi";"A. Grassi";"375";"1995-03-07";"US Cremonese";"771";"ITA - Serie A";"5";"2025/2026";"129";"DM";"Midfield";"79.28";"10";"0";"10039.5";"126.63";"1765.8";"561.7";"46.0";"111.4";"6.4";"673.1";"52.4";"27.0";"27.54";"95.9";"2.4";"87.4";"9.9";"1.0";"0.93";"null";"0.0";"null";"null";"28.7";"2.04";"2.76";"11397.01";"126.63";"2004.57";"637.65";"52.22";"126.46";"7.27";"764.11";"59.49";"108.87";"2.72";"99.22";"11.24";"1.14";"0.0";"32.58"
"Alejandro Grimaldo García";"Álex Grimaldo";"413";"1995-09-20";"Bayer 04 Leverkusen";"102";"GER - Bundesliga";"6";"2025/2026";"129";"LWB";"Full Back";"97.94";"14";"0";"12040.64";"122.94";"1854.29";"708.0";"65.71";"199.29";"11.93";"907.29";"77.64";"28.47";"29.6";"121.14";"6.43";"103.36";"19.86";"4.86";"0.65";"0.69";"1.29";"1.31";"1.36";"52.14";"1.98";"2.74";"11064.45";"122.94";"1703.95";"650.6";"60.39";"183.13";"10.96";"833.73";"71.35";"111.32";"5.91";"94.98";"18.25";"4.46";"1.18";"47.92"
"Alessio Romagnoli";"A. Romagnoli";"480";"1995-01-12";"Lazio";"133";"ITA - Serie A";"5";"2025/2026";"129";"LCB";"Central Defender";"97.49";"19";"0";"10319.05";"105.85";"1227.47";"370.42";"31.63";"60.11";"3.42";"430.53";"35.05";"26.7";"28.1";"98.21";"4.58";"85.0";"8.42";"2.63";"0.76";"0.86";"0.53";"1.61";"null";"19.0";"2.24";"2.89";"9526.22";"105.85";"1133.16";"341.96";"29.2";"55.49";"3.16";"397.45";"32.36";"90.66";"4.23";"78.47";"7.77";"2.43";"0.49";"17.54"
"Alex Iwobi";"A. Iwobi";"494";"1996-05-03";"Fulham";"48";"ENG - Premier League";"1";"2025/2026";"129";"LW";"Wide Attacker";"87.99";"9";"0";"9843.78";"111.88";"1505.78";"631.44";"61.33";"177.89";"11.11";"809.33";"72.44";"28.3";"29.0";"114.56";"7.56";"98.56";"16.44";"5.56";"0.77";"0.81";"0.56";"1.77";"null";"45.33";"1.91";"2.92";"10068.77";"111.88";"1540.19";"645.88";"62.74";"181.95";"11.37";"827.83";"74.1";"117.17";"7.73";"100.81";"16.82";"5.68";"0.57";"46.37"
"Alfonso Pedraza Sag ";"Alfonso Pedraza";"585";"1996-04-09";"Villarreal CF";"260";"ESP - LaLiga";"4";"2025/2026";"129";"LB";"Full Back";"93.07";"9";"0";"10719.78";"115.18";"1598.89";"715.22";"66.0";"309.11";"15.56";"1024.33";"81.56";"30.3";"30.94";"127.44";"9.78";"106.56";"21.56";"7.22";"0.67";"0.74";"3.22";"1.26";"1.38";"43.11";"2.06";"2.85";"10366.55";"115.18";"1546.2";"691.65";"63.83";"298.93";"15.04";"990.58";"78.87";"123.24";"9.46";"103.04";"20.85";"6.98";"3.12";"41.69"
"Álvaro García Rivera";"Álvaro García";"640";"1992-10-27";"Rayo Vallecano";"284";"ESP - LaLiga";"4";"2025/2026";"129";"LW";"Wide Attacker";"89.97";"14";"0";"9709.86";"107.93";"1275.14";"669.71";"79.14";"331.36";"19.86";"1001.07";"99.0";"30.82";"31.88";"110.79";"13.43";"90.43";"30.14";"10.36";"0.55";"0.62";"4.29";"1.02";"1.17";"55.43";"1.86";"2.67";"9713.58";"107.93";"1275.63";"669.97";"79.17";"331.48";"19.86";"1001.46";"99.04";"110.83";"13.43";"90.46";"30.15";"10.36";"4.29";"55.45"
"André-Frank Zambo Anguissa";"F. Anguissa";"713";"1995-11-16";"Napoli";"143";"ITA - Serie A";"5";"2025/2026";"129";"RM";"Midfield";"99.08";"8";"0";"11845.12";"119.55";"2092.75";"695.0";"56.38";"137.25";"7.62";"832.25";"64.0";"27.0";"27.74";"122.75";"4.5";"103.62";"16.75";"3.25";"0.71";"0.92";"0.75";"1.73";"1.79";"54.0";"1.95";"2.84";"10759.47";"119.55";"1900.94";"631.3";"51.21";"124.67";"6.93";"755.97";"58.13";"111.5";"4.09";"94.13";"15.21";"2.95";"0.68";"49.05"
"André Miguel Valente Silva";"André Silva";"749";"1995-11-06";"Elche CF";"286";"ESP - LaLiga";"4";"2025/2026";"129";"CF";"Center Forward";"85.96";"10";"0";"9361.9";"108.91";"1291.1";"581.6";"57.6";"183.9";"11.5";"765.5";"69.1";"28.55";"29.24";"103.2";"7.7";"86.7";"15.1";"4.6";"0.74";"0.78";"1.7";"1.52";"1.87";"41.4";"2.05";"null";"9801.71";"108.91";"1351.75";"608.92";"60.31";"192.54";"12.04";"801.46";"72.35";"108.05";"8.06";"90.77";"15.81";"4.82";"1.78";"43.34"
"Aymeric  Laporte";"Aymeric Laporte";"1142";"1994-05-27";"Athletic Club de Bilbao";"273";"ESP - LaLiga";"4";"2025/2026";"129";"LCB";"Central Defender";"97.68";"10";"0";"10151.8";"103.93";"1199.0";"421.7";"37.3";"99.9";"5.9";"521.6";"43.2";"28.3";"29.16";"106.2";"4.4";"89.3";"11.7";"3.5";"0.71";"0.77";"1.1";"1.33";"null";"22.9";"2.09";"2.94";"9353.46";"103.93";"1104.71";"388.54";"34.37";"92.04";"5.44";"480.58";"39.8";"97.85";"4.05";"82.28";"10.78";"3.22";"1.01";"21.1"
"Barry Bannan";"B. Bannan";"1184";"1989-12-01";"Sheffield Wednesday";"749";"ENG - Championship";"31";"2025/2026";"129";"DM";"Midfield";"95.71";"9";"0";"10191.0";"106.47";"1431.78";"439.33";"39.56";"123.0";"5.78";"562.33";"45.33";"28.44";"29.12";"103.44";"4.0";"89.11";"10.78";"3.33";"0.73";"0.89";"1.22";"1.46";"null";"23.22";"2.02";"3.1";"9582.71";"106.47";"1346.32";"413.11";"37.19";"115.66";"5.43";"528.77";"42.63";"97.27";"3.76";"83.79";"10.13";"3.13";"1.15";"21.84"
"Barry Bannan";"B. Bannan";"1184";"1989-12-01";"Sheffield Wednesday";"749";"ENG - Championship";"31";"2025/2026";"129";"LM";"Midfield";"98.13";"13";"0";"10328.85";"105.25";"1518.62";"454.69";"42.92";"154.69";"6.92";"609.38";"49.85";"28.86";"29.74";"110.92";"4.0";"94.46";"11.31";"2.77";"0.71";"0.8";"0.92";"1.39";"null";"25.46";"2.12";"3.1";"9472.66";"105.25";"1392.73";"417.0";"39.37";"141.87";"6.35";"558.87";"45.71";"101.73";"3.67";"86.63";"10.37";"2.54";"0.85";"23.35"
"Ben Mee";"B. Mee";"1249";"1989-09-21";"Sheffield United";"746";"ENG - Championship";"31";"2025/2026";"129";"LCB";"Central Defender";"97.97";"13";"0";"9509.69";"97.06";"1108.92";"343.92";"27.92";"67.23";"3.62";"411.15";"31.54";"26.92";"28.4";"100.08";"3.92";"77.0";"9.0";"2.15";"0.82";"0.87";"0.69";"1.63";"1.75";"15.31";"2.36";"2.95";"8735.68";"97.06";"1018.67";"315.93";"25.65";"61.76";"3.32";"377.69";"28.97";"91.93";"3.6";"70.73";"8.27";"1.98";"0.64";"14.06"
"Benjamin André";"B. André";"1267";"1990-08-03";"LOSC Lille";"78";"FRA - Ligue 1";"3";"2025/2026";"129";"LDM";"Midfield";"101.52";"9";"0";"11589.56";"114.16";"1920.0";"584.22";"51.11";"121.78";"7.11";"706.0";"58.22";"27.2";"27.84";"115.22";"3.67";"96.11";"15.67";"2.22";"0.73";"1.34";"0.44";"1.51";"null";"46.22";"2.06";"2.93";"10274.58";"114.16";"1702.15";"517.94";"45.31";"107.96";"6.3";"625.9";"51.62";"102.15";"3.25";"85.21";"13.89";"1.97";"0.39";"40.98"
"Benjamin Pavard";"B. Pavard";"1298";"1996-03-28";"Olympique de Marseille";"80";"FRA - Ligue 1";"3";"2025/2026";"129";"RCB";"Central Defender";"88.36";"11";"0";"9382.36";"106.18";"1122.45";"372.45";"35.82";"120.27";"6.64";"492.73";"42.45";"28.17";"29.2";"90.64";"3.82";"71.27";"9.82";"1.64";"0.74";"0.8";"0.45";"1.61";"null";"24.09";"2.1";"2.76";"9556.11";"106.18";"1143.24";"379.35";"36.48";"122.5";"6.76";"501.85";"43.24";"92.31";"3.89";"72.59";"10.0";"1.67";"0.46";"24.54"
"Bernardo Mota Veiga de Carvalho e Silva";"Bernardo Silva";"1326";"1994-08-10";"Manchester City";"40";"ENG - Premier League";"1";"2025/2026";"129";"RM";"Midfield";"95.24";"12";"0";"12198.0";"128.08";"2361.67";"798.0";"63.67";"151.25";"8.83";"949.25";"72.5";"27.23";"28.06";"117.58";"4.33";"93.25";"16.42";"2.5";"0.63";"0.78";"0.17";"null";"null";"61.33";"1.93";"2.62";"11527.18";"128.08";"2231.79";"754.11";"60.17";"142.93";"8.35";"897.05";"68.51";"111.12";"4.1";"88.12";"15.51";"2.36";"0.16";"57.96"
"Bertrand Isidore Traoré";"B. Traoré";"1337";"1995-09-06";"Sunderland";"35";"ENG - Premier League";"1";"2025/2026";"129";"RW";"Wide Attacker";"70.84";"8";"0";"7722.62";"109.02";"1183.62";"532.5";"51.25";"159.12";"9.62";"691.62";"60.88";"28.52";"29.24";"92.75";"7.88";"72.5";"20.12";"6.12";"0.7";"0.77";"1.62";"1.37";"1.57";"37.0";"1.96";"2.8";"9811.99";"109.02";"1503.86";"676.57";"65.12";"202.18";"12.23";"878.74";"77.34";"117.84";"10.01";"92.11";"25.57";"7.78";"2.06";"47.01"
"Borja Mayoral Moya";"Borja Mayoral";"1401";"1997-04-05";"Getafe CF";"268";"ESP - LaLiga";"4";"2025/2026";"129";"CF";"Center Forward";"92.07";"11";"0";"9723.82";"105.62";"1396.18";"628.73";"57.82";"151.18";"10.36";"779.91";"68.18";"27.37";"28.08";"101.27";"8.82";"83.09";"17.82";"5.0";"0.74";"0.79";"1.64";"1.55";"1.94";"47.18";"1.91";"2.92";"9505.39";"105.62";"1364.82";"614.6";"56.52";"147.79";"10.13";"762.39";"66.65";"99.0";"8.62";"81.22";"17.42";"4.89";"1.6";"46.12"
"Breel-Donald Embolo";"B. Embolo";"1458";"1997-02-14";"Stade Rennais FC";"79";"FRA - Ligue 1";"3";"2025/2026";"129";"CF";"Center Forward";"87.56";"14";"0";"8833.36";"100.89";"1172.93";"454.43";"48.86";"152.71";"9.29";"607.14";"58.14";"29.43";"30.6";"103.57";"9.93";"84.43";"18.79";"7.07";"0.6";"0.69";"2.64";"1.13";"1.33";"32.79";"2.05";"2.67";"9079.93";"100.89";"1205.67";"467.11";"50.22";"156.98";"9.54";"624.09";"59.77";"106.46";"10.21";"86.79";"19.31";"7.27";"2.72";"33.7"
"Brendan Galloway";"B. Galloway";"1460";"1996-03-17";"Plymouth Argyle";"1728";"ENG - League One";"101";"2025/2026";"129";"LB";"Full Back";"87.15";"11";"0";"9574.73";"109.87";"1255.36";"521.91";"53.09";"202.27";"10.64";"724.18";"63.73";"29.66";"31.28";"98.73";"8.0";"79.73";"15.09";"5.64";"0.64";"0.68";"1.36";"1.22";"1.4";"34.09";"1.89";"2.65";"9888.01";"109.87";"1296.44";"538.99";"54.83";"208.89";"10.98";"747.88";"65.81";"101.96";"8.26";"82.34";"15.58";"5.82";"1.41";"35.21"
"Bruno Miguel Borges Fernandes";"Bruno Fernandes";"1498";"1994-09-08";"Manchester United";"31";"ENG - Premier League";"1";"2025/2026";"129";"LM";"Midfield";"98.79";"13";"0";"11119.77";"112.56";"1788.46";"723.46";"64.0";"199.85";"11.0";"923.31";"75.0";"28.32";"29.14";"112.92";"6.15";"89.38";"15.08";"4.15";"0.63";"0.68";"0.77";"1.34";"1.5";"52.23";"1.88";"2.68";"10130.0";"112.56";"1629.27";"659.07";"58.3";"182.06";"10.02";"841.12";"68.32";"102.87";"5.61";"81.43";"13.73";"3.78";"0.7";"47.58"
"Bryan Cristante";"B. Cristante";"1537";"1995-03-03";"Roma";"142";"ITA - Serie A";"5";"2025/2026";"129";"RM";"Midfield";"91.87";"16";"0";"11405.5";"124.15";"2037.81";"581.06";"45.75";"87.56";"5.0";"668.62";"50.75";"26.91";"28.74";"96.56";"2.88";"83.88";"10.44";"1.75";"0.74";"0.8";"0.19";"null";"null";"38.56";"1.85";"2.78";"11173.49";"124.15";"1996.36";"569.24";"44.82";"85.78";"4.9";"655.02";"49.72";"94.6";"2.82";"82.17";"10.23";"1.71";"0.18";"37.78"
"Callum McGregor";"C. McGregor";"1570";"1993-06-14";"Celtic FC";"248";"SCO - Premiership";"18";"2025/2026";"129";"DM";"Midfield";"96.08";"14";"0";"12137.86";"126.34";"2017.36";"474.07";"41.07";"74.86";"4.79";"548.93";"45.86";"26.36";"27.78";"96.57";"3.64";"76.93";"6.14";"2.5";"0.7";"0.77";"0.43";"1.47";"1.57";"36.21";"2.0";"2.68";"11370.36";"126.34";"1889.8";"444.1";"38.47";"70.12";"4.48";"514.22";"42.96";"90.47";"3.41";"72.06";"5.75";"2.34";"0.4";"33.92"
"Callum Paterson";"C. Paterson";"1573";"1994-10-13";"Milton Keynes Dons";"755";"ENG - League Two";"204";"2025/2026";"129";"CF";"Center Forward";"94.06";"22";"0";"10394.05";"110.5";"1538.59";"748.73";"70.5";"291.73";"15.73";"1040.45";"86.23";"29.4";"31.46";"104.95";"8.91";"86.68";"17.09";"6.36";"0.7";"0.73";"2.05";"1.33";"1.63";"41.14";"1.76";"2.78";"9945.17";"110.5";"1472.15";"716.39";"67.46";"279.13";"15.05";"995.52";"82.5";"100.42";"8.52";"82.94";"16.35";"6.09";"1.96";"39.36"
"Callum Wilson";"C. Wilson";"1575";"1992-02-27";"West Ham United";"37";"ENG - Premier League";"1";"2025/2026";"129";"CF";"Center Forward";"78.61";"8";"0";"8180.88";"104.06";"1010.0";"434.0";"39.5";"114.0";"6.75";"548.0";"46.25";"28.3";"29.14";"87.5";"6.12";"71.5";"10.88";"5.12";"0.75";"0.78";"1.38";"1.66";"1.9";"32.0";"2.19";"3.23";"9365.68";"104.06";"1156.27";"496.85";"45.22";"130.51";"7.73";"627.36";"52.95";"100.17";"7.01";"81.86";"12.45";"5.87";"1.57";"36.63"
"Calum Chambers";"C. Chambers";"1577";"1995-01-20";"Cardiff City";"61";"ENG - League One";"101";"2025/2026";"129";"LCB";"Central Defender";"97.1";"15";"0";"10436.93";"107.48";"1483.07";"434.8";"38.2";"86.4";"4.87";"521.2";"43.07";"27.33";"29.28";"111.67";"5.47";"84.27";"10.53";"2.87";"0.64";"0.66";"0.27";"1.69";"null";"23.73";"2.07";"2.93";"9673.34";"107.48";"1374.56";"402.99";"35.41";"80.08";"4.51";"483.07";"39.92";"103.5";"5.07";"78.1";"9.76";"2.66";"0.25";"22.0"
"Carlton Morris";"C. Morris";"1668";"1995-12-16";"Derby County FC";"359";"ENG - Championship";"31";"2025/2026";"129";"CF";"Center Forward";"97.91";"12";"0";"10673.67";"109.02";"1327.17";"537.58";"50.33";"144.0";"7.17";"681.58";"57.5";"28.18";"29.62";"102.75";"7.58";"81.25";"15.42";"5.0";"0.72";"0.82";"1.25";"1.38";"1.69";"30.83";"2.07";"2.62";"9811.8";"109.02";"1220.0";"494.18";"46.27";"132.37";"6.59";"626.55";"52.86";"94.45";"6.97";"74.69";"14.17";"4.6";"1.15";"28.34"
" Carlos Henrique José Francisco Venancio Casimiro";"Casemiro";"1674";"1992-02-23";"Manchester United";"31";"ENG - Premier League";"1";"2025/2026";"129";"RM";"Midfield";"84.58";"12";"0";"9652.0";"114.12";"1430.17";"427.33";"35.42";"76.17";"3.92";"503.5";"39.33";"26.8";"27.74";"96.67";"3.17";"75.17";"11.08";"1.5";"0.83";"0.93";"0.33";"null";"null";"32.42";"1.96";"2.76";"10270.78";"114.12";"1521.85";"454.73";"37.69";"81.05";"4.17";"535.78";"41.85";"102.86";"3.37";"79.99";"11.79";"1.6";"0.35";"34.49"
"Cauley Woodrow";"C. Woodrow";"1682";"1994-12-02";"Wycombe Wanderers";"1546";"ENG - League One";"101";"2025/2026";"129";"CF";"Center Forward";"88.16";"14";"0";"9827.21";"111.48";"1463.07";"600.5";"51.14";"104.86";"7.21";"705.36";"58.36";"26.62";"27.62";"99.79";"6.14";"81.36";"14.36";"3.36";"0.79";"0.9";"1.0";"1.55";"null";"34.0";"1.96";"2.87";"10032.78";"111.48";"1493.68";"613.06";"52.21";"107.05";"7.37";"720.11";"59.58";"101.87";"6.27";"83.06";"14.66";"3.43";"1.02";"34.71"
"Chidozie Collins Awaziem";"C. Awaziem";"1774";"1997-01-01";"FC Nantes";"66";"FRA - Ligue 1";"3";"2025/2026";"129";"RCB";"Central Defender";"98.84";"15";"0";"9946.53";"100.63";"1285.33";"456.27";"46.4";"163.47";"9.6";"619.73";"56.0";"29.34";"31.22";"114.13";"5.67";"88.53";"18.4";"4.6";"0.72";"0.78";"1.87";"1.35";"1.37";"23.73";"2.06";"2.93";"9056.64";"100.63";"1170.34";"415.45";"42.25";"148.84";"8.74";"564.29";"50.99";"103.92";"5.16";"80.61";"16.75";"4.19";"1.7";"21.61"
"Christian  Dannemann Eriksen";"C. Eriksen";"1827";"1992-02-14";"VfL Wolfsburg";"106";"GER - Bundesliga";"6";"2025/2026";"129";"RW";"Wide Attacker";"93.26";"8";"0";"12267.62";"131.55";"2268.62";"873.5";"73.0";"215.25";"13.62";"1088.75";"86.62";"28.27";"28.98";"129.25";"5.25";"106.62";"19.88";"3.75";"0.82";"0.93";"1.12";"1.7";"null";"55.75";"1.9";"2.71";"11839.27";"131.55";"2189.41";"843.0";"70.45";"207.73";"13.15";"1050.73";"83.6";"124.74";"5.07";"102.9";"19.18";"3.62";"1.09";"53.8"
"Christian Kabasele";"C. Kabasele";"1835";"1991-02-24";"Udinese";"148";"ITA - Serie A";"5";"2025/2026";"129";"CB";"Central Defender";"92.47";"14";"0";"9240.21";"99.93";"1060.0";"347.79";"33.21";"122.79";"6.36";"470.57";"39.57";"29.16";"30.58";"94.57";"4.29";"75.5";"8.86";"2.79";"0.73";"0.81";"1.07";"1.43";"1.54";"20.71";"1.98";"2.87";"8993.26";"99.93";"1031.67";"338.49";"32.33";"119.5";"6.19";"457.99";"38.51";"92.04";"4.17";"73.48";"8.62";"2.71";"1.04";"20.16"
"Christian Pulišić";"C. Pulišić";"1849";"1998-09-18";"Milan";"140";"ITA - Serie A";"5";"2025/2026";"129";"CF";"Center Forward";"83.09";"9";"0";"10218.89";"122.98";"1594.44";"590.0";"56.22";"218.33";"11.0";"808.33";"67.22";"29.06";"29.68";"105.44";"6.89";"86.44";"13.33";"5.0";"0.65";"0.7";"1.56";"1.41";"1.51";"47.33";"2.09";"2.95";"11068.38";"122.98";"1726.99";"639.05";"60.9";"236.48";"11.91";"875.53";"72.81";"114.21";"7.46";"93.63";"14.44";"5.42";"1.68";"51.27"
"Chris Cadden";"C. Cadden";"1886";"1996-09-19";"Hibernian";"245";"SCO - Premiership";"18";"2025/2026";"129";"RWB";"Full Back";"85.48";"12";"0";"9745.0";"114.0";"1493.08";"629.25";"61.67";"266.25";"13.67";"895.5";"75.33";"30.02";"31.12";"104.67";"9.75";"88.42";"20.58";"7.67";"0.6";"0.62";"2.75";"1.37";"1.4";"37.58";"2.15";"2.63";"10260.23";"114.0";"1572.02";"662.52";"64.93";"280.33";"14.39";"942.85";"79.32";"110.2";"10.27";"93.09";"21.67";"8.07";"2.9";"39.57"
"Christopher Nkunku";"C. Nkunku";"1896";"1997-11-14";"Milan";"140";"ITA - Serie A";"5";"2025/2026";"129";"CF";"Center Forward";"81.83";"9";"0";"9044.11";"110.52";"1247.33";"510.56";"49.78";"160.44";"9.44";"671.0";"59.22";"28.9";"30.06";"105.11";"7.22";"87.78";"13.78";"5.11";"0.65";"0.68";"2.0";"1.26";"1.53";"31.22";"2.06";"2.93";"9946.68";"110.52";"1371.81";"561.51";"54.75";"176.46";"10.39";"737.96";"65.13";"115.6";"7.94";"96.54";"15.15";"5.62";"2.2";"34.34"
"Clark Robertson";"C. Robertson";"1927";"1993-09-05";"Dundee FC";"254";"SCO - Premiership";"18";"2025/2026";"129";"CB";"Central Defender";"96.75";"8";"0";"10098.0";"104.37";"1108.5";"328.0";"30.88";"83.25";"4.25";"411.25";"35.12";"27.77";"28.72";"104.62";"4.62";"83.38";"9.12";"2.88";"0.9";"0.92";"0.75";"null";"null";"15.38";"2.41";"null";"9393.49";"104.37";"1031.16";"305.12";"28.72";"77.44";"3.95";"382.56";"32.67";"97.33";"4.3";"77.56";"8.49";"2.67";"0.7";"14.3"
"Clinton Mukoni Mata Pedro Lourenço";"Clinton Mata";"1967";"1992-11-07";"Olympique Lyonnais";"73";"FRA - Ligue 1";"3";"2025/2026";"129";"RCB";"Central Defender";"97.63";"19";"0";"10107.0";"103.52";"1250.74";"416.47";"41.11";"120.42";"7.42";"536.89";"48.53";"28.94";"30.44";"102.58";"4.58";"77.11";"12.05";"3.74";"0.66";"0.67";"1.37";"1.31";"1.47";"28.74";"2.0";"2.74";"9317.05";"103.52";"1152.98";"383.92";"37.89";"111.01";"6.84";"494.93";"44.73";"94.56";"4.22";"71.08";"11.11";"3.44";"1.26";"26.49"
"Daley Blind";"D. Blind";"2106";"1990-03-09";"Girona FC";"348";"ESP - LaLiga";"4";"2025/2026";"129";"LCB";"Central Defender";"95.69";"18";"0";"10195.61";"106.55";"1293.56";"411.94";"35.22";"68.83";"4.83";"480.78";"40.06";"26.88";"28.38";"110.0";"3.78";"91.11";"13.22";"2.5";"0.78";"0.87";"0.44";"1.7";"null";"32.5";"1.79";"2.8";"9589.56";"106.55";"1216.66";"387.46";"33.13";"64.74";"4.55";"452.2";"37.67";"103.46";"3.55";"85.7";"12.44";"2.35";"0.42";"30.57"
"Dan Burn";"D. Burn";"2184";"1992-05-09";"Newcastle United";"32";"ENG - Premier League";"1";"2025/2026";"129";"LCB";"Central Defender";"101.14";"8";"0";"10467.25";"103.5";"1422.25";"469.5";"43.5";"156.62";"8.12";"626.12";"51.62";"28.89";"29.34";"103.25";"5.25";"79.75";"11.0";"4.88";"0.76";"0.83";"1.12";"1.58";"null";"26.62";"2.09";"2.97";"9314.57";"103.5";"1265.63";"417.8";"38.71";"139.38";"7.23";"557.17";"45.94";"91.88";"4.67";"70.97";"9.79";"4.34";"1.0";"23.69"
"Danilo Cataldi";"D. Cataldi";"2285";"1994-08-06";"Lazio";"133";"ITA - Serie A";"5";"2025/2026";"129";"DM";"Midfield";"86.93";"16";"0";"11233.25";"129.22";"2150.69";"591.19";"47.0";"84.06";"5.69";"675.25";"52.69";"26.3";"27.34";"102.06";"3.25";"85.88";"11.31";"2.12";"0.67";"0.69";"0.19";"1.6";"null";"44.19";"2.08";"2.65";"11629.38";"129.22";"2226.53";"612.03";"48.66";"87.03";"5.89";"699.06";"54.55";"105.66";"3.36";"88.9";"11.71";"2.2";"0.19";"45.75"
"Danny  Vieira da Costa";"D. da Costa";"2303";"1993-07-13";"1. FSV Mainz 05";"120";"GER - Bundesliga";"6";"2025/2026";"129";"RCB";"Central Defender";"100.68";"14";"0";"10774.64";"107.02";"1380.29";"476.93";"45.0";"179.0";"9.29";"655.93";"54.29";"29.48";"30.76";"109.29";"4.64";"92.86";"12.64";"3.43";"0.74";"0.76";"1.5";"1.33";"1.48";"26.64";"1.99";"2.8";"9632.05";"107.02";"1233.91";"426.35";"40.23";"160.02";"8.3";"586.37";"48.53";"97.7";"4.15";"83.01";"11.3";"3.06";"1.34";"23.82"
"Daniel Nii Tackie Mensah Welbeck";"D. Welbeck";"2325";"1990-11-26";"Brighton and Hove Albion";"308";"ENG - Premier League";"1";"2025/2026";"129";"CF";"Center Forward";"86.76";"15";"0";"9179.0";"105.8";"1306.6";"606.93";"58.27";"171.13";"10.53";"778.07";"68.8";"27.83";"28.8";"110.8";"7.87";"89.93";"19.2";"5.8";"0.7";"0.82";"1.47";"1.45";"1.6";"34.27";"1.86";"2.72";"9521.66";"105.8";"1355.38";"629.59";"60.44";"177.52";"10.93";"807.11";"71.37";"114.94";"8.16";"93.29";"19.92";"6.02";"1.52";"35.55"
"Darnell Furlong";"D. Furlong";"2365";"1995-10-31";"Ipswich Town";"752";"ENG - Championship";"31";"2025/2026";"129";"RB";"Full Back";"95.54";"23";"0";"10560.0";"110.52";"1556.78";"597.91";"58.48";"224.13";"12.0";"822.04";"70.48";"29.15";"31.18";"112.0";"7.35";"92.91";"13.74";"5.35";"0.62";"0.69";"1.35";"1.34";"1.57";"36.83";"1.8";"2.59";"9947.23";"110.52";"1466.45";"563.22";"55.08";"211.12";"11.3";"774.34";"66.39";"105.5";"6.92";"87.52";"12.94";"5.04";"1.27";"34.69"
"David Costas Cordal";"David Costas";"2413";"1995-03-26";"Real Oviedo";"776";"ESP - LaLiga";"4";"2025/2026";"129";"RCB";"Central Defender";"97.95";"16";"0";"10122.31";"103.34";"1351.69";"426.62";"40.44";"135.56";"7.31";"562.19";"47.75";"29.04";"30.62";"116.69";"5.62";"93.69";"14.56";"3.69";"0.69";"0.71";"1.0";"1.42";"1.43";"31.56";"1.94";"2.63";"9300.75";"103.34";"1241.98";"392.0";"37.16";"124.56";"6.72";"516.56";"43.87";"107.22";"5.17";"86.08";"13.38";"3.39";"0.92";"29.0"
"Davide Zappacosta";"D. Zappacosta";"2541";"1992-06-11";"Atalanta";"130";"ITA - Serie A";"5";"2025/2026";"129";"RWB";"Full Back";"93.74";"12";"0";"10926.33";"116.55";"1601.25";"696.83";"65.92";"298.67";"14.33";"995.5";"80.25";"30.27";"31.34";"110.58";"10.0";"96.75";"17.92";"7.75";"0.64";"0.69";"3.08";"1.23";"1.47";"35.17";"2.01";"2.67";"10489.9";"116.55";"1537.29";"669.0";"63.28";"286.74";"13.76";"955.74";"77.04";"106.17";"9.6";"92.89";"17.2";"7.44";"2.96";"33.76"
"Demarai Gray";"D. Gray";"2600";"1996-06-28";"Birmingham City";"51";"ENG - Championship";"31";"2025/2026";"129";"LW";"Wide Attacker";"85.12";"16";"0";"8963.81";"105.31";"1165.38";"517.62";"54.31";"214.25";"11.75";"731.88";"66.06";"30.31";"31.66";"96.88";"9.62";"77.69";"19.06";"6.88";"0.57";"0.59";"2.25";"1.12";"1.34";"37.31";"2.02";"2.58";"9478.2";"105.31";"1232.25";"547.33";"57.43";"226.54";"12.42";"773.87";"69.85";"102.43";"10.18";"82.15";"20.16";"7.27";"2.38";"39.45"
"Diego Carlos Santos Silva";"Diego Carlos";"2693";"1993-03-15";"Como 1907";"1948";"ITA - Serie A";"5";"2025/2026";"129";"LCB";"Central Defender";"95.09";"9";"0";"9376.22";"98.61";"1039.78";"415.44";"38.44";"147.11";"7.44";"562.56";"45.89";"29.49";"29.94";"105.11";"5.22";"80.22";"11.67";"2.78";"0.74";"0.81";"0.78";"1.45";"null";"18.56";"2.24";"3.29";"8874.61";"98.61";"984.15";"393.22";"36.39";"139.24";"7.05";"532.46";"43.43";"99.49";"4.94";"75.93";"11.04";"2.63";"0.74";"17.56"
"Dimitri Foulquier";"D. Foulquier";"2747";"1993-03-23";"Valencia CF";"257";"ESP - LaLiga";"4";"2025/2026";"129";"RB";"Full Back";"96.45";"12";"0";"9664.83";"100.21";"1114.67";"464.25";"50.58";"197.75";"11.08";"662.0";"61.67";"30.12";"31.84";"102.42";"7.08";"84.5";"18.08";"5.17";"0.57";"0.6";"2.33";"1.25";"1.32";"28.67";"2.04";"2.71";"9018.51";"100.21";"1040.12";"433.2";"47.2";"184.53";"10.34";"617.73";"57.54";"95.57";"6.61";"78.85";"16.87";"4.82";"2.18";"26.75"
"Djibril Sidibé";"D. Sidibé";"2795";"1992-07-29";"Toulouse FC";"74";"FRA - Ligue 1";"3";"2025/2026";"129";"RWB";"Full Back";"81.41";"9";"0";"8951.67";"109.96";"1316.22";"592.89";"55.22";"203.33";"11.33";"796.22";"66.56";"28.44";"29.12";"105.89";"9.0";"85.0";"19.67";"6.33";"0.75";"0.8";"2.11";"1.44";"1.62";"29.78";"2.01";"2.7";"9896.52";"109.96";"1455.15";"655.47";"61.05";"224.8";"12.53";"880.26";"73.58";"117.07";"9.95";"93.97";"21.74";"7.0";"2.33";"32.92"
"Domenico Berardi";"D. Berardi";"2809";"1994-08-01";"Sassuolo";"158";"ITA - Serie A";"5";"2025/2026";"129";"RF";"Wide Attacker";"88.03";"11";"0";"9338.45";"106.09";"1229.45";"591.27";"58.91";"223.73";"12.36";"815.0";"71.27";"29.29";"30.22";"100.55";"8.45";"80.73";"20.18";"5.55";"0.65";"0.69";"1.82";"1.25";"1.38";"44.27";"1.89";"2.76";"9547.9";"106.09";"1257.03";"604.53";"60.23";"228.75";"12.64";"833.28";"72.87";"102.8";"8.64";"82.54";"20.63";"5.67";"1.86";"45.27"
"Dominik Kohr";"D. Kohr";"2820";"1994-01-31";"1. FSV Mainz 05";"120";"GER - Bundesliga";"6";"2025/2026";"129";"LCB";"Central Defender";"92.65";"11";"0";"10046.55";"108.44";"1257.36";"381.82";"37.91";"156.09";"8.0";"537.91";"45.91";"30.13";"31.32";"95.82";"4.27";"78.45";"11.45";"2.82";"0.7";"0.72";"0.73";"1.52";"null";"19.73";"2.04";"3.15";"9759.67";"108.44";"1221.46";"370.92";"36.83";"151.63";"7.77";"522.55";"44.6";"93.08";"4.15";"76.21";"11.13";"2.74";"0.71";"19.16"
"Florian Lejeune";"F. Lejeune";"3504";"1991-05-20";"Rayo Vallecano";"284";"ESP - LaLiga";"4";"2025/2026";"129";"RCB";"Central Defender";"98.89";"20";"0";"10126.2";"102.4";"1273.4";"406.0";"38.35";"106.7";"6.8";"512.7";"45.15";"28.43";"29.76";"110.15";"5.15";"85.8";"11.75";"3.5";"0.63";"0.65";"1.05";"1.32";"1.51";"27.35";"2.07";"2.72";"9215.95";"102.4";"1158.93";"369.5";"34.9";"97.11";"6.19";"466.61";"41.09";"100.25";"4.69";"78.09";"10.69";"3.19";"0.96";"24.89"
"Florian Thauvin";"F. Thauvin";"3509";"1993-01-26";"RC Lens";"85";"FRA - Ligue 1";"3";"2025/2026";"129";"AM";"Midfield";"85.56";"12";"0";"10558.5";"123.4";"1703.83";"719.0";"66.5";"201.17";"11.58";"920.17";"78.08";"28.1";"28.84";"104.92";"4.83";"85.08";"15.83";"3.75";"0.65";"0.71";"0.83";"1.41";"1.45";"46.25";"2.07";"2.75";"11105.91";"123.4";"1792.17";"756.28";"69.95";"211.6";"12.18";"967.87";"82.13";"110.36";"5.08";"89.49";"16.65";"3.94";"0.88";"48.65"
"Francesco Acerbi";"F. Acerbi";"3532";"1988-02-10";"Inter Milan";"145";"ITA - Serie A";"5";"2025/2026";"129";"CB";"Central Defender";"92.75";"10";"0";"9879.2";"106.51";"1199.2";"406.4";"36.4";"105.7";"6.1";"512.1";"42.5";"27.89";"28.96";"105.1";"4.7";"82.5";"11.0";"2.8";"0.83";"0.84";"0.6";"1.57";"null";"26.1";"2.0";"2.94";"9586.29";"106.51";"1163.64";"394.35";"35.32";"102.57";"5.92";"496.92";"41.24";"101.98";"4.56";"80.05";"10.67";"2.72";"0.58";"25.33"
"Gautier Lloris";"G. Lloris";"3786";"1995-07-18";"Le Havre AC";"69";"FRA - Ligue 1";"3";"2025/2026";"129";"LCB";"Central Defender";"99.35";"15";"0";"10609.27";"106.78";"1395.67";"415.2";"36.53";"75.6";"4.93";"490.8";"41.47";"27.58";"29.34";"115.67";"4.53";"86.87";"12.27";"3.47";"0.73";"0.74";"0.73";"1.53";"1.62";"29.8";"1.9";"2.83";"9610.38";"106.78";"1264.26";"376.11";"33.09";"68.48";"4.47";"444.59";"37.56";"104.78";"4.11";"78.69";"11.11";"3.14";"0.66";"26.99"
"Gerard Moreno Balaguero ";"Gerard Moreno";"3851";"1992-04-07";"Villarreal CF";"260";"ESP - LaLiga";"4";"2025/2026";"129";"CF";"Center Forward";"70.46";"9";"0";"8346.44";"118.45";"1182.44";"361.22";"31.33";"48.33";"3.33";"409.56";"34.67";"25.99";"27.04";"78.78";"3.89";"63.33";"7.22";"2.78";"0.73";"0.73";"0.0";"null";"null";"34.78";"1.98";"2.77";"10660.64";"118.45";"1510.3";"461.38";"40.02";"61.73";"4.26";"523.11";"44.28";"100.62";"4.97";"80.89";"9.22";"3.55";"0.0";"44.42"
"Giuseppe Pezzella";"G. Pezzella";"3972";"1997-11-29";"US Cremonese";"771";"ITA - Serie A";"5";"2025/2026";"129";"LWB";"Full Back";"95.31";"16";"0";"10482.25";"109.98";"1512.19";"699.31";"66.69";"278.5";"14.38";"977.81";"81.06";"29.62";"31.0";"119.56";"10.12";"101.31";"20.88";"8.38";"0.59";"0.64";"3.12";"1.17";"1.22";"40.12";"1.99";"2.62";"9897.78";"109.98";"1427.87";"660.32";"62.97";"262.97";"13.57";"923.29";"76.54";"112.9";"9.56";"95.66";"19.71";"7.91";"2.95";"37.89"
"Gonçalo Manuel Ganchinho Guedes";"Gonçalo Guedes";"4000";"1996-11-29";"Real Sociedad";"282";"ESP - LaLiga";"4";"2025/2026";"129";"RW";"Wide Attacker";"69.76";"8";"0";"7582.25";"108.69";"1110.88";"569.62";"54.12";"247.75";"11.0";"817.38";"65.12";"29.94";"30.66";"82.38";"7.0";"67.88";"17.12";"5.38";"0.63";"0.71";"2.38";"1.23";"null";"44.25";"1.9";"2.83";"9782.09";"108.69";"1433.17";"734.89";"69.83";"319.63";"14.19";"1054.52";"84.02";"106.27";"9.03";"87.57";"22.09";"6.93";"3.06";"57.09"
"Granit Xhaka";"G. Xhaka";"4047";"1992-09-27";"Sunderland";"35";"ENG - Premier League";"1";"2025/2026";"129";"RDM";"Midfield";"100.87";"10";"0";"11673.5";"115.73";"2049.8";"549.8";"46.8";"115.0";"5.6";"664.8";"52.4";"27.57";"28.8";"128.8";"5.1";"107.3";"17.2";"3.9";"0.73";"0.87";"0.8";"1.59";"null";"35.0";"2.09";"2.97";"10415.36";"115.73";"1828.88";"490.54";"41.76";"102.61";"5.0";"593.15";"46.75";"114.92";"4.55";"95.74";"15.35";"3.48";"0.71";"31.23"
"Granit Xhaka";"G. Xhaka";"4047";"1992-09-27";"Sunderland";"35";"ENG - Premier League";"1";"2025/2026";"129";"RM";"Midfield";"97.54";"9";"0";"11482.89";"117.73";"2012.89";"581.33";"50.44";"153.0";"7.67";"734.33";"58.11";"28.21";"29.2";"136.67";"4.11";"114.78";"17.22";"2.89";"0.71";"0.71";"0.44";"1.74";"null";"38.33";"1.97";"2.84";"10595.36";"117.73";"1857.31";"536.4";"46.55";"141.17";"7.07";"677.58";"53.62";"126.1";"3.79";"105.91";"15.89";"2.67";"0.41";"35.37"
"Grant Hanley";"G. Hanley";"4049";"1991-11-20";"Hibernian";"245";"SCO - Premiership";"18";"2025/2026";"129";"CB";"Central Defender";"96.34";"16";"0";"9718.56";"100.87";"1100.75";"341.25";"32.44";"93.25";"5.31";"434.5";"37.75";"27.84";"29.06";"103.5";"5.06";"81.12";"10.31";"2.5";"0.75";"1.0";"0.62";"1.64";"null";"19.44";"2.12";"2.78";"9078.74";"100.87";"1028.28";"318.78";"30.3";"87.11";"4.96";"405.89";"35.26";"96.69";"4.73";"75.78";"9.63";"2.34";"0.58";"18.16"
"Greg Docherty";"G. Docherty";"4054";"1996-09-10";"Charlton Athletic";"877";"ENG - Championship";"31";"2025/2026";"129";"LM";"Midfield";"93.3";"10";"0";"10985.2";"117.74";"1827.4";"703.7";"61.1";"192.4";"9.3";"896.1";"70.4";"28.82";"29.84";"105.2";"3.2";"88.0";"12.5";"2.0";"0.68";"0.76";"0.9";"1.28";"1.38";"35.3";"1.85";"2.69";"10596.47";"117.74";"1762.73";"678.8";"58.94";"185.59";"8.97";"864.39";"67.91";"101.48";"3.09";"84.89";"12.06";"1.93";"0.87";"34.05"
"Hakan Çalhanoğlu";"H. Çalhanoğlu";"4175";"1994-02-08";"Inter Milan";"145";"ITA - Serie A";"5";"2025/2026";"129";"DM";"Midfield";"83.11";"16";"0";"10470.44";"125.99";"1982.94";"559.44";"47.06";"126.88";"7.0";"686.31";"54.06";"27.52";"29.1";"102.44";"3.19";"88.25";"10.88";"2.12";"0.72";"0.82";"0.56";"1.47";"1.83";"37.12";"1.96";"2.94";"11339.11";"125.99";"2147.45";"605.85";"50.97";"137.4";"7.58";"743.25";"58.55";"110.94";"3.45";"95.57";"11.78";"2.3";"0.61";"40.21"
"Haris Tabaković";"H. Tabaković";"4211";"1994-06-20";"Borussia Mönchengladbach";"114";"GER - Bundesliga";"6";"2025/2026";"129";"CF";"Center Forward";"84.77";"18";"0";"9815.44";"115.79";"1370.56";"633.22";"59.5";"220.56";"11.83";"853.78";"71.33";"30.28";"31.86";"107.06";"7.06";"94.33";"12.39";"5.5";"0.67";"0.73";"1.78";"1.35";"1.35";"39.44";"1.89";"2.88";"10421.2";"115.79";"1455.14";"672.3";"63.17";"234.17";"12.56";"906.47";"75.74";"113.66";"7.49";"100.16";"13.15";"5.84";"1.89";"41.88"
"Harry Kane";"H. Kane";"4219";"1993-07-28";"FC Bayern Munchen";"100";"GER - Bundesliga";"6";"2025/2026";"129";"CF";"Center Forward";"92.72";"16";"0";"10877.19";"117.31";"1466.81";"480.88";"38.25";"101.12";"5.0";"582.0";"43.25";"27.33";"28.9";"83.31";"3.0";"72.0";"6.75";"2.0";"0.73";"0.76";"0.44";"1.72";"null";"26.44";"2.04";"2.9";"10557.65";"117.31";"1423.72";"466.75";"37.13";"98.15";"4.85";"564.9";"41.98";"80.87";"2.91";"69.88";"6.55";"1.94";"0.42";"25.66"
"Héctor Bellerín Moruno";"Héctor Bellerín";"4234";"1995-03-19";"Real Betis Balompié";"269";"ESP - LaLiga";"4";"2025/2026";"129";"RB";"Full Back";"95.18";"11";"0";"10459.18";"109.89";"1412.55";"660.64";"59.82";"198.91";"12.09";"859.55";"71.91";"29.23";"30.22";"124.91";"6.91";"101.0";"19.09";"4.91";"0.6";"0.64";"1.09";"1.3";"1.37";"36.91";"1.99";"2.66";"9889.77";"109.89";"1335.64";"624.67";"56.56";"188.08";"11.43";"812.75";"67.99";"118.11";"6.53";"95.5";"18.05";"4.64";"1.03";"34.9"
"Henrikh Hamlet Mkhitaryan";"H. Hamlet Mkhitaryan";"4287";"1989-01-21";"Inter Milan";"145";"ITA - Serie A";"5";"2025/2026";"129";"LM";"Midfield";"87.02";"10";"0";"10991.6";"126.31";"1909.4";"752.3";"67.6";"255.4";"13.7";"1007.7";"81.3";"28.99";"30.04";"118.8";"4.5";"98.8";"12.7";"3.7";"0.67";"0.69";"1.4";"1.32";"1.32";"46.0";"1.94";"2.76";"11368.01";"126.31";"1974.79";"778.06";"69.91";"264.15";"14.17";"1042.21";"84.08";"122.87";"4.65";"102.18";"13.13";"3.83";"1.45";"47.58"
"Jack Grealish";"J. Grealish";"4585";"1995-09-10";"Everton";"41";"ENG - Premier League";"1";"2025/2026";"129";"LW";"Wide Attacker";"95.87";"18";"0";"9675.17";"100.92";"1305.72";"488.0";"49.17";"131.56";"7.78";"619.56";"56.94";"28.39";"29.98";"104.5";"7.83";"85.11";"16.44";"5.56";"0.64";"0.69";"1.22";"1.21";"1.41";"35.28";"1.93";"2.69";"9083.0";"100.92";"1225.81";"458.13";"46.16";"123.5";"7.3";"581.64";"53.46";"98.1";"7.35";"79.9";"15.44";"5.22";"1.15";"33.12"
"Jakub Piotrowski";"J. Piotrowski";"4638";"1997-10-04";"Udinese";"148";"ITA - Serie A";"5";"2025/2026";"129";"RM";"Midfield";"83.59";"10";"0";"10308.6";"123.33";"1898.9";"797.7";"66.4";"200.3";"11.4";"998.0";"77.8";"28.53";"29.44";"113.1";"4.3";"92.2";"14.5";"3.4";"0.65";"0.7";"1.3";"1.18";"1.64";"53.7";"1.77";"2.7";"11099.55";"123.33";"2044.6";"858.9";"71.49";"215.67";"12.27";"1074.57";"83.77";"121.78";"4.63";"99.27";"15.61";"3.66";"1.4";"57.82"
"James Collins";"J. Collins";"4658";"1990-12-01";"Lincoln City FC";"1721";"ENG - League One";"101";"2025/2026";"129";"CF";"Center Forward";"74.98";"12";"0";"8390.83";"111.91";"1242.0";"562.75";"52.75";"143.17";"9.58";"705.92";"62.33";"28.18";"29.02";"93.75";"8.0";"71.17";"14.17";"5.5";"0.7";"0.73";"1.08";"1.57";"null";"36.83";"1.88";"2.77";"10071.98";"111.91";"1490.84";"675.5";"63.32";"171.85";"11.5";"847.35";"74.82";"112.53";"9.6";"85.43";"17.01";"6.6";"1.3";"44.21"
"James McClean";"J. McClean";"4670";"1989-04-22";"Wrexham FC";"3139";"ENG - Championship";"31";"2025/2026";"129";"LWB";"Full Back";"89.94";"9";"0";"10544.78";"117.24";"1729.0";"798.44";"64.67";"223.33";"12.11";"1021.78";"76.78";"28.5";"29.26";"118.11";"6.78";"96.56";"18.89";"4.0";"0.73";"0.77";"0.56";"1.95";"1.95";"37.0";"1.98";"2.76";"10551.51";"117.24";"1730.1";"798.95";"64.71";"223.48";"12.12";"1022.43";"76.83";"118.19";"6.78";"96.62";"18.9";"4.0";"0.56";"37.02"
"Jamie Vardy";"J. Vardy";"4700";"1987-01-11";"US Cremonese";"771";"ITA - Serie A";"5";"2025/2026";"129";"CF";"Center Forward";"93.49";"18";"0";"9875.61";"105.64";"1225.22";"541.28";"55.56";"225.44";"11.89";"766.72";"67.44";"30.02";"31.68";"104.78";"7.17";"85.67";"15.0";"5.28";"0.63";"0.63";"1.83";"1.28";"1.32";"35.22";"1.79";"2.93";"9507.16";"105.64";"1179.51";"521.08";"53.48";"217.03";"11.45";"738.12";"64.93";"100.87";"6.9";"82.47";"14.44";"5.08";"1.76";"33.91"
"Jannik Vestergaard";"J. Vestergaard";"4740";"1992-08-03";"Leicester City";"62";"ENG - Championship";"31";"2025/2026";"129";"LCB";"Central Defender";"97.92";"22";"0";"9089.59";"92.82";"1003.14";"275.09";"24.59";"62.27";"3.18";"337.36";"27.77";"27.19";"28.88";"97.68";"4.23";"77.91";"9.73";"1.32";"0.76";"1.14";"0.27";"null";"null";"14.41";"2.16";"3.04";"8353.98";"92.82";"921.95";"252.83";"22.6";"57.23";"2.92";"310.06";"25.53";"89.78";"3.89";"71.6";"8.94";"1.21";"0.25";"13.24"
"Jean-Luc Mamadou Diarra Dompé ";"J. Dompé";"4861";"1995-08-12";"Hamburger SV";"101";"GER - Bundesliga";"6";"2025/2026";"129";"LF";"Wide Attacker";"93.48";"8";"0";"9072.88";"97.06";"1146.75";"457.5";"46.25";"162.25";"8.75";"619.75";"55.0";"29.8";"30.82";"100.38";"9.25";"82.75";"18.0";"6.25";"0.61";"0.71";"2.12";"1.23";"1.53";"34.62";"2.19";"3.04";"8735.0";"97.06";"1104.04";"440.46";"44.53";"156.21";"8.42";"596.67";"52.95";"96.64";"8.91";"79.67";"17.33";"6.02";"2.05";"33.34"
"Jean-Philippe Gbamin";"J. Gbamin";"4865";"1995-09-25";"FC Metz";"97";"FRA - Ligue 1";"3";"2025/2026";"129";"RCB";"Central Defender";"101.03";"10";"0";"10220.8";"101.17";"1277.1";"417.1";"42.4";"150.7";"7.5";"567.8";"49.9";"28.69";"29.68";"119.3";"5.4";"91.6";"12.5";"3.8";"0.71";"0.79";"1.1";"1.43";"1.53";"27.5";"1.96";"2.81";"9105.09";"101.17";"1137.69";"371.57";"37.77";"134.25";"6.68";"505.82";"44.45";"106.28";"4.81";"81.6";"11.14";"3.39";"0.98";"24.5"
"Jeremy Loteteka Bokila";"J. Bokila";"4925";"1988-11-14";"Livingston FC";"1477";"SCO - Premiership";"18";"2025/2026";"129";"CF";"Center Forward";"72.87";"8";"0";"7653.38";"105.03";"1005.88";"513.75";"54.25";"195.25";"12.5";"709.0";"66.75";"29.61";"30.48";"83.75";"9.0";"66.38";"19.88";"6.0";"0.75";"0.75";"1.12";"1.95";"null";"26.5";"2.01";"2.84";"9452.39";"105.03";"1242.32";"634.51";"67.0";"241.15";"15.44";"875.66";"82.44";"103.44";"11.12";"81.98";"24.55";"7.41";"1.39";"32.73"
"Jeremy Toljan";"J. Toljan";"4943";"1994-08-08";"Levante UD";"281";"ESP - LaLiga";"4";"2025/2026";"129";"RB";"Full Back";"94.34";"19";"0";"10083.42";"106.88";"1295.32";"568.63";"56.11";"232.37";"11.68";"801.0";"67.79";"30.53";"32.14";"121.0";"7.37";"95.11";"22.95";"5.68";"0.64";"0.67";"2.26";"1.22";"1.23";"35.63";"1.93";"2.51";"9619.06";"106.88";"1235.66";"542.45";"53.52";"221.67";"11.15";"764.11";"64.67";"115.43";"7.03";"90.73";"21.89";"5.42";"2.16";"33.99"
"Joachim Christian Andersen";"J. Andersen";"5038";"1996-05-31";"Fulham";"48";"ENG - Premier League";"1";"2025/2026";"129";"RCB";"Central Defender";"100.28";"20";"0";"10503.85";"104.75";"1462.3";"423.1";"37.45";"87.75";"5.0";"510.85";"42.45";"27.35";"28.92";"119.45";"5.55";"88.55";"13.7";"2.55";"0.72";"0.81";"0.25";"2.0";"null";"23.1";"2.01";"2.81";"9427.54";"104.75";"1312.46";"379.75";"33.61";"78.76";"4.49";"458.5";"38.1";"107.21";"4.98";"79.48";"12.3";"2.29";"0.22";"20.73"
"Johan Andrés Mojica Palacio";"J. Mojica";"5158";"1992-08-21";"RCD Mallorca";"258";"ESP - LaLiga";"4";"2025/2026";"129";"LB";"Full Back";"98.33";"16";"0";"9931.0";"101.0";"1208.06";"530.44";"57.75";"221.69";"12.25";"752.12";"70.0";"30.31";"31.8";"115.81";"8.25";"98.31";"20.56";"6.38";"0.61";"0.62";"2.06";"1.21";"1.37";"36.56";"2.03";"2.69";"9090.16";"101.0";"1105.78";"485.53";"52.86";"202.92";"11.21";"688.44";"64.07";"106.01";"7.55";"89.99";"18.82";"5.84";"1.89";"33.47"
"John McGinn";"J. McGinn";"5180";"1994-10-18";"Aston Villa";"39";"ENG - Premier League";"1";"2025/2026";"129";"RW";"Wide Attacker";"82.53";"13";"0";"8752.31";"106.05";"1253.92";"441.54";"40.23";"133.85";"7.08";"575.38";"47.31";"28.71";"30.04";"98.0";"4.85";"81.54";"15.92";"3.85";"0.72";"0.82";"0.92";"1.32";"1.41";"26.0";"1.98";"2.71";"9544.41";"106.05";"1367.41";"481.5";"43.87";"145.96";"7.72";"627.46";"51.59";"106.87";"5.28";"88.92";"17.36";"4.19";"1.01";"28.35"
"John Souttar";"J. Souttar";"5190";"1996-09-25";"Rangers";"241";"SCO - Premiership";"18";"2025/2026";"129";"RCB";"Central Defender";"94.71";"9";"0";"9487.78";"100.17";"1055.11";"348.22";"36.0";"145.0";"7.44";"493.22";"43.44";"29.12";"30.02";"100.33";"4.89";"78.0";"11.0";"3.67";"0.72";"0.87";"0.89";"1.79";"null";"14.33";"2.1";"null";"9015.66";"100.17";"1002.61";"330.89";"34.21";"137.78";"7.07";"468.68";"41.28";"95.34";"4.65";"74.12";"10.45";"3.48";"0.84";"13.62"
"Jordan Ayew";"J. Ayew";"5304";"1991-09-11";"Leicester City";"62";"ENG - Championship";"31";"2025/2026";"129";"CF";"Center Forward";"86.48";"19";"0";"9759.74";"112.86";"1431.95";"647.21";"63.74";"209.26";"12.84";"856.47";"76.58";"28.72";"30.26";"103.74";"7.74";"81.32";"21.0";"4.79";"0.65";"0.7";"1.53";"1.3";"1.33";"43.63";"1.84";"2.72";"10157.42";"112.86";"1490.3";"673.58";"66.33";"217.79";"13.37";"891.37";"79.7";"107.96";"8.05";"84.63";"21.86";"4.98";"1.59";"45.41"
"Jordan Henderson";"J. Henderson";"5308";"1990-06-17";"Brentford FC";"754";"ENG - Premier League";"1";"2025/2026";"129";"RDM";"Midfield";"86.99";"10";"0";"10274.4";"118.11";"1906.6";"601.5";"51.7";"146.5";"7.7";"748.0";"59.4";"27.82";"28.88";"103.3";"4.3";"87.8";"12.2";"3.1";"0.63";"0.82";"0.6";"1.65";"1.71";"34.6";"1.98";"2.61";"10630.32";"118.11";"1972.65";"622.34";"53.49";"151.57";"7.97";"773.91";"61.46";"106.88";"4.45";"90.84";"12.62";"3.21";"0.62";"35.8"
"Jordan Roberts";"J. Roberts";"5319";"1994-01-05";"Stevenage FC";"2817";"ENG - League One";"101";"2025/2026";"129";"RW";"Wide Attacker";"84.71";"13";"0";"9129.15";"107.77";"1294.08";"580.62";"58.92";"181.62";"12.23";"762.23";"71.15";"29.82";"31.86";"101.85";"8.77";"78.23";"16.15";"6.92";"0.58";"0.74";"1.46";"1.21";"null";"43.54";"1.92";"2.75";"9699.37";"107.77";"1374.91";"616.88";"62.6";"192.96";"12.99";"809.84";"75.6";"108.21";"9.32";"83.12";"17.16";"7.36";"1.55";"46.26"
"José Luis Gayá Peña";"José Gayá";"5398";"1995-05-25";"Valencia CF";"257";"ESP - LaLiga";"4";"2025/2026";"129";"LB";"Full Back";"89.66";"15";"0";"9358.93";"104.38";"1107.67";"541.27";"56.87";"262.07";"14.0";"803.33";"70.87";"29.8";"30.8";"96.67";"7.0";"79.8";"18.4";"5.87";"0.65";"0.68";"2.47";"1.19";"1.26";"30.87";"2.05";"2.66";"9393.96";"104.38";"1111.81";"543.29";"57.08";"263.05";"14.05";"806.34";"71.13";"97.03";"7.03";"80.1";"18.47";"5.89";"2.48";"30.98"
"José Salomón Rondón Giménez";"S. Rondón";"5439";"1989-09-16";"Real Oviedo";"776";"ESP - LaLiga";"4";"2025/2026";"129";"CF";"Center Forward";"82.31";"12";"0";"8604.92";"104.55";"1065.08";"380.67";"39.17";"99.75";"6.42";"480.42";"45.58";"28.43";"29.8";"80.67";"4.83";"68.92";"11.75";"4.0";"0.7";"0.87";"1.83";"1.33";"null";"29.67";"2.02";"2.73";"9409.36";"104.55";"1164.65";"416.25";"42.83";"109.08";"7.02";"525.33";"49.84";"88.21";"5.29";"75.36";"12.85";"4.37";"2.0";"32.44"
"Josh Magennis";"J. Magennis";"5461";"1990-08-15";"Exeter City FC";"2542";"ENG - League One";"101";"2025/2026";"129";"CF";"Center Forward";"89.54";"9";"0";"9205.89";"102.82";"1226.22";"490.44";"52.11";"138.67";"9.67";"629.11";"61.78";"28.3";"29.3";"102.44";"11.56";"85.11";"15.22";"8.33";"0.62";"0.67";"1.78";"1.4";"1.92";"27.33";"2.25";"2.8";"9253.49";"102.82";"1232.56";"492.98";"52.38";"139.38";"9.72";"632.36";"62.1";"102.97";"11.62";"85.55";"15.3";"8.38";"1.79";"27.47"
"Joshua Kimmich";"J. Kimmich";"5472";"1995-02-08";"FC Bayern Munchen";"100";"GER - Bundesliga";"6";"2025/2026";"129";"RDM";"Midfield";"100.75";"13";"0";"12751.31";"126.57";"2195.46";"608.92";"51.23";"118.23";"7.46";"727.15";"58.69";"27.35";"28.2";"129.0";"3.62";"113.0";"11.62";"2.38";"0.7";"0.75";"0.62";"1.48";"null";"37.46";"1.95";"2.82";"11391.04";"126.57";"1961.26";"543.96";"45.77";"105.62";"6.67";"649.58";"52.43";"115.24";"3.23";"100.95";"10.38";"2.13";"0.55";"33.47"
"Josh McEachran";"J. McEachran";"5474";"1993-03-01";"Bristol Rovers FC";"2540";"ENG - League Two";"204";"2025/2026";"129";"DM";"Midfield";"94.98";"9";"0";"9827.67";"103.47";"1212.67";"286.33";"24.56";"31.44";"1.0";"317.78";"25.56";"26.32";"27.22";"89.89";"2.78";"71.11";"8.0";"1.56";"0.78";"0.93";"0.44";"1.68";"null";"18.44";"2.17";"2.87";"9312.6";"103.47";"1149.11";"271.33";"23.27";"29.8";"0.95";"301.12";"24.22";"85.18";"2.63";"67.38";"7.58";"1.47";"0.42";"17.48"
"Julian Brandt";"J. Brandt";"5568";"1996-05-02";"Borussia Dortmund";"103";"GER - Bundesliga";"6";"2025/2026";"129";"AM";"Midfield";"87.7";"8";"0";"10312.75";"117.59";"1600.5";"662.5";"61.12";"204.88";"12.25";"867.38";"73.38";"28.84";"29.28";"106.38";"4.25";"95.12";"12.5";"3.25";"0.75";"0.81";"0.75";"1.76";"null";"46.62";"1.95";"2.93";"10583.46";"117.59";"1642.51";"679.89";"62.73";"210.25";"12.57";"890.14";"75.3";"109.17";"4.36";"97.62";"12.83";"3.34";"0.77";"47.85"
"Kenny Lala";"K. Lala";"5789";"1991-10-03";"Stade Brestois 29";"89";"FRA - Ligue 1";"3";"2025/2026";"129";"RB";"Full Back";"98.48";"20";"0";"10491.75";"106.53";"1394.65";"654.35";"64.5";"246.55";"13.95";"900.9";"78.45";"29.66";"31.0";"108.15";"8.65";"92.15";"17.15";"6.3";"0.57";"0.63";"2.25";"1.14";"1.22";"36.1";"2.02";"2.5";"9587.83";"106.53";"1274.49";"597.97";"58.94";"225.31";"12.75";"823.28";"71.69";"98.83";"7.9";"84.21";"15.67";"5.76";"2.06";"32.99"
"Kenny McLean";"K. McLean";"5790";"1992-01-08";"Norwich City";"57";"ENG - Championship";"31";"2025/2026";"129";"RDM";"Midfield";"97.33";"14";"0";"10580.0";"108.7";"1516.29";"517.93";"47.93";"134.64";"7.0";"652.57";"54.93";"27.79";"29.38";"103.79";"4.86";"88.14";"13.79";"2.43";"0.69";"0.85";"0.21";"2.16";"2.16";"32.64";"1.87";"2.75";"9783.36";"108.7";"1402.11";"478.93";"44.32";"124.5";"6.47";"603.43";"50.79";"95.97";"4.49";"81.51";"12.75";"2.25";"0.2";"30.18"
"Kenny Tete";"K. Tete";"5794";"1995-10-09";"Fulham";"48";"ENG - Premier League";"1";"2025/2026";"129";"RB";"Full Back";"98.56";"14";"0";"10269.0";"104.19";"1381.14";"562.79";"53.79";"170.86";"10.14";"733.64";"63.93";"28.67";"30.2";"124.14";"8.43";"102.14";"22.71";"6.36";"0.64";"0.66";"2.43";"1.26";"1.42";"37.64";"1.98";"2.78";"9377.4";"104.19";"1261.23";"513.92";"49.12";"156.02";"9.26";"669.94";"58.38";"113.36";"7.7";"93.27";"20.74";"5.81";"2.22";"34.37"
"Kevin Diks";"K. Diks";"5813";"1996-10-06";"Borussia Mönchengladbach";"114";"GER - Bundesliga";"6";"2025/2026";"129";"LCB";"Central Defender";"98.52";"14";"0";"10644.07";"108.04";"1339.86";"369.64";"35.43";"91.86";"5.79";"461.5";"41.21";"27.86";"29.66";"114.5";"4.43";"94.0";"10.57";"3.36";"0.68";"0.73";"0.86";"1.55";"null";"24.29";"1.96";"2.63";"9723.2";"108.04";"1223.94";"337.66";"32.36";"83.91";"5.29";"421.57";"37.65";"104.59";"4.05";"85.87";"9.66";"3.07";"0.78";"22.18"
"Kieran Tierney";"K. Tierney";"5906";"1997-06-05";"Celtic FC";"248";"SCO - Premiership";"18";"2025/2026";"129";"LB";"Full Back";"80.43";"9";"0";"9019.89";"112.15";"1239.89";"489.44";"46.11";"172.11";"9.44";"661.56";"55.56";"29.12";"29.92";"106.11";"9.0";"87.56";"18.11";"5.67";"0.56";"0.58";"1.56";"1.32";"1.43";"29.33";"1.88";"2.9";"10093.64";"112.15";"1387.49";"547.71";"51.6";"192.6";"10.57";"740.31";"62.17";"118.74";"10.07";"97.98";"20.27";"6.34";"1.74";"32.83"
"Kieran Trippier";"K. Trippier";"5907";"1990-09-19";"Newcastle United";"32";"ENG - Premier League";"1";"2025/2026";"129";"RB";"Full Back";"97.29";"11";"0";"10525.0";"108.18";"1496.18";"681.91";"62.73";"279.18";"14.18";"961.09";"76.91";"29.3";"29.8";"114.0";"6.73";"89.09";"20.55";"5.27";"0.74";"0.74";"1.36";"1.54";"1.61";"34.73";"2.07";"2.7";"9735.96";"108.18";"1384.02";"630.79";"58.02";"258.25";"13.12";"889.04";"71.14";"105.45";"6.22";"82.41";"19.01";"4.88";"1.26";"32.12"
"Jorge Resurrección Merodio";"Koke";"5942";"1992-01-08";"Atlético Madrid";"275";"ESP - LaLiga";"4";"2025/2026";"129";"LM";"Midfield";"95.43";"8";"0";"12422.62";"130.18";"2796.38";"702.5";"55.0";"61.62";"3.88";"764.12";"58.88";"25.29";"25.6";"129.0";"2.75";"119.5";"13.88";"0.75";"1.01";"null";"0.25";"null";"null";"45.25";"1.98";"2.91";"11716.13";"130.18";"2637.34";"662.55";"51.87";"58.12";"3.65";"720.67";"55.53";"121.66";"2.59";"112.7";"13.09";"0.71";"0.24";"42.68"
"Kyle Walker";"K. Walker";"6027";"1990-05-28";"Burnley";"53";"ENG - Premier League";"1";"2025/2026";"129";"RB";"Full Back";"102.4";"10";"0";"10425.9";"101.82";"1344.6";"652.2";"70.4";"320.9";"17.4";"973.1";"87.8";"31.65";"32.74";"113.9";"9.5";"93.0";"20.5";"6.6";"0.61";"0.65";"3.2";"1.28";"1.32";"38.6";"1.85";"2.84";"9163.69";"101.82";"1181.82";"573.24";"61.88";"282.05";"15.29";"855.29";"77.17";"100.11";"8.35";"81.74";"18.02";"5.8";"2.81";"33.93"
"Kyle Walker";"K. Walker";"6027";"1990-05-28";"Burnley";"53";"ENG - Premier League";"1";"2025/2026";"129";"RWB";"Full Back";"99.08";"12";"0";"10264.67";"103.6";"1346.5";"660.0";"68.83";"357.42";"16.92";"1017.42";"85.75";"31.33";"31.92";"116.08";"9.5";"97.33";"23.17";"6.92";"0.65";"0.71";"2.58";"1.31";"1.4";"43.67";"1.9";"2.61";"9324.06";"103.6";"1223.11";"599.52";"62.53";"324.66";"15.37";"924.19";"77.89";"105.45";"8.63";"88.41";"21.04";"6.28";"2.35";"39.67"
"Kylian Mbappé Lottin";"K. Mbappé";"6028";"1998-12-20";"Real Madrid CF";"262";"ESP - LaLiga";"4";"2025/2026";"129";"CF";"Center Forward";"95.46";"20";"0";"8539.75";"89.46";"798.95";"377.95";"46.65";"209.2";"10.9";"587.15";"57.55";"31.68";"33.62";"89.8";"11.2";"77.15";"17.45";"8.1";"0.55";"0.55";"3.15";"1.03";"1.17";"37.55";"1.86";"2.76";"8051.16";"89.46";"753.24";"356.33";"43.98";"197.23";"10.28";"553.56";"54.26";"84.66";"10.56";"72.74";"16.45";"7.64";"2.97";"35.4"
"Lawrence Shankland";"L. Shankland";"6085";"1995-08-10";"Heart of Midlothian";"242";"SCO - Premiership";"18";"2025/2026";"129";"CF";"Center Forward";"92.98";"20";"0";"10441.1";"112.29";"1527.05";"630.55";"59.25";"206.55";"10.95";"837.1";"70.2";"28.35";"29.72";"111.75";"7.35";"88.45";"15.95";"5.1";"0.75";"0.83";"1.15";"1.57";"1.65";"42.95";"1.86";"2.76";"10106.1";"112.29";"1478.06";"610.32";"57.35";"199.92";"10.6";"810.24";"67.95";"108.16";"7.11";"85.61";"15.44";"4.94";"1.11";"41.57"
"Leandro Trossard";"L. Trossard";"6109";"1994-12-04";"Arsenal Football Club";"3";"ENG - Premier League";"1";"2025/2026";"129";"LF";"Wide Attacker";"82.84";"8";"0";"9178.5";"110.8";"1341.62";"530.5";"49.62";"175.12";"8.88";"705.62";"58.5";"29.09";"30.2";"104.5";"8.12";"81.12";"14.38";"5.38";"0.7";"0.71";"2.38";"1.41";"1.45";"44.38";"2.03";"2.84";"9972.36";"110.8";"1457.66";"576.38";"53.92";"190.27";"9.64";"766.66";"63.56";"113.54";"8.83";"88.14";"15.62";"5.84";"2.58";"48.21"
"Leon  Goretzka";"L. Goretzka";"6158";"1995-02-06";"FC Bayern Munchen";"100";"GER - Bundesliga";"6";"2025/2026";"129";"LDM";"Midfield";"83.85";"9";"0";"9660.67";"115.21";"1428.33";"493.11";"45.78";"150.44";"7.44";"643.56";"53.22";"28.51";"29.88";"102.89";"3.67";"84.11";"11.44";"2.33";"0.7";"0.76";"0.67";"1.35";"null";"29.33";"2.1";"2.99";"10368.77";"115.21";"1533.03";"529.26";"49.13";"161.47";"7.99";"690.73";"57.12";"110.43";"3.94";"90.28";"12.28";"2.5";"0.72";"31.48"
"Liam Lindsay";"L. Lindsay";"6223";"1995-10-12";"Preston North End";"748";"ENG - Championship";"31";"2025/2026";"129";"CB";"Central Defender";"94.22";"11";"0";"9525.82";"101.11";"1221.82";"385.45";"36.64";"113.18";"6.09";"498.64";"42.73";"28.21";"28.84";"113.45";"5.82";"87.82";"13.82";"3.36";"0.74";"0.74";"0.91";"1.92";"2.13";"23.36";"1.91";"2.94";"9099.49";"101.11";"1167.14";"368.2";"35.0";"108.12";"5.82";"476.32";"40.82";"108.38";"5.56";"83.89";"13.2";"3.21";"0.87";"22.32"
"Lucas Digne";"L. Digne";"6355";"1993-07-20";"Aston Villa";"39";"ENG - Premier League";"1";"2025/2026";"129";"LB";"Full Back";"89.92";"14";"0";"9708.21";"107.97";"1453.07";"653.64";"63.36";"237.93";"14.21";"891.57";"77.57";"28.68";"29.14";"110.64";"9.79";"89.07";"21.71";"7.93";"0.66";"0.67";"2.36";"1.32";"1.51";"38.21";"1.89";"2.66";"9716.95";"107.97";"1454.38";"654.23";"63.41";"238.14";"14.23";"892.37";"77.64";"110.74";"9.79";"89.15";"21.73";"7.94";"2.36";"38.25"
"Lucas François Bernard Hernández Pi";"L. Hernández";"6357";"1996-02-14";"Paris Saint-Germain";"76";"FRA - Ligue 1";"3";"2025/2026";"129";"LB";"Full Back";"90.98";"11";"0";"9909.82";"108.92";"1308.09";"544.27";"57.09";"205.73";"12.09";"750.0";"69.18";"29.51";"30.78";"105.36";"7.45";"81.09";"18.55";"5.27";"0.66";"0.66";"2.18";"1.28";"1.28";"40.64";"1.9";"2.73";"9802.71";"108.92";"1293.95";"538.39";"56.47";"203.5";"11.96";"741.89";"68.43";"104.22";"7.37";"80.21";"18.35";"5.22";"2.16";"40.2"
"Luka Modrić";"L. Modrić";"6462";"1985-09-09";"Milan";"140";"ITA - Serie A";"5";"2025/2026";"129";"DM";"Midfield";"94.44";"18";"0";"10700.11";"113.3";"1606.06";"467.5";"41.17";"93.11";"5.22";"560.61";"46.39";"26.98";"28.14";"117.83";"4.61";"101.61";"14.22";"2.72";"0.66";"0.7";"0.72";"1.23";"1.6";"31.28";"2.06";"2.62";"10196.58";"113.3";"1530.48";"445.5";"39.23";"88.73";"4.98";"534.23";"44.21";"112.29";"4.39";"96.83";"13.55";"2.59";"0.69";"29.81"
"Luke Shaw";"L. Shaw";"6504";"1995-07-12";"Manchester United";"31";"ENG - Premier League";"1";"2025/2026";"129";"LCB";"Central Defender";"94.09";"18";"0";"9759.72";"103.73";"1206.0";"468.06";"42.44";"160.5";"7.72";"628.56";"50.17";"29.52";"31.18";"94.83";"5.61";"71.67";"11.94";"4.33";"0.66";"0.67";"1.28";"1.39";"1.42";"27.28";"1.88";"2.72";"9335.86";"103.73";"1153.62";"447.73";"40.6";"153.53";"7.39";"601.26";"47.99";"90.71";"5.37";"68.55";"11.43";"4.15";"1.22";"26.09"
"Manuel Akanji";"M. Akanji";"6607";"1995-07-19";"Inter Milan";"145";"ITA - Serie A";"5";"2025/2026";"129";"CB";"Central Defender";"97.07";"8";"0";"9696.0";"99.89";"1105.62";"321.5";"33.62";"132.88";"6.12";"454.38";"39.75";"30.9";"31.58";"105.88";"5.75";"83.12";"11.38";"3.75";"0.67";"0.69";"1.25";"1.3";"null";"20.88";"2.17";"null";"8990.11";"99.89";"1025.13";"298.09";"31.18";"123.2";"5.68";"421.3";"36.86";"98.17";"5.33";"77.07";"10.55";"3.48";"1.16";"19.36"
"Manuel Akanji";"M. Akanji";"6607";"1995-07-19";"Inter Milan";"145";"ITA - Serie A";"5";"2025/2026";"129";"RCB";"Central Defender";"97.59";"13";"0";"10007.54";"102.54";"1237.54";"378.08";"36.38";"119.92";"6.23";"498.0";"42.62";"29.03";"30.54";"111.46";"6.0";"91.0";"12.23";"3.77";"0.63";"0.66";"1.15";"1.31";"1.63";"22.23";"2.11";"2.84";"9228.87";"102.54";"1141.25";"348.66";"33.55";"110.59";"5.75";"459.25";"39.3";"102.79";"5.53";"83.92";"11.28";"3.48";"1.06";"20.5"
"Marc Bartra Aregall";"Marc Bartra";"6650";"1991-01-15";"Real Betis Balompié";"269";"ESP - LaLiga";"4";"2025/2026";"129";"RCB";"Central Defender";"97.15";"17";"0";"9932.41";"102.24";"1151.0";"360.88";"34.71";"91.18";"5.47";"452.06";"40.18";"28.27";"30.36";"105.65";"5.18";"82.18";"12.82";"3.41";"0.72";"0.75";"0.71";"1.33";"1.48";"37.0";"2.01";"2.63";"9201.69";"102.24";"1066.32";"334.33";"32.15";"84.47";"5.07";"418.8";"37.22";"97.87";"4.8";"76.13";"11.88";"3.16";"0.65";"34.28"
"Marc-Oliver Kempf";"M. Kempf";"6681";"1995-01-28";"Como 1907";"1948";"ITA - Serie A";"5";"2025/2026";"129";"LCB";"Central Defender";"98.25";"12";"0";"10094.0";"102.74";"1288.75";"437.33";"41.75";"117.58";"7.75";"554.92";"49.5";"28.98";"30.62";"109.25";"5.42";"86.17";"11.67";"3.75";"0.63";"0.64";"1.0";"1.26";"1.61";"23.17";"2.17";"3.13";"9246.28";"102.74";"1180.52";"400.61";"38.24";"107.71";"7.1";"508.31";"45.34";"100.07";"4.96";"78.93";"10.69";"3.44";"0.92";"21.22"
"Marcos  Alonso Mendoza";"Marcos Alonso";"6823";"1990-12-28";"RC Celta de Vigo";"285";"ESP - LaLiga";"4";"2025/2026";"129";"LCB";"Central Defender";"96.43";"19";"0";"10691.47";"110.87";"1331.84";"406.37";"38.84";"104.95";"6.58";"511.32";"45.42";"27.83";"29.76";"108.16";"3.58";"86.0";"9.53";"1.95";"0.73";"0.83";"0.42";"1.56";"1.56";"32.53";"1.97";"2.71";"9978.31";"110.87";"1243.0";"379.26";"36.25";"97.95";"6.14";"477.21";"42.39";"100.94";"3.34";"80.26";"8.89";"1.82";"0.39";"30.36"
"Marcus Fraser";"M. Fraser";"6841";"1994-06-23";"St. Mirren";"249";"SCO - Premiership";"18";"2025/2026";"129";"RCB";"Central Defender";"96.03";"21";"0";"10400.29";"108.3";"1338.62";"467.52";"42.1";"137.33";"7.0";"604.86";"49.1";"27.9";"30.12";"105.43";"5.14";"84.0";"12.71";"3.38";"0.68";"0.89";"1.0";"1.35";"null";"22.81";"2.0";"2.76";"9747.13";"108.3";"1254.55";"438.16";"39.45";"128.71";"6.56";"566.87";"46.01";"98.81";"4.82";"78.72";"11.92";"3.17";"0.94";"21.38"
"Marcus Rashford";"M. Rashford";"6847";"1997-10-31";"FC Barcelona";"264";"ESP - LaLiga";"4";"2025/2026";"129";"LW";"Wide Attacker";"87.6";"8";"0";"9291.75";"106.07";"975.75";"468.62";"61.25";"310.0";"15.38";"778.62";"76.62";"31.54";"32.3";"95.88";"8.75";"78.62";"19.12";"7.25";"0.64";"0.68";"3.12";"1.19";"1.43";"36.5";"2.03";"2.77";"9546.09";"106.07";"1002.46";"481.45";"62.93";"318.49";"15.8";"799.94";"78.72";"98.5";"8.99";"80.78";"19.65";"7.45";"3.21";"37.5"
"Mark  O'Hara";"M. O'Hara";"6954";"1995-12-12";"St. Mirren";"249";"SCO - Premiership";"18";"2025/2026";"129";"LM";"Midfield";"89.49";"8";"0";"10573.88";"118.16";"1802.62";"549.0";"44.62";"110.38";"6.88";"659.38";"51.5";"27.01";"27.68";"96.5";"4.5";"85.25";"14.0";"2.38";"0.73";"0.76";"0.38";"1.82";"null";"26.0";"2.03";"2.78";"10634.18";"118.16";"1812.91";"552.13";"44.88";"111.0";"6.91";"663.14";"51.79";"97.05";"4.53";"85.74";"14.08";"2.39";"0.38";"26.15"
"Marten de Roon";"M. de Roon";"7017";"1991-03-29";"Atalanta";"130";"ITA - Serie A";"5";"2025/2026";"129";"RM";"Midfield";"93.39";"15";"0";"11312.4";"121.13";"1955.27";"522.33";"44.8";"123.07";"5.27";"645.4";"50.07";"27.77";"29.24";"112.0";"2.8";"102.87";"10.2";"1.73";"0.67";"0.68";"0.13";"null";"null";"39.2";"1.95";"2.63";"10901.38";"121.13";"1884.22";"503.35";"43.17";"118.6";"5.08";"621.95";"48.25";"107.93";"2.7";"99.13";"9.83";"1.67";"0.13";"37.78"
"Martin Boyle";"M. Boyle";"7033";"1993-04-25";"Hibernian";"245";"SCO - Premiership";"18";"2025/2026";"129";"CF";"Center Forward";"78.57";"14";"0";"8621.57";"109.73";"1127.29";"561.93";"64.43";"294.86";"15.5";"856.79";"79.93";"30.88";"32.4";"92.07";"9.93";"74.43";"19.29";"8.14";"0.56";"0.57";"2.64";"1.16";"1.17";"37.21";"1.76";"2.61";"9875.32";"109.73";"1291.22";"643.64";"73.8";"337.74";"17.75";"981.38";"91.55";"105.46";"11.37";"85.25";"22.09";"9.33";"3.03";"42.63"
"Marvin Ducksch";"M. Ducksch";"7077";"1994-03-07";"Birmingham City";"51";"ENG - Championship";"31";"2025/2026";"129";"CF";"Center Forward";"72.02";"11";"0";"8060.36";"111.92";"1067.18";"433.09";"37.18";"80.55";"5.0";"513.64";"42.18";"26.66";"27.74";"81.18";"7.91";"63.73";"11.82";"5.45";"0.71";"0.75";"0.45";"1.69";"null";"31.36";"2.18";"2.87";"10072.49";"111.92";"1333.58";"541.2";"46.46";"100.65";"6.25";"641.86";"52.71";"101.45";"9.88";"79.64";"14.77";"6.82";"0.57";"39.19"
"Matt Grimes";"M. Grimes";"7216";"1995-07-15";"Coventry City Football Club";"1545";"ENG - Championship";"31";"2025/2026";"129";"LDM";"Midfield";"98.42";"14";"0";"11100.43";"112.79";"1788.93";"602.79";"53.07";"134.64";"7.5";"737.43";"60.57";"27.7";"28.86";"119.71";"5.43";"97.36";"13.36";"3.43";"0.7";"0.74";"0.86";"1.48";"null";"32.43";"2.02";"2.92";"10150.74";"112.79";"1635.88";"551.22";"48.53";"123.12";"6.86";"674.34";"55.39";"109.47";"4.96";"89.03";"12.21";"3.14";"0.78";"29.65"
"Matt Grimes";"M. Grimes";"7216";"1995-07-15";"Coventry City Football Club";"1545";"ENG - Championship";"31";"2025/2026";"129";"LM";"Midfield";"100.2";"8";"0";"11479.62";"114.56";"1807.0";"580.0";"51.75";"107.12";"6.38";"687.12";"58.12";"27.12";"27.66";"129.38";"5.75";"102.38";"16.25";"2.88";"0.75";"1.01";"0.88";"1.7";"null";"33.25";"2.02";"2.74";"10310.61";"114.56";"1622.99";"520.94";"46.48";"96.22";"5.73";"617.15";"52.21";"116.2";"5.16";"91.95";"14.6";"2.58";"0.79";"29.86"
"Matt Targett";"M. Targett";"7222";"1995-09-18";"Middlesbrough";"43";"ENG - Championship";"31";"2025/2026";"129";"LB";"Full Back";"87.76";"12";"0";"9022.92";"102.82";"1197.42";"428.33";"39.33";"118.42";"6.33";"546.75";"45.67";"27.88";"28.94";"101.33";"4.0";"87.42";"13.0";"2.92";"0.77";"1.0";"1.25";"1.5";"null";"20.67";"2.37";"3.02";"9253.54";"102.82";"1228.02";"439.28";"40.34";"121.44";"6.5";"560.72";"46.83";"103.92";"4.1";"89.65";"13.33";"2.99";"1.28";"21.19"
"Matteo Bianchetti";"M. Bianchetti";"7224";"1993-03-17";"US Cremonese";"771";"ITA - Serie A";"5";"2025/2026";"129";"LCB";"Central Defender";"94.32";"17";"0";"10234.0";"108.5";"1359.41";"426.29";"35.59";"90.59";"4.65";"516.88";"40.24";"27.24";"29.02";"105.47";"4.35";"83.35";"11.24";"3.06";"0.76";"0.82";"0.71";"1.63";"1.87";"35.06";"1.95";"2.61";"9765.0";"108.5";"1297.11";"406.76";"33.96";"86.44";"4.43";"493.2";"38.39";"100.64";"4.15";"79.53";"10.72";"2.92";"0.67";"33.45"
"Matty James";"M. James";"7248";"1991-07-22";"Wrexham FC";"3139";"ENG - Championship";"31";"2025/2026";"129";"DM";"Midfield";"90.76";"8";"0";"10523.88";"115.95";"1836.25";"465.62";"39.38";"86.25";"5.0";"551.88";"44.38";"27.11";"27.68";"110.38";"3.75";"93.0";"9.62";"2.25";"0.91";"null";"0.88";"1.95";"null";"29.12";"2.19";"2.78";"10435.94";"115.95";"1820.91";"461.73";"39.05";"85.53";"4.96";"547.26";"44.0";"109.45";"3.72";"92.22";"9.54";"2.23";"0.87";"28.88"
"Matthew Pennington";"M. Pennington";"7255";"1994-10-06";"Bradford City AFC";"2810";"ENG - League One";"101";"2025/2026";"129";"RCB";"Central Defender";"95.14";"12";"0";"11023.25";"115.86";"1732.33";"630.67";"51.0";"123.83";"7.75";"754.5";"58.75";"27.42";"28.46";"121.25";"6.33";"88.83";"12.08";"3.75";"0.64";"0.76";"1.0";"1.22";"1.55";"37.58";"1.94";"2.71";"10427.68";"115.86";"1638.74";"596.59";"48.24";"117.14";"7.33";"713.74";"55.58";"114.7";"5.99";"84.03";"11.43";"3.55";"0.95";"35.55"
"Matthias Ginter";"M. Ginter";"7262";"1994-01-19";"SC Freiburg";"118";"GER - Bundesliga";"6";"2025/2026";"129";"RCB";"Central Defender";"100.14";"19";"0";"10347.53";"103.33";"1221.26";"336.47";"29.05";"57.74";"3.68";"394.21";"32.74";"27.31";"29.46";"104.0";"3.53";"84.53";"10.58";"2.37";"0.75";"0.9";"0.63";"1.45";"null";"21.32";"2.24";"3.13";"9300.05";"103.33";"1097.63";"302.41";"26.11";"51.89";"3.31";"354.3";"29.42";"93.47";"3.17";"75.97";"9.51";"2.13";"0.57";"19.16"
"Mauro Wilney Arambarri Rosa";"M. Arambarri";"7302";"1995-09-30";"Getafe CF";"268";"ESP - LaLiga";"4";"2025/2026";"129";"LM";"Midfield";"98.57";"18";"0";"10967.28";"111.26";"1755.06";"741.44";"66.5";"184.78";"11.44";"926.22";"77.94";"28.04";"29.18";"126.72";"5.67";"104.44";"20.06";"3.56";"0.68";"0.81";"1.11";"1.41";"1.53";"48.39";"1.82";"2.58";"10013.33";"111.26";"1602.4";"676.95";"60.72";"168.71";"10.45";"845.66";"71.16";"115.7";"5.17";"95.36";"18.31";"3.25";"1.01";"44.18"
"Maximilian Arnold";"M. Arnold";"7348";"1994-05-27";"VfL Wolfsburg";"106";"GER - Bundesliga";"6";"2025/2026";"129";"LDM";"Midfield";"100.27";"10";"0";"11717.0";"116.86";"1803.8";"486.9";"39.5";"94.6";"4.2";"581.5";"43.7";"27.21";"28.54";"111.7";"3.2";"104.8";"11.9";"1.5";"0.76";"0.94";"0.0";"null";"null";"27.8";"2.08";"3.37";"10517.08";"116.86";"1619.08";"437.04";"35.45";"84.91";"3.77";"521.95";"39.22";"100.26";"2.87";"94.07";"10.68";"1.35";"0.0";"24.95"
"Maximilian Arnold";"M. Arnold";"7348";"1994-05-27";"VfL Wolfsburg";"106";"GER - Bundesliga";"6";"2025/2026";"129";"RDM";"Midfield";"101.54";"8";"0";"11781.5";"116.03";"1863.5";"542.62";"42.75";"81.38";"4.75";"624.0";"47.5";"26.68";"27.36";"105.25";"2.62";"96.12";"11.38";"0.88";"0.81";"null";"0.12";"null";"null";"24.0";"2.21";"3.1";"10442.58";"116.03";"1651.72";"480.96";"37.89";"72.13";"4.21";"553.08";"42.1";"93.29";"2.33";"85.2";"10.08";"0.78";"0.11";"21.27"
"Maximilian Eggestein";"M. Eggestein";"7349";"1996-12-08";"SC Freiburg";"118";"GER - Bundesliga";"6";"2025/2026";"129";"RDM";"Midfield";"99.94";"17";"0";"12009.29";"120.16";"2163.94";"641.12";"50.35";"102.0";"6.29";"743.12";"56.65";"26.53";"27.8";"136.65";"4.35";"116.53";"15.65";"2.59";"0.65";"0.72";"0.24";"1.61";"null";"40.76";"1.93";"2.64";"10814.51";"120.16";"1948.66";"577.33";"45.34";"91.85";"5.67";"669.19";"51.01";"123.05";"3.92";"104.94";"14.09";"2.33";"0.21";"36.71"
"Maximilian Mittelstädt";"M. Mittelstädt";"7351";"1997-03-18";"VfB Stuttgart";"115";"GER - Bundesliga";"6";"2025/2026";"129";"LB";"Full Back";"94.41";"12";"0";"10720.58";"113.55";"1427.75";"556.17";"54.92";"210.42";"12.0";"766.58";"66.92";"29.18";"29.9";"108.5";"6.17";"91.83";"17.0";"3.5";"0.63";"0.66";"2.33";"1.32";"1.43";"33.58";"2.04";"2.92";"10219.84";"113.55";"1361.06";"530.19";"52.35";"200.59";"11.44";"730.78";"63.79";"103.43";"5.88";"87.54";"16.21";"3.34";"2.22";"32.01"
"Michael Keane";"M. Keane";"7438";"1993-01-11";"Everton";"41";"ENG - Premier League";"1";"2025/2026";"129";"LCB";"Central Defender";"96.98";"21";"0";"9780.0";"100.84";"1058.1";"345.71";"31.33";"78.14";"4.38";"423.86";"35.71";"28.09";"29.82";"95.1";"3.71";"75.81";"8.24";"1.86";"0.64";"0.76";"0.86";"1.25";"1.49";"16.24";"2.09";"3.03";"9076.01";"100.84";"981.93";"320.83";"29.08";"72.52";"4.07";"393.35";"33.14";"88.25";"3.45";"70.35";"7.65";"1.72";"0.8";"15.07"
"Michał Helik";"M. Helik";"7484";"1995-09-09";"Oxford United";"1588";"ENG - Championship";"31";"2025/2026";"129";"RCB";"Central Defender";"98.57";"24";"0";"9854.38";"99.98";"1226.33";"385.96";"36.17";"102.17";"5.38";"488.12";"41.54";"27.74";"30.4";"122.33";"5.38";"95.04";"11.75";"3.17";"0.61";"0.77";"1.33";"1.33";"1.73";"23.88";"2.0";"2.78";"8997.84";"99.98";"1119.74";"352.41";"33.02";"93.29";"4.91";"445.7";"37.93";"111.7";"4.91";"86.78";"10.73";"2.89";"1.22";"21.8"
"Mikel Oyarzabal Ugarte";"Mikel Oyarzabal";"7619";"1997-04-21";"Real Sociedad";"282";"ESP - LaLiga";"4";"2025/2026";"129";"CF";"Center Forward";"95.19";"20";"0";"10142.6";"106.56";"1407.0";"724.3";"68.3";"281.4";"15.0";"1005.7";"83.3";"29.28";"30.56";"101.7";"7.4";"84.1";"15.7";"5.35";"0.66";"0.7";"1.6";"1.27";"1.32";"52.6";"1.73";"2.61";"9590.1";"106.56";"1330.36";"684.85";"64.58";"266.07";"14.18";"950.92";"78.76";"96.16";"7.0";"79.52";"14.84";"5.06";"1.51";"49.73"
"Mohamed Salah Ghaly";"Mohamed Salah";"7735";"1992-06-15";"Liverpool Football Club";"2";"ENG - Premier League";"1";"2025/2026";"129";"RW";"Wide Attacker";"98.68";"13";"0";"10213.62";"103.5";"1368.69";"611.77";"67.77";"294.46";"15.0";"906.23";"82.77";"31.23";"32.64";"109.08";"8.85";"90.62";"20.23";"6.92";"0.63";"0.65";"2.31";"1.18";"1.44";"43.08";"2.0";"2.75";"9315.14";"103.5";"1248.29";"557.95";"61.81";"268.56";"13.68";"826.51";"75.49";"99.48";"8.07";"82.64";"18.45";"6.31";"2.1";"39.29"
"Moses Daddy Simon";"M. Simon";"7778";"1995-07-12";"Paris FC";"327";"FRA - Ligue 1";"3";"2025/2026";"129";"LW";"Wide Attacker";"78.0";"12";"0";"8169.08";"104.73";"1001.08";"464.92";"50.92";"211.42";"11.17";"676.33";"62.08";"29.81";"30.58";"87.0";"7.83";"73.83";"18.33";"5.33";"0.65";"0.68";"1.83";"1.24";"1.6";"30.17";"1.91";"2.78";"9425.7";"104.73";"1155.08";"536.43";"58.75";"243.94";"12.88";"780.37";"71.63";"100.38";"9.04";"85.19";"21.15";"6.15";"2.12";"34.81"
"Nadiem Amiri";"N. Amiri";"7846";"1996-10-27";"1. FSV Mainz 05";"120";"GER - Bundesliga";"6";"2025/2026";"129";"LM";"Midfield";"92.29";"9";"0";"10716.78";"116.13";"1639.22";"599.89";"51.78";"184.56";"9.22";"784.44";"61.0";"28.69";"29.76";"98.44";"3.67";"83.78";"15.11";"2.89";"0.79";"0.92";"0.89";"1.44";"null";"29.89";"1.96";"2.9";"10451.41";"116.13";"1598.63";"585.03";"50.5";"179.99";"8.99";"765.02";"59.49";"96.01";"3.58";"81.7";"14.74";"2.82";"0.87";"29.15"
"Nemanja Gudelj";"N. Gudelj";"7909";"1991-11-16";"Sevilla FC";"266";"ESP - LaLiga";"4";"2025/2026";"129";"CB";"Central Defender";"95.11";"8";"0";"9581.62";"100.75";"1051.62";"369.5";"35.0";"109.62";"5.38";"479.12";"40.38";"30.15";"31.56";"94.75";"5.0";"74.25";"9.62";"3.88";"0.82";"0.85";"1.0";"1.48";"null";"26.0";"1.99";"3.31";"9067.19";"100.75";"995.16";"349.66";"33.12";"103.74";"5.09";"453.4";"38.21";"89.66";"4.73";"70.26";"9.11";"3.67";"0.95";"24.6"
"Nemanja Matić";"N. Matić";"7910";"1988-08-01";"Sassuolo";"158";"ITA - Serie A";"5";"2025/2026";"129";"DM";"Midfield";"96.82";"22";"0";"11164.73";"115.32";"1509.5";"432.27";"34.45";"59.14";"3.32";"491.41";"37.77";"26.51";"28.32";"90.95";"2.91";"79.77";"9.27";"1.32";"0.81";"0.87";"0.09";"null";"null";"26.91";"1.92";"2.73";"10378.56";"115.32";"1403.21";"401.83";"32.03";"54.97";"3.08";"456.81";"35.11";"84.55";"2.7";"74.16";"8.62";"1.23";"0.08";"25.01"
"Nico Elvedi";"N. Elvedi";"7965";"1996-09-30";"Borussia Mönchengladbach";"114";"GER - Bundesliga";"6";"2025/2026";"129";"CB";"Central Defender";"100.13";"14";"0";"10488.14";"104.74";"1181.79";"364.0";"37.79";"104.14";"6.57";"468.14";"44.36";"29.01";"30.94";"113.0";"4.71";"97.57";"11.79";"3.0";"0.69";"0.84";"1.0";"1.38";"1.63";"24.14";"2.06";"2.78";"9426.65";"104.74";"1062.18";"327.16";"33.96";"93.6";"5.91";"420.76";"39.87";"101.56";"4.24";"87.7";"10.59";"2.7";"0.9";"21.7"
"Nicolò Barella";"N. Barella";"8042";"1997-02-07";"Inter Milan";"145";"ITA - Serie A";"5";"2025/2026";"129";"RM";"Midfield";"82.2";"15";"0";"10372.93";"126.19";"1818.4";"637.73";"49.87";"162.13";"8.33";"799.87";"58.2";"28.07";"29.36";"90.53";"3.4";"77.73";"10.4";"2.33";"0.73";"0.76";"0.87";"1.49";"1.67";"37.87";"1.85";"2.75";"11357.23";"126.19";"1990.95";"698.25";"54.6";"177.52";"9.12";"875.77";"63.72";"99.12";"3.72";"85.11";"11.39";"2.55";"0.95";"41.46"
"Olivier Giroud";"O. Giroud";"8206";"1986-09-30";"LOSC Lille";"78";"FRA - Ligue 1";"3";"2025/2026";"129";"CF";"Center Forward";"82.91";"17";"0";"8998.0";"108.53";"1221.24";"595.18";"57.88";"190.18";"11.12";"785.35";"69.0";"28.22";"29.04";"102.53";"6.53";"80.76";"19.94";"4.29";"0.82";"0.86";"0.71";"1.65";"null";"31.65";"1.93";"2.97";"9767.6";"108.53";"1325.69";"646.08";"62.83";"206.44";"12.07";"852.52";"74.9";"111.3";"7.09";"87.67";"21.65";"4.66";"0.77";"34.35"
"Pablo Marí Villar";"Pablo Marí";"8324";"1993-08-31";"Fiorentina";"138";"ITA - Serie A";"5";"2025/2026";"129";"CB";"Central Defender";"94.39";"9";"0";"9237.0";"97.86";"983.89";"282.0";"29.0";"97.0";"4.78";"379.0";"33.78";"28.36";"29.08";"102.44";"5.33";"80.67";"11.22";"2.44";"0.73";"0.82";"0.89";"1.61";"null";"22.44";"2.04";"3.26";"8807.67";"97.86";"938.16";"268.89";"27.65";"92.49";"4.56";"361.38";"32.21";"97.68";"5.09";"76.92";"10.7";"2.33";"0.85";"21.4"
"Patrick Roberts";"P. Roberts";"8425";"1997-02-05";"Birmingham City";"51";"ENG - Championship";"31";"2025/2026";"129";"RW";"Wide Attacker";"84.22";"21";"0";"9645.1";"114.52";"1504.67";"645.24";"55.62";"148.33";"9.14";"793.57";"64.76";"27.49";"29.0";"104.48";"6.24";"83.19";"15.0";"4.33";"0.68";"0.69";"1.19";"1.44";"1.54";"43.24";"1.81";"2.76";"10306.47";"114.52";"1607.84";"689.48";"59.43";"158.5";"9.77";"847.99";"69.2";"111.64";"6.67";"88.89";"16.03";"4.63";"1.27";"46.2"
"Paul McGinn";"P. McGinn";"8471";"1990-10-22";"Motherwell";"243";"SCO - Premiership";"18";"2025/2026";"129";"LCB";"Central Defender";"96.29";"9";"0";"10387.67";"107.88";"1334.44";"390.89";"36.22";"92.56";"6.11";"483.44";"42.33";"27.86";"28.4";"117.56";"5.0";"92.56";"11.56";"3.22";"0.74";"null";"0.33";"null";"null";"20.11";"2.15";"null";"9709.41";"107.88";"1247.31";"365.37";"33.86";"86.51";"5.71";"451.88";"39.57";"109.88";"4.67";"86.51";"10.8";"3.01";"0.31";"18.8"
"Paul McGinn";"P. McGinn";"8471";"1990-10-22";"Motherwell";"243";"SCO - Premiership";"18";"2025/2026";"129";"RCB";"Central Defender";"97.34";"12";"0";"10369.58";"106.52";"1286.83";"345.17";"33.08";"83.75";"4.5";"428.92";"37.58";"28.33";"29.76";"115.83";"4.08";"97.92";"9.33";"2.58";"0.69";"0.91";"0.92";"1.77";"null";"17.0";"2.05";"3.3";"9587.22";"106.52";"1189.74";"319.12";"30.59";"77.43";"4.16";"396.56";"34.75";"107.09";"3.78";"90.53";"8.63";"2.39";"0.85";"15.72"
"Pedro Bigas Rigo";"Pedro Bigas";"8560";"1990-05-15";"Elche CF";"286";"ESP - LaLiga";"4";"2025/2026";"129";"LCB";"Central Defender";"87.81";"14";"0";"9375.93";"106.78";"1263.43";"471.29";"43.71";"162.5";"8.86";"633.79";"52.57";"28.67";"29.76";"102.43";"4.93";"86.86";"11.14";"3.5";"0.72";"0.73";"1.07";"1.41";"1.68";"25.71";"2.02";"2.88";"9610.08";"106.78";"1294.98";"483.06";"44.81";"166.56";"9.08";"649.61";"53.88";"104.99";"5.05";"89.03";"11.42";"3.59";"1.1";"26.36"
"Pierre-Emerick Aubameyang";"P. Aubameyang";"8692";"1989-06-18";"Olympique de Marseille";"80";"FRA - Ligue 1";"3";"2025/2026";"129";"CF";"Center Forward";"85.34";"11";"0";"8914.55";"104.46";"1162.45";"564.09";"62.09";"262.91";"14.18";"827.0";"76.27";"30.85";"31.96";"103.55";"12.09";"86.18";"22.09";"8.64";"0.64";"0.66";"3.09";"1.17";"1.2";"47.0";"1.94";"2.74";"9401.39";"104.46";"1225.94";"594.9";"65.48";"277.27";"14.96";"872.16";"80.44";"109.2";"12.75";"90.89";"23.3";"9.11";"3.26";"49.57"
"Pierre-Emile Højbjerg";"P. Højbjerg";"8693";"1995-08-05";"Olympique de Marseille";"80";"FRA - Ligue 1";"3";"2025/2026";"129";"LDM";"Midfield";"99.52";"9";"0";"10820.89";"108.73";"1668.89";"585.33";"49.33";"132.11";"6.89";"717.44";"56.22";"28.69";"29.74";"121.33";"4.89";"101.22";"15.33";"2.89";"0.71";"0.76";"0.89";"1.46";"1.83";"42.33";"1.97";"2.68";"9785.74";"108.73";"1509.24";"529.34";"44.61";"119.47";"6.23";"648.81";"50.84";"109.73";"4.42";"91.54";"13.87";"2.61";"0.8";"38.28"
"Przemysław Frankowski";"P. Frankowski";"8744";"1995-04-12";"Stade Rennais FC";"79";"FRA - Ligue 1";"3";"2025/2026";"129";"RWB";"Full Back";"84.95";"11";"0";"9990.0";"117.6";"1479.36";"661.18";"63.18";"299.36";"14.82";"960.55";"78.0";"29.75";"30.66";"103.0";"6.82";"92.73";"14.0";"5.45";"0.66";"0.76";"2.27";"1.33";"1.77";"36.36";"1.74";"2.84";"10583.68";"117.6";"1567.28";"700.47";"66.94";"317.15";"15.7";"1017.63";"82.64";"109.12";"7.22";"98.24";"14.83";"5.78";"2.41";"38.52"
"Ramy Bensebaini";"R. Bensebaini";"8863";"1995-04-16";"Borussia Dortmund";"103";"GER - Bundesliga";"6";"2025/2026";"129";"LCB";"Central Defender";"99.74";"9";"0";"10529.33";"105.57";"1272.22";"450.44";"42.33";"125.33";"7.0";"575.78";"49.33";"28.8";"30.06";"115.0";"5.33";"96.78";"14.0";"4.0";"0.74";"0.8";"1.33";"1.37";"2.0";"31.44";"2.19";"2.92";"9500.86";"105.57";"1147.95";"406.45";"38.2";"113.09";"6.32";"519.54";"44.51";"103.77";"4.81";"87.32";"12.63";"3.61";"1.2";"28.37"
"Rani Khedira";"R. Khedira";"8866";"1994-01-27";"FC Union Berlin";"757";"GER - Bundesliga";"6";"2025/2026";"129";"RM";"Midfield";"96.22";"11";"0";"11102.27";"115.39";"1752.36";"642.91";"53.45";"136.0";"7.45";"778.91";"60.91";"27.56";"28.78";"117.82";"3.64";"104.73";"16.45";"3.0";"0.75";"0.79";"0.64";"1.82";"1.82";"44.55";"1.84";"2.78";"10384.78";"115.39";"1639.12";"601.36";"50.0";"127.21";"6.97";"728.57";"56.97";"110.2";"3.4";"97.96";"15.39";"2.81";"0.6";"41.67"
"Raúl Alonso Jiménez Rodríguez";"R. Jiménez";"8891";"1991-05-05";"Fulham";"48";"ENG - Premier League";"1";"2025/2026";"129";"CF";"Center Forward";"90.08";"19";"0";"9139.95";"101.47";"1252.68";"568.89";"57.0";"194.26";"11.58";"763.16";"68.58";"29.13";"30.5";"110.26";"11.47";"92.47";"20.26";"6.95";"0.73";"0.73";"1.68";"1.35";"1.41";"39.84";"1.83";"2.86";"9132.03";"101.47";"1251.6";"568.4";"56.95";"194.09";"11.57";"762.5";"68.52";"110.17";"11.46";"92.39";"20.25";"6.94";"1.68";"39.81"
"Remo Freuler";"R. Freuler";"8919";"1992-04-15";"Bologna";"141";"ITA - Serie A";"5";"2025/2026";"129";"RDM";"Midfield";"88.24";"8";"0";"10938.38";"123.96";"1954.75";"545.12";"41.62";"80.25";"5.0";"625.38";"46.62";"26.01";"26.46";"98.0";"3.0";"86.38";"9.75";"2.12";"0.72";"0.84";"0.5";"null";"null";"39.88";"2.04";"2.83";"11156.6";"123.96";"1993.75";"556.0";"42.46";"81.85";"5.1";"637.85";"47.56";"99.96";"3.06";"88.1";"9.94";"2.17";"0.51";"40.67"
"Ricardo Iván Rodríguez Araya";"R. Rodríguez";"8996";"1992-08-25";"Real Betis Balompié";"269";"ESP - LaLiga";"4";"2025/2026";"129";"LB";"Full Back";"96.47";"10";"0";"9582.8";"99.34";"1206.3";"469.7";"46.7";"143.0";"9.1";"612.7";"55.8";"28.3";"29.04";"116.3";"6.3";"94.4";"19.8";"4.4";"0.77";"0.8";"1.8";"1.44";"1.61";"34.9";"2.02";"2.63";"8940.41";"99.34";"1125.44";"438.21";"43.57";"133.41";"8.49";"571.63";"52.06";"108.5";"5.88";"88.07";"18.47";"4.11";"1.68";"32.56"
"Robert Lewandowski";"R. Lewandowski";"9106";"1988-08-21";"FC Barcelona";"264";"ESP - LaLiga";"4";"2025/2026";"129";"CF";"Center Forward";"87.58";"9";"0";"9057.0";"103.42";"1080.44";"460.78";"43.67";"146.78";"8.0";"607.56";"51.67";"28.78";"29.62";"89.22";"6.78";"72.89";"16.33";"4.44";"0.78";"0.79";"1.44";"1.36";"1.54";"40.67";"2.07";"2.76";"9307.69";"103.42";"1110.35";"473.53";"44.88";"150.84";"8.22";"624.37";"53.1";"91.69";"6.97";"74.91";"16.79";"4.57";"1.48";"41.79"
"Roberto Gagliardini";"R. Gagliardini";"9134";"1994-04-07";"Hellas Verona";"157";"ITA - Serie A";"5";"2025/2026";"129";"DM";"Midfield";"92.15";"11";"0";"11124.55";"120.72";"1934.0";"550.27";"45.73";"77.64";"4.91";"627.91";"50.64";"26.45";"27.64";"117.45";"3.82";"105.09";"13.45";"2.64";"0.77";"0.81";"0.55";"1.65";"null";"43.36";"1.99";"2.78";"10864.64";"120.72";"1888.81";"537.42";"44.66";"75.82";"4.79";"613.24";"49.45";"114.71";"3.73";"102.64";"13.14";"2.57";"0.53";"42.35"
"Rodrigo Hernández Cascante";"Rodri";"9192";"1996-06-22";"Manchester City";"40";"ENG - Premier League";"1";"2025/2026";"129";"DM";"Midfield";"98.56";"8";"0";"12319.62";"125.0";"2440.38";"668.5";"52.88";"124.5";"7.0";"793.0";"59.88";"27.39";"28.02";"120.38";"2.5";"109.25";"9.5";"1.38";"0.71";"null";"0.5";"1.54";"null";"42.75";"1.96";"2.97";"11249.85";"125.0";"2228.46";"610.45";"48.28";"113.69";"6.39";"724.14";"54.68";"109.92";"2.28";"99.76";"8.68";"1.26";"0.46";"39.04"
"Rolando Mandragora";"R. Mandragora";"9226";"1997-06-29";"Fiorentina";"138";"ITA - Serie A";"5";"2025/2026";"129";"RM";"Midfield";"86.26";"14";"0";"9938.0";"115.21";"1673.57";"527.21";"42.21";"88.0";"5.36";"615.21";"47.57";"26.82";"27.98";"102.64";"3.21";"87.5";"12.79";"1.57";"0.82";"0.94";"0.36";"1.78";"null";"31.36";"2.1";"2.93";"10369.23";"115.21";"1746.19";"550.09";"44.05";"91.82";"5.59";"641.91";"49.64";"107.1";"3.35";"91.3";"13.34";"1.64";"0.37";"32.72"
"Ryan McGowan";"R. McGowan";"9419";"1989-08-15";"Livingston FC";"1477";"SCO - Premiership";"18";"2025/2026";"129";"RCB";"Central Defender";"99.13";"8";"0";"9751.0";"98.36";"958.25";"358.75";"38.75";"111.0";"7.0";"469.75";"45.75";"28.93";"29.62";"98.5";"5.75";"79.38";"11.62";"2.88";"0.7";"null";"0.62";"null";"null";"14.62";"2.73";"null";"8852.81";"98.36";"869.98";"325.7";"35.18";"100.78";"6.36";"426.48";"41.54";"89.43";"5.22";"72.06";"10.55";"2.61";"0.57";"13.28"
"Serhou Guirassy";"S. Guirassy";"9700";"1996-03-12";"Borussia Dortmund";"103";"GER - Bundesliga";"6";"2025/2026";"129";"CF";"Center Forward";"91.3";"18";"0";"10067.11";"110.26";"1308.94";"602.06";"60.44";"220.89";"12.61";"822.94";"73.06";"29.27";"30.54";"105.06";"7.44";"87.11";"15.67";"5.39";"0.73";"0.78";"2.11";"1.37";"1.52";"51.11";"1.82";"2.71";"9923.37";"110.26";"1290.25";"593.46";"59.58";"217.73";"12.43";"811.19";"72.01";"103.56";"7.34";"85.87";"15.44";"5.31";"2.08";"50.38"
"Serge  Gnabry";"S. Gnabry";"9724";"1995-07-14";"FC Bayern Munchen";"100";"GER - Bundesliga";"6";"2025/2026";"129";"AM";"Midfield";"75.24";"8";"0";"9319.5";"123.86";"1635.88";"682.75";"57.38";"168.0";"10.38";"850.75";"67.75";"28.24";"29.34";"94.38";"4.25";"82.12";"12.25";"2.88";"0.66";"0.73";"0.62";"1.5";"null";"41.88";"1.98";"2.63";"11147.79";"123.86";"1956.8";"816.69";"68.63";"200.96";"12.41";"1017.65";"81.04";"112.89";"5.08";"98.24";"14.65";"3.44";"0.75";"50.09"
"Sergi Darder Moll";"Sergi Darder";"9732";"1993-12-22";"RCD Mallorca";"258";"ESP - LaLiga";"4";"2025/2026";"129";"AM";"Midfield";"78.89";"8";"0";"8854.12";"112.24";"1384.75";"484.38";"42.0";"88.12";"5.25";"572.5";"47.25";"27.27";"28.02";"92.62";"2.5";"81.62";"9.12";"1.5";"0.75";"0.82";"0.75";"1.67";"null";"33.62";"1.86";"2.75";"10101.63";"112.24";"1579.85";"552.62";"47.92";"100.54";"5.99";"653.16";"53.91";"105.68";"2.85";"93.13";"10.41";"1.71";"0.86";"38.36"
"Simon Murray";"S. Murray";"9871";"1992-03-15";"Dundee FC";"254";"SCO - Premiership";"18";"2025/2026";"129";"CF";"Center Forward";"82.21";"13";"0";"9165.38";"111.48";"1382.46";"644.0";"66.62";"261.15";"15.62";"905.15";"82.23";"29.51";"30.86";"100.0";"9.85";"79.62";"22.85";"7.23";"0.72";"0.73";"2.0";"1.51";"null";"42.92";"1.81";"2.54";"10033.53";"111.48";"1513.41";"705.0";"72.93";"285.89";"17.09";"990.89";"90.02";"109.47";"10.78";"87.16";"25.01";"7.92";"2.19";"46.99"
"Stefan Bell";"S. Bell";"9969";"1991-08-24";"1. FSV Mainz 05";"120";"GER - Bundesliga";"6";"2025/2026";"129";"CB";"Central Defender";"90.37";"9";"0";"9800.56";"108.45";"1157.89";"295.89";"26.56";"71.33";"3.78";"367.22";"30.33";"27.2";"28.16";"108.22";"4.33";"85.44";"10.56";"2.22";"0.84";"0.87";"0.56";"2.02";"null";"22.33";"2.1";"3.13";"9760.79";"108.45";"1153.19";"294.69";"26.45";"71.04";"3.76";"365.73";"30.21";"107.78";"4.32";"85.1";"10.51";"2.21";"0.55";"22.24"
"Stephen Kingsley";"S. Kingsley";"10053";"1994-07-23";"Heart of Midlothian";"242";"SCO - Premiership";"18";"2025/2026";"129";"LB";"Full Back";"87.38";"8";"0";"9552.25";"109.32";"1332.0";"517.38";"45.12";"128.88";"6.75";"646.25";"51.88";"27.41";"28.34";"112.88";"7.38";"90.88";"16.75";"5.0";"0.7";"0.71";"0.62";"1.76";"1.76";"36.88";"1.96";"2.67";"9839.23";"109.32";"1372.02";"532.92";"46.48";"132.75";"6.95";"665.67";"53.43";"116.27";"7.6";"93.61";"17.25";"5.15";"0.64";"37.98"
"Steve Cook";"S. Cook";"10067";"1991-04-19";"Queens Park Rangers";"56";"ENG - Championship";"31";"2025/2026";"129";"LCB";"Central Defender";"99.43";"19";"0";"9932.58";"99.9";"1185.58";"378.58";"33.58";"94.89";"5.26";"473.47";"38.84";"27.75";"29.7";"108.58";"4.79";"83.53";"10.74";"2.95";"0.71";"0.74";"0.47";"1.49";"null";"15.47";"2.07";"3.23";"8990.98";"99.9";"1073.19";"342.69";"30.4";"85.9";"4.76";"428.59";"35.16";"98.29";"4.34";"75.61";"9.72";"2.67";"0.43";"14.01"
"Stevie May";"S. May";"10125";"1992-11-03";"Livingston FC";"1477";"SCO - Premiership";"18";"2025/2026";"129";"LW";"Wide Attacker";"73.55";"9";"0";"9234.67";"125.56";"1553.67";"719.11";"66.78";"286.11";"14.89";"1005.22";"81.67";"30.37";"31.04";"94.22";"6.56";"76.0";"14.67";"4.11";"0.76";"0.81";"1.33";"1.47";"1.74";"40.89";"2.09";"2.66";"11300.35";"125.56";"1901.2";"879.97";"81.72";"350.11";"18.22";"1230.08";"99.93";"115.3";"8.02";"93.0";"17.95";"5.03";"1.63";"50.04"
"Stuart Findlay";"S. Findlay";"10151";"1995-09-14";"Heart of Midlothian";"242";"SCO - Premiership";"18";"2025/2026";"129";"LCB";"Central Defender";"96.74";"25";"0";"9245.72";"95.57";"932.48";"291.2";"29.64";"79.92";"4.6";"371.12";"34.24";"28.42";"31.5";"101.12";"4.8";"75.16";"9.52";"2.8";"0.65";"0.81";"0.84";"1.33";"1.51";"20.2";"2.01";"2.79";"8601.26";"95.57";"867.48";"270.9";"27.57";"74.35";"4.28";"345.25";"31.85";"94.07";"4.47";"69.92";"8.86";"2.6";"0.78";"18.79"
"Thomas Meunier";"T. Meunier";"10307";"1991-09-12";"LOSC Lille";"78";"FRA - Ligue 1";"3";"2025/2026";"129";"RB";"Full Back";"95.08";"13";"0";"11739.15";"123.47";"1748.54";"838.46";"79.69";"366.23";"19.08";"1204.69";"98.77";"29.63";"30.74";"121.0";"6.92";"100.54";"16.77";"5.31";"0.67";"0.77";"1.85";"1.39";"1.43";"42.92";"2.06";"2.6";"11112.31";"123.47";"1655.17";"793.69";"75.44";"346.67";"18.06";"1140.36";"93.5";"114.54";"6.55";"95.17";"15.87";"5.02";"1.75";"40.63"
"Valentin Rongier";"V. Rongier";"10619";"1994-12-07";"Stade Rennais FC";"79";"FRA - Ligue 1";"3";"2025/2026";"129";"DM";"Midfield";"99.06";"13";"0";"12606.15";"127.25";"2429.69";"727.23";"60.15";"113.54";"8.15";"840.77";"68.31";"26.52";"27.6";"113.77";"3.15";"99.46";"12.23";"2.0";"0.77";"0.81";"0.31";"null";"null";"47.69";"1.94";"2.65";"11452.72";"127.25";"2207.38";"660.69";"54.65";"103.15";"7.41";"763.84";"62.06";"103.36";"2.87";"90.36";"11.11";"1.82";"0.28";"43.33"
"Vincenzo Grifo";"V. Grifo";"10729";"1993-04-07";"SC Freiburg";"118";"GER - Bundesliga";"6";"2025/2026";"129";"LW";"Wide Attacker";"75.26";"11";"0";"9042.82";"120.16";"1535.64";"689.55";"56.27";"176.36";"9.91";"865.91";"66.18";"28.34";"29.42";"99.09";"5.73";"79.64";"15.82";"4.45";"0.73";"0.87";"1.45";"1.37";"null";"35.82";"2.07";"2.82";"10814.24";"120.16";"1836.46";"824.62";"67.3";"210.91";"11.85";"1035.53";"79.15";"118.5";"6.85";"95.24";"18.92";"5.33";"1.74";"42.83"
"Virgil van Dijk";"V. van Dijk";"10738";"1991-07-08";"Liverpool Football Club";"2";"ENG - Premier League";"1";"2025/2026";"129";"LCB";"Central Defender";"101.72";"24";"0";"9134.5";"89.8";"1030.21";"359.17";"34.79";"118.75";"6.38";"477.92";"41.17";"29.51";"32.02";"104.17";"6.71";"81.92";"12.38";"4.54";"0.61";"0.65";"1.71";"1.26";"1.44";"18.67";"2.23";"2.91";"8081.7";"89.8";"911.47";"317.77";"30.78";"105.06";"5.64";"422.83";"36.42";"92.16";"5.94";"72.48";"10.95";"4.02";"1.51";"16.52"
"Waldemar Anton";"W. Anton";"10788";"1996-07-20";"Borussia Dortmund";"103";"GER - Bundesliga";"6";"2025/2026";"129";"CB";"Central Defender";"99.63";"13";"0";"11351.23";"113.93";"1648.69";"562.62";"53.54";"183.92";"10.92";"746.54";"64.46";"28.37";"29.96";"125.77";"6.38";"97.62";"13.46";"4.77";"0.65";"0.68";"1.31";"1.52";"1.55";"38.85";"1.89";"2.64";"10253.7";"113.93";"1489.28";"508.22";"48.36";"166.14";"9.87";"674.36";"58.23";"113.61";"5.77";"88.18";"12.16";"4.31";"1.18";"35.09"
"Wesley Saïd";"W. Saïd";"10832";"1995-04-19";"RC Lens";"85";"FRA - Ligue 1";"3";"2025/2026";"129";"AM";"Midfield";"82.75";"10";"0";"9054.5";"109.42";"1365.8";"604.4";"59.7";"165.5";"9.1";"769.9";"68.8";"28.5";"29.5";"109.2";"6.7";"96.2";"15.5";"4.8";"0.63";"0.68";"1.3";"1.27";"1.65";"35.2";"2.13";"2.96";"9848.19";"109.42";"1485.52";"657.38";"64.93";"180.01";"9.9";"837.39";"74.83";"118.77";"7.29";"104.63";"16.86";"5.22";"1.41";"38.29"
"Willi Orbán";"W. Orbán";"10853";"1992-11-03";"RB Leipzig";"312";"GER - Bundesliga";"6";"2025/2026";"129";"RCB";"Central Defender";"97.71";"21";"0";"10568.19";"108.16";"1309.05";"405.14";"38.62";"97.67";"6.14";"502.81";"44.76";"28.04";"29.48";"111.9";"5.86";"91.52";"12.14";"4.0";"0.66";"0.69";"1.38";"1.33";"1.36";"29.05";"2.04";"2.71";"9734.49";"108.16";"1205.78";"373.18";"35.57";"89.96";"5.66";"463.14";"41.23";"103.08";"5.4";"84.3";"11.18";"3.68";"1.27";"26.76"
"Youssef El-Arabi";"Y. El-Arabi";"11044";"1987-02-03";"FC Nantes";"66";"FRA - Ligue 1";"3";"2025/2026";"129";"CF";"Center Forward";"72.51";"9";"0";"8178.0";"112.78";"1125.33";"529.22";"53.67";"178.22";"10.78";"707.44";"64.44";"28.7";"29.18";"94.11";"8.11";"70.33";"21.22";"4.56";"0.73";"0.73";"1.67";"1.54";"1.58";"42.33";"1.82";"2.93";"10150.19";"112.78";"1396.72";"656.85";"66.61";"221.2";"13.38";"878.05";"79.99";"116.81";"10.07";"87.29";"26.34";"5.65";"2.07";"52.54"
"Yuri Berchiche Izeta";"Yuri Berchiche";"11058";"1990-02-10";"Athletic Club de Bilbao";"273";"ESP - LaLiga";"4";"2025/2026";"129";"LB";"Full Back";"99.75";"16";"0";"10696.25";"107.23";"1355.94";"641.06";"65.38";"270.56";"14.81";"911.62";"80.19";"29.99";"30.86";"113.62";"8.88";"96.0";"21.31";"6.44";"0.66";"0.66";"2.31";"1.22";"1.3";"41.88";"1.92";"2.53";"9650.65";"107.23";"1223.39";"578.4";"58.98";"244.11";"13.36";"822.51";"72.35";"102.52";"8.01";"86.62";"19.23";"5.81";"2.09";"37.78"
"Malang Sarr";"M. Sarr";"11169";"1999-01-23";"RC Lens";"85";"FRA - Ligue 1";"3";"2025/2026";"129";"LCB";"Central Defender";"99.84";"14";"0";"10379.93";"103.97";"1295.14";"481.57";"46.0";"146.79";"8.93";"628.36";"54.93";"28.74";"30.64";"106.57";"5.36";"81.29";"14.14";"4.43";"0.62";"0.66";"0.79";"1.34";"1.37";"30.57";"1.96";"2.78";"9357.09";"103.97";"1167.52";"434.12";"41.47";"132.32";"8.05";"566.44";"49.52";"96.07";"4.83";"73.28";"12.75";"3.99";"0.71";"27.56"
"Maxime López";"M. López";"11170";"1997-12-04";"Paris FC";"327";"FRA - Ligue 1";"3";"2025/2026";"129";"RM";"Midfield";"99.63";"13";"0";"12208.92";"122.54";"2206.31";"662.38";"58.23";"118.15";"7.38";"780.54";"65.62";"26.99";"28.1";"132.77";"4.92";"105.69";"16.31";"2.69";"0.71";"0.71";"0.54";"1.68";"null";"52.08";"1.92";"2.76";"11029.04";"122.54";"1993.09";"598.37";"52.6";"106.74";"6.67";"705.11";"59.27";"119.94";"4.45";"95.48";"14.73";"2.43";"0.49";"47.04"
"Stanislav Lobotka";"S. Lobotka";"11208";"1994-11-25";"Napoli";"143";"ITA - Serie A";"5";"2025/2026";"129";"RM";"Midfield";"98.27";"12";"0";"12168.33";"123.82";"2296.08";"588.33";"45.33";"74.67";"4.5";"663.0";"49.83";"25.99";"27.18";"122.0";"4.17";"107.42";"11.17";"3.25";"0.68";"0.69";"1.08";"1.49";"1.72";"49.17";"2.12";"2.76";"11143.89";"123.82";"2102.78";"538.8";"41.52";"68.38";"4.12";"607.18";"45.64";"111.73";"3.82";"98.37";"10.23";"2.98";"0.99";"45.03"
"Moussa Niakhaté";"M. Niakhaté";"11212";"1996-03-08";"Olympique Lyonnais";"73";"FRA - Ligue 1";"3";"2025/2026";"129";"LCB";"Central Defender";"100.7";"12";"0";"10429.75";"103.57";"1252.67";"397.42";"36.58";"82.25";"6.0";"479.67";"42.58";"28.09";"28.98";"116.0";"5.92";"87.33";"12.75";"4.17";"0.71";"0.93";"0.83";"1.4";"1.99";"21.58";"2.24";"2.7";"9321.65";"103.57";"1119.58";"355.19";"32.7";"73.51";"5.36";"428.71";"38.06";"103.68";"5.29";"78.05";"11.4";"3.72";"0.74";"19.29"
"Marcus Thuram-Ulien";"M. Thuram";"11230";"1997-08-06";"Inter Milan";"145";"ITA - Serie A";"5";"2025/2026";"129";"CF";"Center Forward";"81.39";"12";"0";"8736.67";"107.35";"1228.67";"593.83";"57.75";"212.67";"11.33";"806.5";"69.08";"29.68";"30.6";"94.67";"9.0";"79.0";"15.75";"6.33";"0.71";"0.72";"1.5";"1.33";"1.44";"40.67";"1.88";"2.79";"9661.19";"107.35";"1358.69";"656.67";"63.86";"235.17";"12.53";"891.84";"76.39";"104.68";"9.95";"87.36";"17.42";"7.0";"1.66";"44.97"
"Ismaïla Sarr";"I. Sarr";"11274";"1998-02-25";"Crystal Palace";"60";"ENG - Premier League";"1";"2025/2026";"129";"AM";"Midfield";"96.05";"10";"0";"11633.1";"121.12";"1958.8";"837.4";"76.1";"317.5";"15.9";"1154.9";"92.0";"30.61";"31.46";"119.2";"8.2";"102.4";"17.6";"6.1";"0.64";"0.64";"2.6";"1.25";"1.44";"50.3";"1.97";"2.82";"10900.73";"121.12";"1835.48";"784.68";"71.31";"297.51";"14.9";"1082.19";"86.21";"111.7";"7.68";"95.95";"16.49";"5.72";"2.44";"47.13"
"Weston  McKennie";"W. McKennie";"11284";"1998-08-28";"Juventus";"139";"ITA - Serie A";"5";"2025/2026";"129";"RWB";"Full Back";"92.54";"8";"0";"11733.5";"126.79";"2046.0";"843.88";"68.62";"221.88";"13.75";"1065.75";"82.38";"28.44";"29.2";"123.0";"6.25";"111.12";"15.0";"4.38";"0.83";"0.86";"1.25";"1.55";"null";"48.88";"1.9";"2.76";"11411.24";"126.79";"1989.81";"820.7";"66.74";"215.78";"13.37";"1036.48";"80.11";"119.62";"6.08";"108.07";"14.59";"4.25";"1.22";"47.53"
"Thilo Kehrer";"T. Kehrer";"11286";"1996-09-21";"AS Monaco";"75";"FRA - Ligue 1";"3";"2025/2026";"129";"RCB";"Central Defender";"98.82";"9";"0";"9948.56";"100.67";"1265.89";"427.78";"42.44";"144.67";"7.56";"572.44";"50.0";"28.54";"29.58";"106.89";"5.67";"84.0";"14.78";"3.33";"0.74";"0.74";"1.33";"1.69";"1.73";"30.89";"2.06";"2.98";"9060.41";"100.67";"1152.88";"389.59";"38.66";"131.75";"6.88";"521.34";"45.54";"97.35";"5.16";"76.5";"13.46";"3.04";"1.21";"28.13"
"Giovanni Pablo Simeone";"G. Simeone";"11289";"1995-07-05";"Torino";"146";"ITA - Serie A";"5";"2025/2026";"129";"CF";"Center Forward";"75.99";"13";"0";"8566.0";"112.73";"1244.85";"469.38";"44.92";"162.77";"8.15";"632.15";"53.08";"28.82";"30.32";"88.92";"7.46";"76.0";"14.38";"5.38";"0.7";"0.77";"1.77";"1.33";"1.54";"31.62";"1.98";"2.76";"10145.83";"112.73";"1474.43";"555.95";"53.21";"192.79";"9.66";"748.74";"62.87";"105.32";"8.84";"90.02";"17.04";"6.38";"2.1";"37.45"
"Duje Ćaleta-Car";"D. Ćaleta-Car";"11296";"1996-09-17";"Real Sociedad";"282";"ESP - LaLiga";"4";"2025/2026";"129";"LCB";"Central Defender";"96.79";"12";"0";"9864.5";"101.92";"1194.83";"363.67";"36.92";"134.42";"6.75";"498.08";"43.67";"29.73";"30.96";"117.75";"5.17";"92.17";"13.58";"3.5";"0.7";"0.77";"1.17";"1.36";"1.52";"23.92";"1.99";"2.8";"9172.72";"101.92";"1111.04";"338.16";"34.33";"124.99";"6.28";"463.15";"40.6";"109.49";"4.8";"85.7";"12.63";"3.25";"1.08";"22.24"
"Boubacar Kamara";"B. Kamara";"11304";"1999-11-23";"Aston Villa";"39";"ENG - Premier League";"1";"2025/2026";"129";"RDM";"Midfield";"95.79";"9";"0";"11221.33";"117.14";"1991.22";"653.0";"57.22";"161.22";"7.67";"814.22";"64.89";"28.32";"29.06";"121.44";"4.0";"102.22";"18.11";"2.44";"0.79";"0.8";"0.78";"1.58";"null";"40.56";"2.07";"2.59";"10542.57";"117.14";"1870.78";"613.5";"53.76";"151.47";"7.2";"764.97";"60.96";"114.1";"3.76";"96.04";"17.02";"2.3";"0.73";"38.1"
"Alex Gogić ";"A. Gogić";"11307";"1994-04-13";"St. Mirren";"249";"SCO - Premiership";"18";"2025/2026";"129";"CB";"Central Defender";"96.68";"12";"0";"10582.92";"109.46";"1307.92";"460.5";"44.17";"144.33";"8.42";"604.83";"52.58";"28.69";"29.54";"103.33";"5.0";"81.75";"10.92";"3.5";"0.69";"0.8";"0.92";"1.84";"null";"26.17";"2.03";"3.09";"9851.64";"109.46";"1217.54";"428.68";"41.11";"134.36";"7.84";"563.04";"48.95";"96.19";"4.65";"76.1";"10.16";"3.26";"0.85";"24.36"
"James  Tavernier";"J. Tavernier";"11312";"1991-10-31";"Rangers";"241";"SCO - Premiership";"18";"2025/2026";"129";"RB";"Full Back";"94.35";"15";"0";"10441.07";"110.66";"1528.33";"602.6";"54.73";"191.2";"10.4";"793.8";"65.13";"28.34";"29.7";"114.6";"7.47";"97.87";"16.0";"5.33";"0.54";"0.74";"1.8";"1.45";"null";"29.33";"2.14";"2.87";"9959.45";"110.66";"1457.84";"574.8";"52.21";"182.38";"9.92";"757.18";"62.13";"109.31";"7.12";"93.35";"15.26";"5.09";"1.72";"27.98"
"Ross McCrorie";"R. McCrorie";"11314";"1998-03-18";"Bristol City";"753";"ENG - Championship";"31";"2025/2026";"129";"RWB";"Full Back";"89.42";"12";"0";"10778.17";"120.53";"1772.25";"729.83";"67.58";"281.08";"14.25";"1010.92";"81.83";"30.26";"31.2";"117.67";"6.5";"96.58";"17.5";"4.42";"0.64";"0.71";"1.67";"1.24";"1.24";"44.75";"1.87";"2.46";"10847.81";"120.53";"1783.7";"734.55";"68.02";"282.9";"14.34";"1017.45";"82.36";"118.43";"6.54";"97.21";"17.61";"4.45";"1.68";"45.04"
"Declan John";"D. John";"11315";"1995-06-30";"St. Mirren";"249";"SCO - Premiership";"18";"2025/2026";"129";"LWB";"Full Back";"93.13";"20";"0";"10880.15";"116.83";"1703.3";"701.8";"59.2";"218.9";"11.7";"920.7";"70.9";"29.01";"30.4";"118.6";"8.15";"100.5";"18.4";"6.3";"0.56";"0.66";"2.3";"1.14";"1.22";"31.05";"1.91";"2.65";"10514.48";"116.83";"1646.05";"678.21";"57.21";"211.54";"11.31";"889.76";"68.52";"114.61";"7.88";"97.12";"17.78";"6.09";"2.22";"30.01"
"Philipp Lienhart";"P. Lienhart";"11350";"1996-07-11";"SC Freiburg";"118";"GER - Bundesliga";"6";"2025/2026";"129";"LCB";"Central Defender";"96.64";"9";"0";"10717.22";"110.89";"1417.78";"415.22";"38.0";"113.56";"6.67";"528.78";"44.67";"28.14";"29.0";"112.67";"4.33";"88.22";"13.89";"3.0";"0.72";"0.74";"0.33";"null";"null";"31.22";"2.18";"2.74";"9980.4";"110.89";"1320.3";"386.68";"35.39";"105.75";"6.21";"492.42";"41.6";"104.92";"4.04";"82.16";"12.93";"2.79";"0.31";"29.08"
"Christian Günter";"C. Günter";"11354";"1993-02-28";"SC Freiburg";"118";"GER - Bundesliga";"6";"2025/2026";"129";"LB";"Full Back";"90.47";"8";"0";"10241.38";"113.2";"1346.25";"536.62";"52.5";"218.75";"10.75";"755.38";"63.25";"30.18";"31.14";"109.88";"5.38";"90.5";"18.38";"4.38";"0.69";"0.69";"1.62";"1.45";"1.46";"33.75";"2.27";"2.89";"10188.08";"113.2";"1339.24";"533.83";"52.23";"217.61";"10.69";"751.44";"62.92";"109.3";"5.35";"90.03";"18.28";"4.35";"1.62";"33.57"
"Ruben Aguilar";"R. Aguilar";"11433";"1993-04-26";"RC Lens";"85";"FRA - Ligue 1";"3";"2025/2026";"129";"RWB";"Full Back";"87.12";"14";"0";"10766.29";"123.57";"1754.71";"965.86";"89.43";"436.57";"22.64";"1402.43";"112.07";"28.96";"29.58";"135.43";"8.57";"103.21";"28.0";"6.86";"0.65";"0.66";"2.79";"1.39";"1.5";"50.29";"1.8";"2.5";"11121.71";"123.57";"1812.64";"997.74";"92.38";"450.98";"23.39";"1448.73";"115.77";"139.9";"8.85";"106.62";"28.92";"7.08";"2.88";"51.95"
"Nordi Mukiele Mulere";"N. Mukiele";"11434";"1997-11-01";"Sunderland";"35";"ENG - Premier League";"1";"2025/2026";"129";"RB";"Full Back";"99.31";"8";"0";"10421.75";"104.95";"1376.25";"619.75";"60.25";"205.88";"11.5";"825.62";"71.75";"29.55";"30.16";"112.75";"9.12";"90.25";"23.75";"6.0";"0.68";"0.76";"1.88";"1.37";"null";"37.12";"2.05";"2.73";"9445.1";"104.95";"1247.28";"561.67";"54.6";"186.58";"10.42";"748.25";"65.03";"102.18";"8.27";"81.79";"21.52";"5.44";"1.7";"33.65"
"Nordi Mukiele Mulere";"N. Mukiele";"11434";"1997-11-01";"Sunderland";"35";"ENG - Premier League";"1";"2025/2026";"129";"RCB";"Central Defender";"100.38";"14";"0";"10423.71";"103.84";"1355.43";"522.36";"49.64";"188.86";"10.07";"711.21";"59.71";"29.73";"31.1";"116.64";"8.5";"87.79";"18.71";"6.0";"0.63";"0.7";"2.14";"1.25";"null";"31.86";"2.07";"2.63";"9345.96";"103.84";"1215.28";"468.35";"44.51";"169.33";"9.03";"637.68";"53.54";"104.58";"7.62";"78.71";"16.78";"5.38";"1.92";"28.56"
"Carlos Soler Barragán";"Carlos Soler";"11439";"1997-01-02";"Real Sociedad";"282";"ESP - LaLiga";"4";"2025/2026";"129";"LM";"Midfield";"82.43";"12";"0";"10431.42";"126.55";"1805.33";"671.5";"57.0";"166.58";"9.08";"838.08";"66.08";"27.75";"28.54";"103.83";"2.83";"87.75";"10.0";"2.17";"0.7";"0.87";"0.33";"1.6";"null";"44.5";"1.8";"2.77";"11389.31";"126.55";"1971.11";"733.16";"62.23";"181.88";"9.92";"915.04";"72.15";"113.37";"3.09";"95.81";"10.92";"2.37";"0.36";"48.59"
"Kelvin Amian Adou";"K. Amian";"11444";"1998-02-08";"FC Nantes";"66";"FRA - Ligue 1";"3";"2025/2026";"129";"RB";"Full Back";"100.35";"14";"0";"10875.86";"108.38";"1568.57";"739.86";"70.5";"290.71";"15.64";"1030.57";"86.14";"29.44";"30.62";"117.36";"7.57";"96.43";"19.07";"6.07";"0.69";"0.71";"2.29";"1.26";"1.63";"36.21";"2.0";"2.64";"9754.13";"108.38";"1406.79";"663.55";"63.23";"260.73";"14.03";"924.28";"77.26";"105.25";"6.79";"86.48";"17.1";"5.45";"2.05";"32.48"
"Mattéo Guendouzi Olié";"M. Guendouzi";"11470";"1999-04-14";"Lazio";"133";"ITA - Serie A";"5";"2025/2026";"129";"RM";"Midfield";"96.79";"16";"0";"11316.25";"116.91";"1873.0";"613.56";"54.0";"148.19";"7.56";"761.75";"61.56";"27.61";"28.74";"110.81";"4.38";"92.44";"14.0";"3.0";"0.72";"0.8";"0.69";"1.48";"1.63";"42.69";"1.89";"2.69";"10522.1";"116.91";"1741.56";"570.5";"50.21";"137.79";"7.03";"708.29";"57.24";"103.04";"4.07";"85.95";"13.02";"2.79";"0.64";"39.69"
"Pablo Carmine Maffeo Becerra";"Pablo Maffeo";"11483";"1997-07-12";"RCD Mallorca";"258";"ESP - LaLiga";"4";"2025/2026";"129";"RB";"Full Back";"95.72";"15";"0";"9379.33";"97.99";"1021.47";"436.73";"45.73";"164.87";"8.67";"601.6";"54.4";"29.45";"31.12";"99.0";"6.6";"82.6";"16.4";"4.6";"0.67";"0.7";"1.47";"1.5";"1.61";"29.6";"1.93";"2.68";"8818.85";"97.99";"960.43";"410.64";"43.0";"155.01";"8.15";"565.65";"51.15";"93.08";"6.21";"77.66";"15.42";"4.33";"1.38";"27.83"
"Davis Keillor-Dunn";"D. Keillor-Dunn";"11502";"1997-11-02";"Barnsley FC";"878";"ENG - League One";"101";"2025/2026";"129";"CF";"Center Forward";"96.17";"17";"0";"11756.76";"122.26";"2166.47";"1015.24";"85.59";"233.12";"14.41";"1248.35";"100.0";"27.89";"29.3";"125.41";"11.12";"102.41";"17.76";"8.12";"0.6";"0.76";"1.88";"1.5";"1.81";"56.53";"1.9";"2.71";"11002.98";"122.26";"2027.57";"950.14";"80.1";"218.17";"13.49";"1168.31";"93.59";"117.37";"10.4";"95.85";"16.63";"7.6";"1.76";"52.91"
"Jessy Deminguet";"J. Deminguet";"11504";"1998-01-07";"FC Metz";"97";"FRA - Ligue 1";"3";"2025/2026";"129";"LM";"Midfield";"81.69";"8";"0";"10481.25";"128.31";"1919.5";"631.25";"49.12";"117.75";"6.88";"749.0";"56.0";"27.05";"27.64";"99.25";"3.12";"84.75";"11.62";"2.12";"0.7";"0.98";"0.5";"null";"null";"47.12";"1.97";"2.68";"11547.52";"128.31";"2114.77";"695.47";"54.12";"129.73";"7.57";"825.2";"61.7";"109.35";"3.44";"93.37";"12.81";"2.34";"0.55";"51.92"
"Adrien  Tamèze";"A. Tamèze";"11508";"1994-02-04";"Torino";"146";"ITA - Serie A";"5";"2025/2026";"129";"RCB";"Central Defender";"86.33";"10";"0";"9739.8";"112.82";"1417.8";"572.6";"52.5";"221.6";"10.5";"794.2";"63.0";"30.32";"31.56";"103.0";"7.1";"82.0";"12.7";"5.1";"0.64";"0.69";"1.5";"1.3";"1.47";"36.6";"1.99";"2.62";"10153.66";"112.82";"1478.04";"596.93";"54.73";"231.02";"10.95";"827.95";"65.68";"107.38";"7.4";"85.48";"13.24";"5.32";"1.56";"38.16"
"Dayot Upamecano";"D. Upamecano";"11516";"1998-10-27";"FC Bayern Munchen";"100";"GER - Bundesliga";"6";"2025/2026";"129";"RCB";"Central Defender";"96.09";"13";"0";"10945.62";"113.91";"1518.62";"508.31";"49.08";"179.23";"10.54";"687.54";"59.62";"30.01";"31.2";"108.08";"6.0";"88.69";"12.46";"4.62";"0.63";"0.71";"1.08";"1.35";"1.43";"31.62";"2.1";"2.83";"10251.52";"113.91";"1422.32";"476.07";"45.96";"167.87";"9.87";"643.94";"55.83";"101.22";"5.62";"83.07";"11.67";"4.32";"1.01";"29.61"
"Marcel Sabitzer";"M. Sabitzer";"11519";"1994-03-17";"Borussia Dortmund";"103";"GER - Bundesliga";"6";"2025/2026";"129";"RM";"Midfield";"93.91";"8";"0";"11474.12";"122.18";"2056.12";"708.62";"63.38";"169.88";"9.88";"878.5";"73.25";"28.41";"28.78";"126.25";"4.25";"112.5";"18.12";"2.88";"0.7";"0.72";"0.88";"1.33";"null";"43.25";"2.13";"2.87";"10995.86";"122.18";"1970.42";"679.09";"60.73";"162.79";"9.46";"841.88";"70.2";"120.99";"4.07";"107.81";"17.37";"2.76";"0.84";"41.45"
"Ainsley Maitland-Niles";"A. Maitland-Niles";"11534";"1997-08-29";"Olympique Lyonnais";"73";"FRA - Ligue 1";"3";"2025/2026";"129";"RB";"Full Back";"98.28";"14";"0";"10415.57";"105.97";"1443.93";"597.64";"60.07";"222.0";"12.29";"819.64";"72.36";"29.74";"30.9";"109.5";"7.5";"84.93";"19.71";"5.5";"0.63";"0.68";"2.0";"1.21";"1.4";"37.21";"1.89";"2.6";"9537.63";"105.97";"1322.22";"547.27";"55.01";"203.29";"11.25";"750.55";"66.26";"100.27";"6.87";"77.77";"18.05";"5.04";"1.83";"34.08"
"Patrick Cutrone";"P. Cutrone";"11537";"1998-01-03";"Parma";"152";"ITA - Serie A";"5";"2025/2026";"129";"CF";"Center Forward";"83.79";"10";"0";"9849.0";"117.54";"1481.4";"641.5";"60.7";"166.9";"11.0";"808.4";"71.7";"27.92";"28.48";"100.0";"6.9";"78.8";"15.8";"4.8";"0.72";"0.77";"1.3";"1.44";"1.86";"61.5";"1.97";"2.68";"10578.74";"117.54";"1591.16";"689.03";"65.2";"179.27";"11.82";"868.3";"77.01";"107.41";"7.41";"84.64";"16.97";"5.16";"1.4";"66.06"
"Guillermo Alfonso Maripán Loaysa";"G. Maripán";"11549";"1994-05-06";"Torino";"146";"ITA - Serie A";"5";"2025/2026";"129";"CB";"Central Defender";"97.36";"19";"0";"9952.42";"102.22";"1160.42";"384.74";"36.0";"122.11";"6.26";"506.84";"42.26";"28.79";"30.52";"105.47";"4.79";"83.32";"10.42";"3.0";"0.73";"0.74";"1.37";"1.48";"1.48";"23.42";"1.99";"2.8";"9200.01";"102.22";"1072.69";"355.65";"33.28";"112.87";"5.79";"468.52";"39.07";"97.5";"4.43";"77.02";"9.63";"2.77";"1.26";"21.65"
"Lewis Dunk";"L. Dunk";"11553";"1991-11-21";"Brighton and Hove Albion";"308";"ENG - Premier League";"1";"2025/2026";"129";"LCB";"Central Defender";"100.63";"22";"0";"10190.77";"101.27";"1275.36";"423.73";"39.77";"167.05";"7.0";"590.77";"46.77";"29.43";"31.3";"110.82";"5.14";"87.86";"10.77";"2.86";"0.71";"0.74";"0.95";"1.43";"1.49";"22.05";"2.01";"2.86";"9114.59";"101.27";"1140.68";"378.98";"35.57";"149.4";"6.26";"528.39";"41.83";"99.12";"4.59";"78.58";"9.64";"2.56";"0.85";"19.72"
"Matthijs de Ligt";"M. de Ligt";"11559";"1999-08-12";"Manchester United";"31";"ENG - Premier League";"1";"2025/2026";"129";"CB";"Central Defender";"100.01";"9";"0";"9530.56";"95.29";"994.44";"368.22";"39.44";"145.78";"7.89";"514.0";"47.33";"30.39";"30.8";"106.33";"5.78";"81.44";"13.11";"4.22";"0.76";"0.76";"0.89";"1.37";"null";"24.11";"2.13";"2.84";"8576.23";"95.29";"894.87";"331.35";"35.49";"131.18";"7.1";"462.53";"42.59";"95.69";"5.2";"73.29";"11.8";"3.8";"0.8";"21.7"
"Justin Kluivert";"J. Kluivert";"11563";"1999-05-05";"Bournemouth";"63";"ENG - Premier League";"1";"2025/2026";"129";"AM";"Midfield";"76.77";"10";"0";"8994.0";"117.15";"1372.9";"559.9";"60.7";"259.8";"13.7";"819.7";"74.4";"30.16";"31.34";"94.2";"5.9";"76.2";"13.8";"3.8";"0.63";"0.63";"1.8";"1.16";"1.16";"40.4";"1.99";"2.68";"10543.5";"117.15";"1609.43";"656.36";"71.16";"304.56";"16.06";"960.92";"87.22";"110.43";"6.92";"89.33";"16.18";"4.45";"2.11";"47.36"
"Phil Foden";"P. Foden";"11591";"2000-05-28";"Manchester City";"40";"ENG - Premier League";"1";"2025/2026";"129";"LM";"Midfield";"95.14";"9";"0";"12506.11";"131.45";"2193.0";"838.78";"75.22";"300.33";"15.56";"1139.11";"90.78";"29.4";"30.36";"120.56";"4.67";"107.89";"13.78";"3.44";"0.66";"0.74";"1.0";"1.36";"1.55";"56.22";"1.94";"2.87";"11830.37";"131.45";"2074.51";"793.46";"71.16";"284.11";"14.72";"1077.56";"85.87";"114.04";"4.41";"102.06";"13.03";"3.26";"0.95";"53.18"
"Ben Chilwell";"B. Chilwell";"11593";"1996-12-21";"RC Strasbourg Alsace";"311";"FRA - Ligue 1";"3";"2025/2026";"129";"LB";"Full Back";"97.4";"8";"0";"10678.12";"109.64";"1551.88";"712.75";"73.12";"335.75";"16.38";"1048.5";"89.5";"30.71";"31.36";"120.0";"7.38";"100.62";"20.75";"5.88";"0.62";"0.83";"1.62";"1.43";"1.61";"42.12";"2.06";"2.6";"9867.27";"109.64";"1434.03";"658.63";"67.57";"310.25";"15.13";"968.88";"82.7";"110.89";"6.81";"92.98";"19.17";"5.43";"1.5";"38.93"
"Diego Rico Salguero";"Diego Rico";"11603";"1993-02-23";"Getafe CF";"268";"ESP - LaLiga";"4";"2025/2026";"129";"LB";"Full Back";"95.95";"9";"0";"9848.0";"102.64";"1295.0";"539.11";"58.11";"231.44";"12.56";"770.56";"70.67";"29.43";"29.98";"108.67";"8.33";"89.11";"21.22";"6.33";"0.66";"0.66";"2.22";"1.22";"1.44";"34.44";"2.11";"2.71";"9237.67";"102.64";"1214.74";"505.7";"54.51";"217.1";"11.78";"722.8";"66.29";"101.93";"7.82";"83.59";"19.91";"5.94";"2.08";"32.31"
"Marcos Llorente Moreno";"Marcos Llorente";"11608";"1995-01-30";"Atlético Madrid";"275";"ESP - LaLiga";"4";"2025/2026";"129";"RB";"Full Back";"98.4";"13";"0";"10670.69";"108.44";"1234.77";"556.62";"59.23";"251.69";"13.46";"808.31";"72.69";"30.76";"32.28";"110.46";"8.69";"94.15";"21.92";"6.23";"0.6";"0.66";"3.23";"1.08";"1.35";"40.69";"1.88";"2.6";"9759.53";"108.44";"1129.33";"509.09";"54.17";"230.2";"12.31";"739.29";"66.49";"101.03";"7.95";"86.11";"20.05";"5.7";"2.95";"37.22"
"Mario Hermoso Canseco";"Mario Hermoso";"11620";"1995-06-18";"Roma";"142";"ITA - Serie A";"5";"2025/2026";"129";"LCB";"Central Defender";"92.68";"11";"0";"10006.64";"107.96";"1294.09";"505.0";"44.73";"159.0";"8.55";"664.0";"53.27";"28.59";"29.42";"105.09";"5.82";"84.27";"13.73";"4.09";"0.72";"0.72";"1.45";"1.41";"1.68";"31.45";"1.96";"2.71";"9716.77";"107.96";"1256.6";"490.37";"43.43";"154.39";"8.3";"644.77";"51.73";"102.05";"5.65";"81.83";"13.33";"3.97";"1.41";"30.54"
"Nicolas Cozza";"N. Cozza";"11624";"1999-01-08";"FC Nantes";"66";"FRA - Ligue 1";"3";"2025/2026";"129";"LB";"Full Back";"95.36";"8";"0";"10996.38";"115.31";"1727.62";"728.12";"64.12";"190.5";"11.88";"918.62";"76.0";"27.99";"28.32";"119.75";"7.88";"97.62";"21.12";"6.5";"0.72";"0.74";"1.62";"1.46";"1.71";"42.0";"1.97";"2.67";"10377.79";"115.31";"1630.44";"687.17";"60.52";"179.78";"11.21";"866.95";"71.72";"113.01";"7.43";"92.13";"19.94";"6.13";"1.53";"39.64"
"Gianluca Mancini";"G. Mancini";"11626";"1996-04-17";"Roma";"142";"ITA - Serie A";"5";"2025/2026";"129";"CB";"Central Defender";"97.79";"8";"0";"9968.62";"101.94";"1208.12";"456.5";"40.25";"129.75";"7.75";"586.25";"48.0";"28.57";"29.56";"101.88";"4.62";"82.0";"12.88";"3.5";"0.72";"0.87";"0.38";"null";"null";"24.5";"2.05";"2.89";"9174.36";"101.94";"1111.87";"420.13";"37.04";"119.41";"7.13";"539.54";"44.18";"93.76";"4.26";"75.47";"11.85";"3.22";"0.35";"22.55"
"Gianluca Mancini";"G. Mancini";"11626";"1996-04-17";"Roma";"142";"ITA - Serie A";"5";"2025/2026";"129";"RCB";"Central Defender";"96.01";"15";"0";"10683.87";"111.28";"1458.0";"656.47";"59.0";"216.2";"11.87";"872.67";"70.87";"28.44";"28.96";"115.67";"5.6";"90.8";"17.13";"3.8";"0.68";"0.76";"1.27";"1.36";"1.58";"34.0";"1.91";"2.68";"10015.08";"111.28";"1366.73";"615.37";"55.31";"202.67";"11.12";"818.04";"66.43";"108.43";"5.25";"85.12";"16.06";"3.56";"1.19";"31.87"
"Jules Koundé";"J. Koundé";"11630";"1998-11-12";"FC Barcelona";"264";"ESP - LaLiga";"4";"2025/2026";"129";"RB";"Full Back";"97.14";"16";"0";"10766.62";"110.84";"1551.62";"705.94";"71.69";"290.81";"16.0";"996.75";"87.69";"29.97";"31.08";"138.75";"12.25";"112.31";"25.44";"8.88";"0.6";"0.6";"3.06";"1.22";"1.23";"45.38";"2.07";"2.57";"9975.62";"110.84";"1437.63";"654.07";"66.42";"269.45";"14.82";"923.52";"81.25";"128.56";"11.35";"104.06";"23.57";"8.22";"2.84";"42.04"
"Ethan Ampadu";"E. Ampadu";"11632";"2000-09-14";"Leeds United";"787";"ENG - Premier League";"1";"2025/2026";"129";"DM";"Midfield";"97.36";"18";"0";"11653.22";"119.7";"1903.33";"555.94";"48.72";"145.39";"7.28";"701.33";"56.0";"28.8";"30.36";"116.17";"4.11";"97.0";"13.11";"2.61";"0.69";"0.8";"0.44";"1.53";"null";"36.06";"1.97";"2.82";"10772.58";"119.7";"1759.5";"513.93";"45.04";"134.4";"6.73";"648.33";"51.77";"107.39";"3.8";"89.67";"12.12";"2.41";"0.41";"33.33"
"Emerson Palmieri dos Santos";"Emerson Palmieri";"11633";"1994-08-03";"Olympique de Marseille";"80";"FRA - Ligue 1";"3";"2025/2026";"129";"LB";"Full Back";"93.47";"8";"0";"10116.5";"108.23";"1462.0";"641.88";"57.62";"197.62";"11.0";"839.5";"68.62";"28.96";"29.54";"105.38";"7.0";"88.38";"17.88";"4.75";"0.7";"0.82";"1.75";"1.27";"1.43";"34.38";"1.91";"2.71";"9740.41";"108.23";"1407.65";"618.01";"55.48";"190.28";"10.59";"808.29";"66.07";"101.46";"6.74";"85.09";"17.21";"4.57";"1.68";"33.1"
"Max Clark";"M. Clark";"11635";"1996-01-19";"Gillingham FC";"1722";"ENG - League Two";"204";"2025/2026";"129";"LB";"Full Back";"97.92";"18";"0";"10410.22";"106.32";"1403.67";"555.78";"49.44";"132.17";"7.22";"687.94";"56.67";"28.22";"29.96";"116.11";"7.67";"93.72";"16.39";"4.39";"0.69";"0.72";"1.0";"1.3";"1.48";"27.44";"2.04";"2.67";"9568.64";"106.32";"1290.19";"510.85";"45.45";"121.48";"6.64";"632.33";"52.09";"106.72";"7.05";"86.15";"15.06";"4.03";"0.92";"25.23"
"Harry Wilson";"H. Wilson";"11638";"1997-03-22";"Fulham";"48";"ENG - Premier League";"1";"2025/2026";"129";"RW";"Wide Attacker";"89.34";"18";"0";"9847.33";"110.22";"1471.06";"654.22";"63.39";"244.89";"14.06";"899.11";"77.44";"29.93";"31.38";"112.33";"7.33";"93.22";"20.89";"5.67";"0.63";"0.68";"1.89";"1.26";"1.36";"37.5";"2.03";"2.86";"9919.9";"110.22";"1481.9";"659.04";"63.86";"246.69";"14.16";"905.74";"78.02";"113.16";"7.39";"93.91";"21.04";"5.71";"1.9";"37.78"
"Scott McTominay";"S. McTominay";"11639";"1996-12-08";"Napoli";"143";"ITA - Serie A";"5";"2025/2026";"129";"LM";"Midfield";"97.55";"16";"0";"12226.75";"125.34";"2061.88";"547.56";"45.94";"137.12";"6.94";"684.69";"52.88";"27.77";"29.08";"106.19";"2.94";"94.12";"9.44";"1.94";"0.7";"0.75";"0.38";"1.37";"1.5";"29.75";"1.82";"2.88";"11280.21";"125.34";"1902.25";"505.17";"42.38";"126.51";"6.4";"631.68";"48.78";"97.97";"2.71";"86.84";"8.71";"1.79";"0.35";"27.45"
"Romain Perraud";"R. Perraud";"11651";"1997-09-22";"LOSC Lille";"78";"FRA - Ligue 1";"3";"2025/2026";"129";"LB";"Full Back";"94.16";"16";"0";"11049.12";"117.34";"1682.88";"749.69";"70.69";"283.19";"15.44";"1032.88";"86.12";"29.76";"30.8";"115.81";"7.12";"94.94";"18.38";"5.25";"0.64";"0.69";"1.81";"1.28";"1.43";"53.56";"1.86";"2.51";"10560.81";"117.34";"1608.5";"716.56";"67.56";"270.67";"14.76";"987.23";"82.32";"110.69";"6.81";"90.74";"17.56";"5.02";"1.73";"51.2"
"Oumar Solet Bomawoko";"O. Solet";"11663";"2000-02-07";"Udinese";"148";"ITA - Serie A";"5";"2025/2026";"129";"LCB";"Central Defender";"96.24";"20";"0";"9937.8";"103.26";"1227.8";"460.05";"44.0";"153.65";"8.7";"613.7";"52.7";"29.27";"30.64";"107.6";"5.95";"87.75";"11.7";"3.55";"0.61";"0.67";"1.15";"1.29";"1.36";"31.05";"1.92";"2.65";"9293.37";"103.26";"1148.18";"430.22";"41.15";"143.69";"8.14";"573.9";"49.28";"100.62";"5.56";"82.06";"10.94";"3.32";"1.08";"29.04"
"Unai Núñez Gestoso";"Unai Núñez";"11693";"1997-01-30";"Hellas Verona";"157";"ITA - Serie A";"5";"2025/2026";"129";"RCB";"Central Defender";"97.2";"13";"0";"10208.15";"105.02";"1255.38";"415.31";"38.23";"95.62";"6.31";"510.92";"44.54";"27.63";"28.66";"115.46";"6.0";"89.15";"15.15";"3.77";"0.64";"0.7";"0.38";"1.7";"null";"34.31";"2.03";"2.81";"9451.74";"105.02";"1162.36";"384.53";"35.4";"88.53";"5.84";"473.06";"41.24";"106.91";"5.56";"82.55";"14.03";"3.49";"0.36";"31.77"
"Sam Clucas";"S. Clucas";"11743";"1990-09-25";"Shrewsbury Town";"882";"ENG - League Two";"204";"2025/2026";"129";"LWB";"Full Back";"98.31";"15";"0";"10910.8";"110.99";"1530.33";"645.6";"52.47";"172.0";"8.0";"817.6";"60.47";"28.67";"29.88";"122.2";"7.73";"94.47";"14.13";"4.8";"0.7";"0.76";"1.0";"1.53";"1.64";"31.13";"2.17";"2.92";"9988.75";"110.99";"1401.01";"591.04";"48.03";"157.46";"7.32";"748.51";"55.36";"111.87";"7.08";"86.48";"12.94";"4.39";"0.92";"28.5"
"Konrad Laimer";"K. Laimer";"11749";"1997-05-27";"FC Bayern Munchen";"100";"GER - Bundesliga";"6";"2025/2026";"129";"RB";"Full Back";"89.43";"8";"0";"10146.0";"113.45";"1440.25";"685.75";"65.88";"266.38";"15.0";"952.12";"80.88";"29.57";"30.14";"111.5";"6.75";"92.5";"17.75";"5.25";"0.67";"0.68";"1.25";"1.36";"1.46";"45.75";"2.02";"2.67";"10210.29";"113.45";"1449.38";"690.1";"66.29";"268.06";"15.1";"958.16";"81.39";"112.21";"6.79";"93.09";"17.86";"5.28";"1.26";"46.04"
"Bernardo Fernandes da Silva Junior";"Bernardo";"11751";"1995-05-14";"TSG 1899 Hoffenheim";"113";"GER - Bundesliga";"6";"2025/2026";"129";"LB";"Full Back";"96.22";"15";"0";"10634.93";"110.52";"1490.87";"566.0";"52.13";"145.73";"10.13";"711.73";"62.27";"27.85";"29.54";"115.53";"6.2";"94.93";"19.2";"4.2";"0.7";"0.73";"1.47";"1.38";"1.53";"36.27";"1.88";"2.74";"9946.99";"110.52";"1394.43";"529.39";"48.76";"136.31";"9.48";"665.69";"58.24";"108.06";"5.8";"88.79";"17.96";"3.93";"1.37";"33.92"
"Dominic Calvert-Lewin";"D. Calvert-Lewin";"11753";"1997-03-16";"Leeds United";"787";"ENG - Premier League";"1";"2025/2026";"129";"CF";"Center Forward";"92.51";"18";"0";"10569.83";"114.26";"1566.39";"682.78";"68.06";"226.17";"13.89";"908.94";"81.94";"28.93";"30.2";"115.67";"9.94";"93.11";"18.39";"6.17";"0.65";"0.69";"1.22";"1.28";"2.01";"58.0";"1.78";"2.7";"10283.03";"114.26";"1523.89";"664.25";"66.21";"220.03";"13.51";"884.28";"79.72";"112.53";"9.67";"90.58";"17.89";"6.0";"1.19";"56.43"
"Juan Guilherme Nunes Jesus";"Juan Jesus";"11756";"1991-06-10";"Napoli";"143";"ITA - Serie A";"5";"2025/2026";"129";"LCB";"Central Defender";"90.7";"11";"0";"9773.0";"107.76";"1131.82";"397.36";"37.0";"136.18";"6.45";"533.55";"43.45";"29.05";"30.7";"91.18";"3.18";"74.82";"9.09";"2.0";"0.75";"0.75";"0.09";"null";"null";"25.55";"1.92";"3.01";"9698.06";"107.76";"1123.14";"394.32";"36.72";"135.14";"6.41";"529.45";"43.12";"90.48";"3.16";"74.24";"9.02";"1.98";"0.09";"25.35"
"Patrik Schick";"P. Schick";"11757";"1996-01-24";"Bayer 04 Leverkusen";"102";"GER - Bundesliga";"6";"2025/2026";"129";"CF";"Center Forward";"89.87";"11";"0";"10567.45";"117.58";"1317.91";"457.91";"44.45";"114.91";"7.27";"572.82";"51.73";"28.06";"29.16";"89.09";"4.27";"74.18";"12.64";"2.55";"0.66";"null";"0.55";"1.52";"null";"36.27";"2.08";"3.21";"10582.6";"117.58";"1319.8";"458.57";"44.52";"115.07";"7.28";"573.64";"51.8";"89.22";"4.28";"74.29";"12.65";"2.55";"0.55";"36.32"
"Jean-Victor Makengo";"J. Makengo";"11770";"1998-06-12";"FC Lorient";"72";"FRA - Ligue 1";"3";"2025/2026";"129";"AM";"Midfield";"73.5";"8";"0";"8587.12";"116.83";"1332.88";"503.62";"51.38";"117.88";"7.38";"621.5";"58.75";"27.71";"28.06";"100.12";"6.38";"80.62";"18.12";"4.88";"0.71";"0.78";"0.75";"1.49";"null";"42.62";"1.95";"2.85";"10514.55";"116.83";"1632.05";"616.67";"62.91";"144.33";"9.03";"761.0";"71.94";"122.6";"7.81";"98.72";"22.19";"5.97";"0.92";"52.19"
"Hee-Chan Hwang";"Hwang Hee-Chan";"11771";"1996-01-26";"Wolverhampton Wanderers";"52";"ENG - Premier League";"1";"2025/2026";"129";"CF";"Center Forward";"80.56";"10";"0";"9368.1";"116.28";"1355.9";"514.4";"48.9";"151.4";"8.8";"665.8";"57.7";"29.04";"30.36";"89.7";"6.3";"76.7";"12.8";"4.8";"0.63";"0.69";"1.4";"1.31";"null";"44.7";"1.81";"2.87";"10465.64";"116.28";"1514.75";"574.67";"54.63";"169.14";"9.83";"743.8";"64.46";"100.21";"7.04";"85.69";"14.3";"5.36";"1.56";"49.94"
"Marin Pongračić";"M. Pongračić";"11772";"1997-09-11";"Fiorentina";"138";"ITA - Serie A";"5";"2025/2026";"129";"LCB";"Central Defender";"100.79";"8";"0";"10976.62";"108.91";"1432.38";"549.62";"50.0";"184.0";"9.5";"733.62";"59.5";"29.57";"30.14";"112.12";"6.38";"90.38";"14.38";"4.25";"0.71";"0.73";"1.38";"1.39";"1.39";"39.0";"1.9";"2.86";"9801.98";"108.91";"1279.09";"490.81";"44.65";"164.31";"8.48";"655.12";"53.13";"100.13";"5.69";"80.7";"12.84";"3.8";"1.23";"34.83"
"Marin Pongračić";"M. Pongračić";"11772";"1997-09-11";"Fiorentina";"138";"ITA - Serie A";"5";"2025/2026";"129";"RCB";"Central Defender";"99.36";"10";"0";"10624.2";"106.93";"1446.5";"477.9";"45.6";"164.4";"9.5";"642.3";"55.1";"29.87";"30.9";"113.9";"6.6";"90.2";"13.8";"3.9";"0.68";"0.7";"2.2";"1.31";"1.41";"33.8";"1.93";"2.8";"9623.85";"106.93";"1310.3";"432.9";"41.31";"148.92";"8.61";"581.82";"49.91";"103.18";"5.98";"81.71";"12.5";"3.53";"1.99";"30.62"
"Rúben  Santos Gato Alves Dias";"Rúben Dias";"11775";"1997-05-14";"Manchester City";"40";"ENG - Premier League";"1";"2025/2026";"129";"RCB";"Central Defender";"98.58";"16";"0";"10831.38";"109.87";"1399.38";"481.19";"45.25";"139.31";"8.31";"620.5";"53.56";"29.2";"30.76";"111.12";"5.0";"87.81";"12.81";"2.69";"0.75";"0.76";"0.62";"1.39";"null";"28.69";"2.05";"2.86";"9888.64";"109.87";"1277.58";"439.31";"41.31";"127.19";"7.59";"566.49";"48.9";"101.45";"4.56";"80.17";"11.7";"2.45";"0.57";"26.19"
"Temitayo Olufisayo Temitayo Aina";"O. Aina";"11781";"1996-10-08";"Nottingham Forest";"747";"ENG - Premier League";"1";"2025/2026";"129";"RB";"Full Back";"96.06";"8";"0";"9797.75";"101.99";"1199.62";"534.0";"58.5";"249.12";"14.0";"783.12";"72.5";"31.11";"32.4";"109.0";"9.5";"92.25";"19.75";"7.62";"0.55";"0.57";"3.25";"1.07";"1.11";"36.75";"2.14";"2.73";"9179.22";"101.99";"1123.89";"500.29";"54.81";"233.4";"13.12";"733.69";"67.92";"102.12";"8.9";"86.43";"18.5";"7.14";"3.04";"34.43"
"Nikola Milenković";"N. Milenković";"11816";"1997-10-12";"Nottingham Forest";"747";"ENG - Premier League";"1";"2025/2026";"129";"RCB";"Central Defender";"99.2";"24";"0";"9747.83";"98.27";"1079.58";"386.96";"36.67";"121.96";"6.17";"508.92";"42.83";"28.88";"31.0";"107.33";"5.21";"87.71";"11.21";"4.08";"0.66";"0.67";"0.83";"1.41";"1.49";"23.17";"1.97";"2.87";"8843.86";"98.27";"979.47";"351.07";"33.27";"110.65";"5.59";"461.72";"38.86";"97.38";"4.73";"79.57";"10.17";"3.7";"0.76";"21.02"
"Nicolás Tagliafico";"N. Tagliafico";"11828";"1992-08-31";"Olympique Lyonnais";"73";"FRA - Ligue 1";"3";"2025/2026";"129";"LB";"Full Back";"100.93";"8";"0";"10622.12";"105.24";"1525.88";"668.12";"58.38";"162.88";"10.5";"831.0";"68.88";"27.89";"28.5";"116.88";"7.88";"97.12";"18.5";"5.62";"0.69";"0.72";"0.88";"1.54";"null";"42.88";"1.88";"2.61";"9471.71";"105.24";"1360.62";"595.76";"52.05";"145.23";"9.36";"741.0";"61.42";"104.22";"7.02";"86.61";"16.5";"5.02";"0.78";"38.23"
"Kristoffer Vassbakk Ajer";"K. Ajer";"12012";"1998-04-17";"Brentford FC";"754";"ENG - Premier League";"1";"2025/2026";"129";"RCB";"Central Defender";"99.85";"9";"0";"10570.33";"105.87";"1311.78";"436.0";"39.11";"141.89";"7.44";"577.89";"46.56";"29.14";"30.14";"109.56";"5.56";"87.0";"10.56";"3.78";"0.69";"0.83";"1.0";"1.38";"1.6";"22.44";"2.59";"2.71";"9527.94";"105.87";"1182.42";"393.0";"35.25";"127.9";"6.71";"520.9";"41.96";"98.75";"5.01";"78.42";"9.51";"3.41";"0.9";"20.23"
"Alexander Sørloth";"A. Sørloth";"12023";"1995-12-05";"Atlético Madrid";"275";"ESP - LaLiga";"4";"2025/2026";"129";"CF";"Center Forward";"80.61";"10";"0";"8802.2";"109.19";"1088.1";"553.7";"59.2";"246.1";"14.0";"799.8";"73.2";"30.16";"30.94";"102.4";"9.6";"88.0";"17.2";"6.9";"0.64";"0.74";"2.6";"1.31";"1.54";"39.8";"1.87";"3.04";"9827.34";"109.19";"1214.82";"618.19";"66.09";"274.76";"15.63";"892.95";"81.73";"114.33";"10.72";"98.25";"19.2";"7.7";"2.9";"44.44"
"Sander Gard Bolin Berge";"S. Berge";"12029";"1998-02-14";"Fulham";"48";"ENG - Premier League";"1";"2025/2026";"129";"LDM";"Midfield";"92.36";"14";"0";"11062.79";"119.78";"1804.36";"497.36";"45.71";"99.36";"5.86";"596.71";"51.57";"27.2";"28.9";"106.79";"4.0";"87.43";"10.93";"2.64";"0.66";"0.67";"0.57";"1.6";"null";"39.71";"1.88";"2.54";"10780.58";"119.78";"1758.33";"484.67";"44.55";"96.82";"5.71";"581.49";"50.26";"104.06";"3.9";"85.2";"10.65";"2.58";"0.56";"38.7"
"Yerry Fernando Mina González";"Y. Mina";"12065";"1994-09-23";"Cagliari";"132";"ITA - Serie A";"5";"2025/2026";"129";"RCB";"Central Defender";"94.86";"8";"0";"9063.5";"95.54";"971.25";"282.12";"26.38";"50.0";"3.12";"332.12";"29.5";"26.79";"27.62";"91.0";"4.38";"72.5";"9.25";"3.25";"0.75";"0.83";"0.5";"1.64";"null";"17.38";"2.41";"2.92";"8598.73";"95.54";"921.45";"267.66";"25.02";"47.44";"2.96";"315.09";"27.99";"86.33";"4.15";"68.78";"8.78";"3.08";"0.47";"16.48"
"Idrissa Gana Gueye";"I. Gueye";"12073";"1989-09-26";"Everton";"41";"ENG - Premier League";"1";"2025/2026";"129";"LDM";"Midfield";"92.41";"9";"0";"10289.11";"111.35";"1642.11";"579.89";"55.0";"152.11";"9.56";"732.0";"64.56";"27.96";"28.82";"114.22";"4.0";"96.78";"16.0";"2.78";"0.72";"null";"0.78";"1.62";"null";"45.11";"1.82";"2.77";"10021.26";"111.35";"1599.36";"564.79";"53.57";"148.15";"9.31";"712.94";"62.88";"111.25";"3.9";"94.26";"15.58";"2.71";"0.76";"43.94"
"George Johnston";"G. Johnston";"12083";"1998-09-01";"Bolton Wanderers";"45";"ENG - League One";"101";"2025/2026";"129";"LCB";"Central Defender";"98.05";"28";"0";"10296.57";"105.01";"1352.86";"437.86";"41.68";"114.96";"6.46";"552.82";"48.14";"27.91";"29.58";"123.96";"5.79";"93.86";"11.39";"3.46";"0.67";"0.73";"0.57";"1.39";"null";"20.07";"1.99";"2.63";"9451.21";"105.01";"1241.79";"401.91";"38.26";"105.53";"5.93";"507.43";"44.19";"113.79";"5.31";"86.15";"10.46";"3.18";"0.52";"18.42"
"Nat Phillips";"N. Phillips";"12084";"1997-03-21";"West Bromwich Albion";"34";"ENG - Championship";"31";"2025/2026";"129";"RCB";"Central Defender";"99.27";"23";"0";"10857.91";"109.38";"1443.7";"353.35";"31.26";"75.96";"4.17";"429.3";"35.43";"27.4";"30.14";"108.48";"4.48";"86.83";"9.17";"2.61";"0.78";"0.81";"0.35";"1.43";"null";"23.43";"1.99";"3.01";"9844.46";"109.38";"1308.94";"320.37";"28.34";"68.87";"3.78";"389.23";"32.13";"98.35";"4.06";"78.72";"8.32";"2.37";"0.32";"21.25"
"Herbie Kane";"H. Kane";"12085";"1998-11-23";"Huddersfield Town";"309";"ENG - League One";"101";"2025/2026";"129";"LDM";"Midfield";"88.27";"8";"0";"9979.12";"113.05";"1601.12";"438.0";"39.75";"71.38";"3.75";"509.38";"43.5";"26.32";"26.92";"106.25";"4.75";"86.0";"10.12";"2.5";"0.67";"0.84";"0.25";"null";"null";"29.5";"2.1";"3.02";"10174.85";"113.05";"1632.53";"446.59";"40.53";"72.77";"3.82";"519.37";"44.35";"108.33";"4.84";"87.69";"10.32";"2.55";"0.25";"30.08"
"Yan Dhanda";"Y. Dhanda";"12088";"1998-12-14";"Dundee FC";"254";"SCO - Premiership";"18";"2025/2026";"129";"RM";"Midfield";"88.16";"8";"0";"10727.38";"121.67";"2041.75";"629.75";"53.12";"115.0";"7.0";"744.75";"60.12";"27.56";"28.48";"109.12";"4.62";"92.12";"13.0";"3.5";"0.63";"0.65";"1.5";"1.39";"null";"42.38";"2.02";"2.84";"10950.7";"121.67";"2084.26";"642.86";"54.23";"117.39";"7.15";"760.25";"61.38";"111.4";"4.72";"94.04";"13.27";"3.57";"1.53";"43.26"
"Liam Millar";"L. Millar";"12090";"1999-09-27";"Hull City";"47";"ENG - Championship";"31";"2025/2026";"129";"LW";"Wide Attacker";"78.01";"9";"0";"8515.89";"109.16";"1192.44";"648.89";"68.67";"327.33";"16.56";"976.22";"85.22";"31.58";"32.12";"102.56";"9.56";"76.89";"25.78";"7.78";"0.64";"0.7";"3.11";"1.45";"1.64";"46.56";"1.82";"2.67";"9824.63";"109.16";"1375.7";"748.61";"79.22";"377.64";"19.1";"1126.25";"98.32";"118.32";"11.02";"88.71";"29.74";"8.97";"3.59";"53.71"
"Reece James";"R. James";"12098";"1999-12-08";"Chelsea";"49";"ENG - Premier League";"1";"2025/2026";"129";"RB";"Full Back";"95.95";"9";"0";"9703.11";"101.12";"1171.89";"521.0";"55.89";"244.22";"12.33";"765.22";"68.22";"30.91";"31.52";"96.78";"6.67";"79.67";"14.33";"5.11";"0.59";"0.63";"1.89";"1.17";"null";"36.67";"1.94";"2.85";"9101.06";"101.12";"1099.18";"488.67";"52.42";"229.07";"11.57";"717.74";"63.99";"90.77";"6.25";"74.72";"13.44";"4.79";"1.77";"34.39"
"Callum Hudson-Odoi";"C. Hudson-Odoi";"12104";"2000-11-07";"Nottingham Forest";"747";"ENG - Premier League";"1";"2025/2026";"129";"LW";"Wide Attacker";"86.57";"11";"0";"9181.55";"106.06";"1295.73";"521.27";"50.91";"199.55";"10.18";"720.82";"61.09";"29.34";"30.4";"103.45";"7.45";"85.82";"15.09";"5.27";"0.63";"0.68";"1.55";"1.27";"1.43";"31.91";"2.02";"null";"9545.36";"106.06";"1347.07";"541.93";"52.93";"207.45";"10.59";"749.38";"63.51";"107.55";"7.75";"89.22";"15.69";"5.48";"1.61";"33.17"
"George McEachran";"G. McEachran";"12107";"2000-08-30";"Grimsby Town FC";"2807";"ENG - League Two";"204";"2025/2026";"129";"DM";"Midfield";"99.01";"17";"0";"11192.82";"113.04";"1666.82";"475.0";"45.12";"88.82";"4.82";"563.82";"49.94";"27.82";"29.9";"100.82";"4.82";"82.47";"9.47";"2.76";"0.6";"0.62";"0.47";"1.49";"1.54";"40.0";"2.02";"2.58";"10173.98";"113.04";"1515.1";"431.76";"41.01";"80.74";"4.38";"512.5";"45.4";"91.65";"4.38";"74.96";"8.61";"2.51";"0.43";"36.36"
"José Diogo Dalot Teixeira";"Diogo Dalot";"12112";"1999-03-18";"Manchester United";"31";"ENG - Premier League";"1";"2025/2026";"129";"LWB";"Full Back";"90.78";"9";"0";"9588.44";"105.63";"1419.78";"642.89";"60.44";"227.22";"13.56";"870.11";"74.0";"29.33";"30.38";"108.33";"10.0";"86.11";"19.89";"6.89";"0.64";"0.66";"2.56";"1.25";"1.25";"34.44";"2.06";"2.8";"9506.49";"105.63";"1407.64";"637.39";"59.93";"225.28";"13.44";"862.67";"73.37";"107.41";"9.91";"85.38";"19.72";"6.83";"2.53";"34.15"
"Ricardo Domingos Barbosa Pereira";"Ricardo Pereira";"12113";"1993-10-06";"Leicester City";"62";"ENG - Championship";"31";"2025/2026";"129";"RB";"Full Back";"91.99";"18";"0";"9978.11";"108.47";"1216.5";"453.22";"41.67";"115.61";"6.67";"568.83";"48.33";"28.23";"29.92";"98.72";"5.72";"83.67";"14.72";"3.28";"0.65";"0.7";"0.94";"1.39";"1.7";"28.0";"2.11";"2.68";"9762.18";"108.47";"1190.17";"443.41";"40.76";"113.11";"6.52";"556.52";"47.29";"96.59";"5.6";"81.86";"14.4";"3.21";"0.92";"27.39"
"Hamza Choudhury";"H. Choudhury";"12114";"1997-10-01";"Leicester City";"62";"ENG - Championship";"31";"2025/2026";"129";"RB";"Full Back";"89.58";"8";"0";"9550.5";"106.61";"1168.25";"415.25";"45.62";"163.25";"9.62";"578.5";"55.25";"29.32";"30.32";"104.25";"5.75";"84.62";"18.25";"3.5";"0.65";"0.78";"1.75";"1.28";"1.42";"23.88";"2.05";"2.8";"9594.92";"106.61";"1173.68";"417.18";"45.84";"164.01";"9.67";"581.19";"55.51";"104.73";"5.78";"85.02";"18.33";"3.52";"1.76";"23.99"
"Ibrahim Sangaré";"I. Sangaré";"12128";"1997-12-02";"Nottingham Forest";"747";"ENG - Premier League";"1";"2025/2026";"129";"RDM";"Midfield";"90.08";"13";"0";"10503.46";"116.6";"1767.46";"550.85";"49.92";"150.0";"8.77";"700.85";"58.69";"28.32";"29.34";"106.23";"4.46";"93.15";"13.0";"3.15";"0.66";"0.71";"1.15";"1.29";"1.29";"41.0";"1.93";"2.58";"10493.6";"116.6";"1765.8";"550.33";"49.88";"149.86";"8.76";"700.19";"58.64";"106.13";"4.46";"93.07";"12.99";"3.15";"1.15";"40.96"
"Jamie Sterry";"J. Sterry";"12139";"1995-11-21";"Doncaster Rovers FC";"1725";"ENG - League One";"101";"2025/2026";"129";"RB";"Full Back";"91.97";"13";"0";"9425.77";"102.49";"1201.77";"492.38";"48.54";"153.31";"8.0";"645.69";"56.54";"29.17";"31.0";"113.69";"9.0";"91.08";"17.23";"6.69";"0.58";"0.6";"1.77";"1.22";"1.31";"27.31";"2.06";"2.66";"9223.69";"102.49";"1176.0";"481.83";"47.5";"150.02";"7.83";"631.85";"55.33";"111.25";"8.81";"89.12";"16.86";"6.55";"1.73";"26.72"
"Juan Marcos Foyth";"J. Foyth";"12144";"1998-01-12";"Villarreal CF";"260";"ESP - LaLiga";"4";"2025/2026";"129";"RCB";"Central Defender";"92.81";"10";"0";"9501.0";"102.38";"1129.2";"365.8";"35.6";"97.1";"6.5";"462.9";"42.1";"28.08";"29.22";"108.0";"5.0";"88.7";"14.2";"3.5";"0.69";"0.81";"0.7";"1.27";"null";"23.2";"2.14";"2.95";"9213.84";"102.38";"1095.07";"354.74";"34.52";"94.17";"6.3";"448.91";"40.83";"104.74";"4.85";"86.02";"13.77";"3.39";"0.68";"22.5"
"Kyle Leonardus Walker-Peters";"K. Walker-Peters";"12145";"1997-04-13";"West Ham United";"37";"ENG - Premier League";"1";"2025/2026";"129";"RB";"Full Back";"97.96";"9";"0";"10230.56";"104.43";"1370.33";"564.11";"55.67";"163.56";"9.56";"727.67";"65.22";"28.71";"29.56";"106.78";"7.89";"88.22";"19.0";"5.78";"0.71";"0.8";"1.89";"1.43";"null";"37.33";"1.97";"2.74";"9398.78";"104.43";"1258.92";"518.25";"51.14";"150.26";"8.78";"668.51";"59.92";"98.1";"7.25";"81.05";"17.46";"5.31";"1.74";"34.3"
"Morgan Gibbs-White";"M. Gibbs-White";"12166";"2000-01-27";"Nottingham Forest";"747";"ENG - Premier League";"1";"2025/2026";"129";"AM";"Midfield";"92.98";"21";"0";"10892.29";"117.14";"1866.43";"640.48";"60.33";"180.52";"10.67";"821.0";"71.0";"28.39";"30.24";"120.95";"5.95";"99.29";"14.81";"3.95";"0.62";"0.64";"1.38";"1.34";"1.34";"55.1";"1.97";"2.61";"10542.63";"117.14";"1806.51";"619.92";"58.4";"174.73";"10.32";"794.64";"68.72";"117.07";"5.76";"96.1";"14.33";"3.83";"1.34";"53.33"
"Declan Rice";"D. Rice";"12174";"1999-01-14";"Arsenal Football Club";"3";"ENG - Premier League";"1";"2025/2026";"129";"LM";"Midfield";"98.57";"14";"0";"11516.36";"116.83";"1828.86";"698.93";"62.29";"214.0";"11.36";"912.93";"73.64";"28.81";"30.0";"113.71";"5.93";"99.43";"14.5";"4.29";"0.64";"0.68";"0.79";"1.39";"null";"42.43";"1.89";"2.69";"10515.06";"116.83";"1669.85";"638.16";"56.87";"195.39";"10.37";"833.55";"67.24";"103.83";"5.41";"90.78";"13.24";"3.91";"0.72";"38.74"
"Konstantinos Mavropanos";"K. Mavropanos";"12182";"1997-12-11";"West Ham United";"37";"ENG - Premier League";"1";"2025/2026";"129";"RCB";"Central Defender";"100.46";"15";"0";"9481.27";"94.38";"1001.67";"314.8";"31.67";"97.4";"5.8";"412.2";"37.47";"29.25";"31.0";"99.6";"5.27";"79.2";"10.33";"2.8";"0.65";"0.83";"0.93";"1.17";"null";"20.47";"2.09";"2.76";"8493.88";"94.38";"897.35";"282.02";"28.37";"87.26";"5.2";"369.27";"33.56";"89.23";"4.72";"70.95";"9.26";"2.51";"0.84";"18.34"
"Jean-Clair Todibo";"J. Todibo";"12184";"1999-12-30";"West Ham United";"37";"ENG - Premier League";"1";"2025/2026";"129";"LCB";"Central Defender";"101.03";"12";"0";"9871.0";"97.7";"1098.08";"383.08";"42.58";"185.42";"10.67";"568.5";"53.25";"30.97";"32.1";"95.83";"5.42";"80.17";"9.5";"3.17";"0.59";"0.66";"1.33";"1.14";"null";"25.75";"1.97";"2.69";"8793.04";"97.7";"978.17";"341.25";"37.93";"165.17";"9.5";"506.42";"47.43";"85.37";"4.83";"71.41";"8.46";"2.82";"1.19";"22.94"
"Jordan Lefort";"J. Lefort";"12205";"1993-08-09";"Angers SCO";"98";"FRA - Ligue 1";"3";"2025/2026";"129";"LCB";"Central Defender";"98.86";"19";"0";"10698.68";"108.22";"1336.16";"370.42";"36.63";"94.47";"6.0";"464.89";"42.63";"27.83";"29.62";"113.95";"4.0";"91.42";"13.21";"2.37";"0.7";"0.88";"0.89";"1.35";"1.63";"27.89";"1.82";"2.81";"9739.97";"108.22";"1216.42";"337.23";"33.35";"86.01";"5.46";"423.24";"38.81";"103.74";"3.64";"83.23";"12.03";"2.16";"0.81";"25.4"
"Aurélien Tchouaméni";"A. Tchouaméni";"12218";"2000-01-27";"Real Madrid CF";"262";"ESP - LaLiga";"4";"2025/2026";"129";"DM";"Midfield";"95.87";"9";"0";"11010.44";"114.84";"1794.56";"509.11";"46.22";"100.78";"6.56";"609.89";"52.78";"27.64";"28.4";"116.44";"3.33";"103.33";"15.44";"2.0";"0.73";"0.81";"0.56";"1.43";"null";"35.11";"1.94";"2.91";"10336.05";"114.84";"1684.64";"477.93";"43.39";"94.61";"6.15";"572.53";"49.55";"109.31";"3.13";"97.0";"14.5";"1.88";"0.52";"32.96"
"Toma Bašić";"T. Bašić";"12219";"1996-11-25";"Lazio";"133";"ITA - Serie A";"5";"2025/2026";"129";"LM";"Midfield";"81.74";"10";"0";"10489.0";"128.32";"1933.7";"627.1";"54.0";"173.4";"8.8";"800.5";"62.8";"28.9";"29.94";"102.0";"3.6";"90.8";"11.8";"2.5";"0.75";"0.91";"0.9";"1.44";"null";"43.6";"1.96";"2.68";"11548.7";"128.32";"2129.06";"690.46";"59.46";"190.92";"9.69";"881.37";"69.14";"112.31";"3.96";"99.97";"12.99";"2.75";"0.99";"48.0"
"Youssouf Fofana";"Y. Fofana";"12229";"1999-01-10";"Milan";"140";"ITA - Serie A";"5";"2025/2026";"129";"RM";"Midfield";"82.59";"14";"0";"9327.71";"112.94";"1396.43";"513.36";"45.43";"144.5";"7.21";"657.86";"52.64";"29.17";"30.82";"98.57";"3.71";"83.14";"13.43";"2.79";"0.69";"0.72";"1.07";"1.3";"1.4";"29.71";"1.97";"2.83";"10164.25";"112.94";"1521.66";"559.4";"49.5";"157.46";"7.86";"716.86";"57.36";"107.41";"4.05";"90.6";"14.63";"3.04";"1.17";"32.38"
"Ludovic Ajorque";"L. Ajorque";"12230";"1994-02-25";"Stade Brestois 29";"89";"FRA - Ligue 1";"3";"2025/2026";"129";"CF";"Center Forward";"96.45";"20";"0";"10061.8";"104.32";"1265.25";"576.95";"56.5";"162.75";"10.25";"739.7";"66.75";"28.41";"30.34";"101.35";"6.55";"81.2";"18.2";"4.6";"0.74";"0.8";"1.05";"1.61";"1.67";"44.6";"1.82";"2.82";"9388.76";"104.32";"1180.62";"538.36";"52.72";"151.86";"9.56";"690.22";"62.29";"94.57";"6.11";"75.77";"16.98";"4.29";"0.98";"41.62"
"Jonathan Gradit";"J. Gradit";"12235";"1992-11-24";"RC Lens";"85";"FRA - Ligue 1";"3";"2025/2026";"129";"RCB";"Central Defender";"98.65";"9";"0";"9731.67";"98.65";"957.22";"322.44";"30.44";"81.44";"4.89";"403.89";"35.33";"27.81";"29.0";"90.22";"3.89";"73.56";"10.78";"2.56";"0.76";"0.85";"0.56";"1.62";"null";"21.67";"2.39";"2.86";"8878.19";"98.65";"873.27";"294.17";"27.77";"74.3";"4.46";"368.47";"32.23";"82.31";"3.55";"67.1";"9.83";"2.33";"0.51";"19.77"
"Sofiane Diop";"S. Diop";"12239";"2000-06-09";"OGC Nice";"70";"FRA - Ligue 1";"3";"2025/2026";"129";"AM";"Midfield";"81.06";"8";"0";"10302.12";"127.09";"1916.25";"679.0";"57.62";"167.5";"9.0";"846.5";"66.62";"28.07";"28.8";"104.12";"4.0";"84.12";"15.0";"2.5";"0.81";"0.9";"0.38";"null";"null";"51.25";"1.9";"2.97";"11438.27";"127.09";"2127.58";"753.88";"63.98";"185.97";"9.99";"939.85";"73.97";"115.61";"4.44";"93.4";"16.65";"2.78";"0.42";"56.9"
"Jonathan Castro Otto";"Jonny Otto";"12242";"1994-03-03";"Deportivo Alavés";"313";"ESP - LaLiga";"4";"2025/2026";"129";"RB";"Full Back";"97.73";"18";"0";"10466.06";"107.09";"1511.72";"610.39";"59.67";"171.06";"10.5";"781.44";"70.17";"28.33";"29.76";"127.11";"7.44";"99.39";"23.78";"5.28";"0.68";"0.83";"1.28";"1.4";"1.98";"46.83";"1.97";"2.74";"9638.27";"107.09";"1392.16";"562.11";"54.95";"157.53";"9.67";"719.64";"64.62";"117.06";"6.86";"91.53";"21.9";"4.86";"1.18";"43.13"
"Richarlison de Andrade";"Richarlison";"12243";"1997-05-10";"Tottenham Hotspur";"44";"ENG - Premier League";"1";"2025/2026";"129";"CF";"Center Forward";"92.83";"12";"0";"10095.75";"108.76";"1471.25";"765.83";"69.75";"239.67";"13.42";"1005.5";"83.17";"28.53";"29.54";"111.58";"10.42";"90.67";"21.0";"8.0";"0.55";"0.56";"1.33";"1.34";"null";"48.42";"1.94";"2.55";"9788.06";"108.76";"1426.41";"742.49";"67.62";"232.36";"13.01";"974.86";"80.63";"108.18";"10.1";"87.9";"20.36";"7.76";"1.29";"46.94"
"Antoine Bernede";"A. Bernede";"12245";"1999-05-26";"Hellas Verona";"157";"ITA - Serie A";"5";"2025/2026";"129";"LM";"Midfield";"87.54";"15";"0";"10528.33";"120.26";"1781.8";"725.0";"65.67";"218.87";"11.33";"943.87";"77.0";"28.53";"29.18";"120.2";"5.13";"99.47";"17.2";"3.2";"0.63";"0.66";"0.8";"1.48";"1.48";"48.4";"1.97";"2.61";"10823.65";"120.26";"1831.78";"745.34";"67.51";"225.01";"11.65";"970.34";"79.16";"123.57";"5.28";"102.26";"17.68";"3.29";"0.82";"49.76"
"Federico Santiago Valverde Dipetta";"F. Valverde";"12251";"1998-07-22";"Real Madrid CF";"262";"ESP - LaLiga";"4";"2025/2026";"129";"RB";"Full Back";"95.63";"10";"0";"9944.1";"103.98";"1183.4";"586.9";"60.4";"316.8";"15.1";"903.7";"75.5";"31.52";"32.4";"99.0";"8.0";"82.7";"17.6";"6.4";"0.65";"0.71";"3.6";"1.19";"1.39";"31.0";"2.15";"2.83";"9358.5";"103.98";"1113.71";"552.34";"56.84";"298.14";"14.21";"850.48";"71.05";"93.17";"7.53";"77.83";"16.56";"6.02";"3.39";"29.17"
"Cyrus Christie";"C. Christie";"12263";"1992-09-30";"Bolton Wanderers";"45";"ENG - League One";"101";"2025/2026";"129";"RB";"Full Back";"85.04";"9";"0";"9204.44";"108.24";"1245.33";"535.67";"46.44";"187.89";"9.22";"723.56";"55.67";"29.43";"29.9";"98.11";"5.78";"83.89";"13.78";"4.44";"0.7";"0.7";"1.67";"1.41";"null";"23.67";"2.06";"3.01";"9741.21";"108.24";"1317.96";"566.9";"49.15";"198.85";"9.76";"765.75";"58.91";"103.83";"6.11";"88.78";"14.58";"4.7";"1.76";"25.05"
"Kouassi Ryan Sessegnon";"R. Sessegnon";"12267";"2000-05-18";"Fulham";"48";"ENG - Premier League";"1";"2025/2026";"129";"LB";"Full Back";"95.02";"13";"0";"10678.38";"112.38";"1660.46";"784.46";"73.0";"303.85";"16.46";"1088.31";"89.46";"29.79";"30.74";"128.85";"8.69";"101.92";"23.69";"6.85";"0.71";"0.73";"2.77";"1.33";"1.42";"45.62";"1.84";"2.55";"10114.32";"112.38";"1572.75";"743.02";"69.14";"287.8";"15.59";"1030.82";"84.74";"122.04";"8.23";"96.54";"22.44";"6.48";"2.62";"43.21"
"Bobby Armani De Cordova-Reid";"B. De Cordova-Reid";"12269";"1993-02-02";"Leicester City";"62";"ENG - Championship";"31";"2025/2026";"129";"AM";"Midfield";"76.51";"12";"0";"9402.08";"122.88";"1871.17";"713.75";"57.08";"131.92";"7.83";"845.67";"64.92";"27.75";"29.22";"110.75";"4.17";"90.5";"12.83";"2.75";"0.73";"0.77";"0.58";"1.66";"2.0";"33.25";"2.06";"2.64";"11059.47";"122.88";"2201.01";"839.57";"67.15";"155.17";"9.21";"994.74";"76.36";"130.27";"4.9";"106.45";"15.1";"3.23";"0.69";"39.11"
"Josh Murphy";"J. Murphy";"12274";"1995-02-24";"Portsmouth";"50";"ENG - Championship";"31";"2025/2026";"129";"LW";"Wide Attacker";"96.75";"8";"0";"10168.62";"105.11";"1265.25";"690.25";"79.12";"416.25";"22.0";"1106.5";"101.12";"31.4";"32.34";"124.38";"12.88";"89.75";"26.25";"10.0";"0.6";"0.61";"4.75";"1.16";"1.22";"38.38";"2.0";"2.81";"9459.59";"105.11";"1177.03";"642.12";"73.61";"387.23";"20.47";"1029.35";"94.07";"115.7";"11.98";"83.49";"24.42";"9.3";"4.42";"35.7"
"Mehmet Zeki Çelik";"Z. Çelik";"12279";"1997-02-17";"Roma";"142";"ITA - Serie A";"5";"2025/2026";"129";"RWB";"Full Back";"93.82";"13";"0";"11033.08";"117.6";"1704.31";"905.77";"79.92";"317.54";"17.69";"1223.31";"97.62";"30.02";"30.7";"112.77";"8.38";"94.23";"22.69";"6.23";"0.63";"0.63";"2.08";"1.21";"1.21";"45.92";"1.95";"2.53";"10584.08";"117.6";"1634.95";"868.91";"76.67";"304.62";"16.97";"1173.52";"93.64";"108.18";"8.04";"90.4";"21.77";"5.98";"1.99";"44.05"
"Mahdi Camara";"M. Camara";"12285";"1998-06-30";"Stade Rennais FC";"79";"FRA - Ligue 1";"3";"2025/2026";"129";"RM";"Midfield";"96.37";"14";"0";"11900.43";"123.48";"2094.64";"888.43";"77.79";"258.07";"14.5";"1146.5";"92.29";"28.48";"29.44";"133.5";"5.43";"108.14";"15.5";"4.0";"0.68";"0.71";"1.43";"1.47";"1.68";"48.71";"2.0";"2.72";"11113.38";"123.48";"1956.11";"829.67";"72.64";"241.0";"13.54";"1070.67";"86.18";"124.67";"5.07";"100.99";"14.47";"3.74";"1.33";"45.49"
"William Saliba";"W. Saliba";"12286";"2001-03-24";"Arsenal Football Club";"3";"ENG - Premier League";"1";"2025/2026";"129";"RCB";"Central Defender";"100.68";"17";"0";"10176.0";"101.07";"1305.76";"464.94";"44.53";"146.41";"8.29";"611.35";"52.82";"29.39";"31.0";"121.76";"7.41";"94.88";"16.18";"5.59";"0.62";"0.63";"1.59";"1.28";"1.39";"27.12";"2.04";"2.78";"9096.24";"101.07";"1167.21";"415.61";"39.8";"130.88";"7.41";"546.48";"47.22";"108.84";"6.63";"84.81";"14.46";"5.0";"1.42";"24.24"
"Aaron Wan-Bissaka";"A. Wan-Bissaka";"12307";"1997-11-26";"West Ham United";"37";"ENG - Premier League";"1";"2025/2026";"129";"RB";"Full Back";"99.67";"10";"0";"10473.7";"105.08";"1483.7";"641.5";"68.8";"274.3";"16.6";"915.8";"85.4";"30.17";"31.28";"128.2";"10.6";"102.0";"26.6";"8.2";"0.64";"0.66";"3.2";"1.19";"1.23";"43.7";"2.09";"2.82";"9457.07";"105.08";"1339.68";"579.23";"62.12";"247.67";"14.99";"826.91";"77.11";"115.76";"9.57";"92.1";"24.02";"7.4";"2.89";"39.46"
"Georgiy  Tsitaishvili";"G. Tsitaishvili";"12381";"2000-11-18";"FC Metz";"97";"FRA - Ligue 1";"3";"2025/2026";"129";"LW";"Wide Attacker";"87.24";"10";"0";"9791.1";"112.23";"1394.2";"634.8";"64.3";"321.8";"15.3";"956.6";"79.6";"30.82";"32.48";"102.8";"8.0";"80.7";"23.3";"6.1";"0.6";"0.61";"2.7";"1.23";"1.38";"47.3";"1.97";"2.55";"10101.05";"112.23";"1438.34";"654.9";"66.34";"331.99";"15.78";"986.88";"82.12";"106.05";"8.25";"83.25";"24.04";"6.29";"2.79";"48.8"
"Michel Aebischer";"M. Aebischer";"12416";"1997-01-06";"Pisa Sporting Club";"1453";"ITA - Serie A";"5";"2025/2026";"129";"DM";"Midfield";"94.34";"10";"0";"10773.5";"114.2";"1773.8";"510.2";"45.3";"132.4";"6.5";"642.6";"51.8";"27.74";"29.16";"105.8";"3.8";"85.7";"14.3";"2.7";"0.66";"0.72";"0.5";"1.33";"null";"30.9";"2.11";"2.88";"10278.06";"114.2";"1692.23";"486.74";"43.22";"126.31";"6.2";"613.05";"49.42";"100.93";"3.63";"81.76";"13.64";"2.58";"0.48";"29.48"
"Thibault De Smet";"T. De Smet";"12443";"1998-06-05";"Paris FC";"327";"FRA - Ligue 1";"3";"2025/2026";"129";"LB";"Full Back";"91.76";"9";"0";"10388.67";"113.21";"1544.56";"594.0";"61.56";"207.67";"12.89";"801.67";"74.44";"28.88";"29.62";"124.22";"6.78";"92.56";"23.56";"4.89";"0.76";"0.83";"2.0";"1.54";"1.57";"48.11";"2.01";"2.64";"10189.08";"113.21";"1514.88";"582.59";"60.37";"203.68";"12.64";"786.26";"73.01";"121.84";"6.65";"90.78";"23.1";"4.79";"1.96";"47.19"
"Jonathan Christian David";"J. David";"12445";"2000-01-14";"Juventus";"139";"ITA - Serie A";"5";"2025/2026";"129";"CF";"Center Forward";"81.13";"14";"0";"10206.29";"125.8";"1639.79";"703.86";"66.64";"199.5";"13.36";"903.36";"80.0";"28.45";"29.6";"108.5";"7.64";"86.86";"17.36";"5.86";"0.67";"0.69";"1.29";"1.44";"1.48";"62.5";"1.88";"2.66";"11321.85";"125.8";"1819.02";"780.79";"73.93";"221.31";"14.82";"1002.1";"88.74";"120.36";"8.48";"96.35";"19.25";"6.5";"1.43";"69.33"
"Will Hughes";"W. Hughes";"12454";"1995-04-17";"Crystal Palace";"60";"ENG - Premier League";"1";"2025/2026";"129";"LM";"Midfield";"84.75";"10";"0";"10037.0";"118.43";"1946.3";"634.2";"48.4";"90.5";"4.7";"724.7";"53.1";"26.31";"27.38";"117.6";"3.5";"94.9";"15.0";"2.1";"0.78";"0.87";"0.7";"1.6";"1.6";"41.4";"1.85";"2.7";"10658.34";"118.43";"2066.79";"673.46";"51.4";"96.1";"4.99";"769.56";"56.39";"124.88";"3.72";"100.77";"15.93";"2.23";"0.74";"43.96"
"Suliaman Borbor Kaikai";"S. Kaikai";"12458";"1995-08-26";"Cambridge United";"1871";"ENG - League Two";"204";"2025/2026";"129";"AM";"Midfield";"89.05";"9";"0";"10221.11";"114.78";"1515.11";"543.56";"51.0";"148.67";"8.22";"692.22";"59.22";"29.43";"30.38";"110.33";"7.33";"88.44";"12.67";"5.33";"0.62";"0.66";"1.22";"1.25";"null";"31.44";"1.88";"3.0";"10330.58";"114.78";"1531.34";"549.38";"51.55";"150.26";"8.31";"699.64";"59.86";"111.52";"7.41";"89.39";"12.8";"5.39";"1.24";"31.78"
"Suliaman Borbor Kaikai";"S. Kaikai";"12458";"1995-08-26";"Cambridge United";"1871";"ENG - League Two";"204";"2025/2026";"129";"LW";"Wide Attacker";"96.82";"8";"0";"10662.62";"110.13";"1503.62";"551.12";"51.0";"139.62";"9.75";"690.75";"60.75";"28.5";"29.18";"112.62";"6.75";"88.75";"16.38";"4.38";"0.63";"0.65";"0.62";"1.37";"null";"37.12";"2.02";"3.06";"9911.89";"110.13";"1397.76";"512.32";"47.41";"129.79";"9.06";"642.12";"56.47";"104.7";"6.27";"82.5";"15.22";"4.07";"0.58";"34.51"
"Sean Longstaff";"S. Longstaff";"12459";"1997-10-30";"Leeds United";"787";"ENG - Premier League";"1";"2025/2026";"129";"RM";"Midfield";"93.23";"10";"0";"11556.2";"123.95";"2075.4";"779.3";"66.5";"204.2";"11.4";"983.5";"77.9";"28.36";"29.24";"113.5";"3.6";"98.3";"16.1";"2.3";"0.8";"0.84";"0.3";"1.77";"null";"40.7";"2.04";"2.79";"11155.43";"123.95";"2003.43";"752.27";"64.19";"197.12";"11.0";"949.39";"75.2";"109.56";"3.48";"94.89";"15.54";"2.22";"0.29";"39.29"
"Romain Del Castillo";"R. Del Castillo";"12465";"1996-03-29";"Stade Brestois 29";"89";"FRA - Ligue 1";"3";"2025/2026";"129";"RW";"Wide Attacker";"90.25";"13";"0";"9949.23";"110.24";"1466.0";"587.38";"55.31";"163.69";"9.38";"751.08";"64.69";"28.43";"29.76";"99.38";"5.92";"79.77";"15.77";"4.23";"0.71";"0.75";"1.0";"1.39";"1.79";"49.46";"1.9";"2.78";"9921.67";"110.24";"1461.94";"585.76";"55.15";"163.24";"9.36";"749.0";"64.51";"99.11";"5.91";"79.55";"15.73";"4.22";"1.0";"49.32"
"Kadeem Harris";" Kadeem Harris";"12481";"1993-06-08";"Salford City FC";"2816";"ENG - League Two";"204";"2025/2026";"129";"LWB";"Full Back";"98.65";"15";"0";"10182.27";"103.22";"1307.07";"587.13";"61.0";"234.8";"12.47";"821.93";"73.47";"30.77";"32.16";"114.33";"11.33";"88.2";"18.47";"8.67";"0.58";"0.59";"2.6";"1.19";"1.2";"31.93";"1.95";"2.57";"9289.66";"103.22";"1192.49";"535.66";"55.65";"214.22";"11.37";"749.88";"67.03";"104.31";"10.34";"80.47";"16.85";"7.91";"2.37";"29.13"
"Yann-Alexandre Gboho Gnantin";"Y. Gboho";"12482";"2001-01-14";"Toulouse FC";"74";"FRA - Ligue 1";"3";"2025/2026";"129";"LF";"Wide Attacker";"94.32";"11";"0";"10914.0";"115.71";"1681.82";"762.64";"71.64";"182.45";"12.91";"945.09";"84.55";"28.38";"29.34";"124.36";"10.73";"92.09";"22.45";"8.45";"0.65";"0.71";"2.36";"1.2";"1.37";"57.45";"1.89";"2.7";"10413.99";"115.71";"1604.77";"727.7";"68.35";"174.1";"12.32";"901.79";"80.67";"118.67";"10.24";"87.87";"21.43";"8.07";"2.26";"54.82"
"Jonathan Tah";"J. Tah";"12484";"1996-02-11";"FC Bayern Munchen";"100";"GER - Bundesliga";"6";"2025/2026";"129";"LCB";"Central Defender";"93.74";"15";"0";"10634.67";"113.45";"1405.13";"461.27";"45.53";"145.47";"8.93";"606.73";"54.47";"29.19";"30.58";"114.0";"4.67";"91.6";"13.27";"2.93";"0.66";"0.73";"1.13";"1.35";"1.46";"30.13";"2.02";"3.0";"10210.73";"113.45";"1349.12";"442.88";"43.72";"139.67";"8.58";"582.55";"52.3";"109.46";"4.48";"87.95";"12.74";"2.82";"1.09";"28.93"
"Oliver Norwood";"O. Norwood";"12505";"1991-04-12";"Stockport County FC";"2820";"ENG - League One";"101";"2025/2026";"129";"LM";"Midfield";"97.26";"10";"0";"10978.8";"112.88";"1766.1";"435.9";"34.2";"43.6";"2.6";"479.5";"36.8";"25.83";"26.38";"111.6";"2.6";"87.2";"11.0";"1.1";"0.79";"null";"0.1";"null";"null";"24.3";"2.17";"2.94";"10159.63";"112.88";"1634.32";"403.38";"31.65";"40.35";"2.41";"443.72";"34.05";"103.27";"2.41";"80.69";"10.18";"1.02";"0.09";"22.49"
"Oliver Norwood";"O. Norwood";"12505";"1991-04-12";"Stockport County FC";"2820";"ENG - League One";"101";"2025/2026";"129";"RM";"Midfield";"99.91";"9";"0";"11329.0";"113.39";"1826.22";"486.44";"36.33";"47.89";"2.67";"534.33";"39.0";"25.7";"26.62";"103.56";"3.33";"87.0";"10.11";"1.44";"0.78";"null";"0.0";"null";"null";"24.67";"2.15";"2.94";"10205.17";"113.39";"1645.06";"438.19";"32.73";"43.14";"2.4";"481.33";"35.13";"93.28";"3.0";"78.37";"9.11";"1.3";"0.0";"22.22"
"George Saville";"G. Saville";"12509";"1993-06-01";"Luton Town";"879";"ENG - League One";"101";"2025/2026";"129";"LM";"Midfield";"82.91";"8";"0";"9113.12";"109.91";"1629.75";"392.5";"30.38";"35.12";"2.25";"427.62";"32.62";"25.38";"26.14";"98.62";"3.5";"81.62";"11.75";"1.38";"0.82";"null";"0.12";"null";"null";"23.38";"2.02";"2.86";"9892.13";"109.91";"1769.06";"426.05";"32.97";"38.13";"2.44";"464.18";"35.41";"107.06";"3.8";"88.6";"12.75";"1.49";"0.14";"25.37"
"Karol Mets";"K. Mets";"12523";"1993-05-16";"FC St. Pauli";"122";"GER - Bundesliga";"6";"2025/2026";"129";"LCB";"Central Defender";"96.0";"14";"0";"11036.64";"114.97";"1479.21";"403.64";"35.64";"91.21";"5.71";"494.86";"41.36";"27.76";"29.14";"124.43";"4.71";"103.14";"13.5";"3.07";"0.73";"0.8";"1.07";"1.38";"1.56";"27.93";"1.88";"2.83";"10347.11";"114.97";"1386.8";"378.42";"33.42";"85.52";"5.36";"463.94";"38.77";"116.65";"4.42";"96.7";"12.66";"2.88";"1.0";"26.18"
"Dimitrios Giannoulis";"D. Giannoulis";"12534";"1995-10-17";"FC Augsburg";"123";"GER - Bundesliga";"6";"2025/2026";"129";"LWB";"Full Back";"80.96";"13";"0";"9150.31";"113.02";"1294.15";"584.0";"61.46";"312.38";"15.54";"896.38";"77.0";"31.23";"32.92";"102.08";"9.69";"85.54";"23.92";"8.08";"0.61";"0.7";"3.38";"1.14";"1.33";"40.31";"1.97";"2.65";"10171.68";"113.02";"1438.61";"649.19";"68.32";"347.25";"17.27";"996.44";"85.59";"113.47";"10.77";"95.09";"26.59";"8.98";"3.76";"44.81"
"James  Tarkowski";"J. Tarkowski";"12542";"1992-11-19";"Everton";"41";"ENG - Premier League";"1";"2025/2026";"129";"RCB";"Central Defender";"99.16";"24";"0";"10006.79";"100.92";"1149.42";"323.25";"30.88";"101.88";"5.12";"425.12";"36.0";"28.12";"30.42";"102.0";"3.88";"78.29";"9.21";"2.17";"0.79";"0.84";"0.75";"1.51";"null";"19.17";"1.91";"2.92";"9082.56";"100.92";"1043.26";"293.39";"28.02";"92.47";"4.65";"385.86";"32.68";"92.58";"3.52";"71.06";"8.36";"1.97";"0.68";"17.4"
"Ruslan Malinovskyi";"R. Malinovskyi";"12549";"1993-05-04";"Genoa";"135";"ITA - Serie A";"5";"2025/2026";"129";"RM";"Midfield";"80.34";"12";"0";"9368.5";"116.61";"1614.83";"451.08";"38.17";"80.5";"4.33";"531.58";"42.5";"26.87";"28.18";"88.17";"2.75";"76.08";"9.33";"1.58";"0.77";"0.97";"0.58";"1.87";"null";"38.75";"2.0";"2.93";"10495.29";"116.61";"1809.06";"505.34";"42.76";"90.18";"4.85";"595.52";"47.61";"98.77";"3.08";"85.23";"10.46";"1.77";"0.65";"43.41"
"Viktor Tsygankov";"V. Tsygankov";"12562";"1997-11-15";"Girona FC";"348";"ESP - LaLiga";"4";"2025/2026";"129";"RW";"Wide Attacker";"87.05";"13";"0";"10848.69";"124.62";"1767.77";"737.08";"64.23";"169.69";"10.38";"906.77";"74.62";"28.15";"29.32";"110.62";"5.31";"89.0";"16.92";"4.23";"0.64";"0.7";"1.08";"1.46";"1.48";"51.77";"1.89";"2.8";"11216.01";"124.62";"1827.62";"762.03";"66.41";"175.44";"10.74";"937.47";"77.14";"114.36";"5.49";"92.01";"17.5";"4.37";"1.11";"53.52"
"Martin Valjent";"M. Valjent";"12565";"1995-12-11";"RCD Mallorca";"258";"ESP - LaLiga";"4";"2025/2026";"129";"RCB";"Central Defender";"100.33";"19";"0";"10071.21";"100.38";"1212.74";"442.58";"45.68";"166.74";"9.21";"609.32";"54.89";"28.87";"30.14";"114.84";"6.53";"91.37";"16.89";"4.26";"0.67";"0.74";"1.32";"1.23";"1.38";"32.11";"1.86";"2.73";"9034.21";"100.38";"1087.87";"397.01";"40.98";"149.57";"8.26";"546.58";"49.24";"103.02";"5.85";"81.96";"15.16";"3.82";"1.18";"28.8"
"Chris Mepham";"C. Mepham";"12572";"1997-11-05";"West Bromwich Albion";"34";"ENG - Championship";"31";"2025/2026";"129";"LCB";"Central Defender";"96.22";"18";"0";"10163.17";"105.62";"1268.72";"385.39";"37.0";"105.61";"5.61";"491.0";"42.61";"28.01";"30.04";"108.39";"4.56";"83.78";"9.33";"2.56";"0.72";"0.86";"0.61";"1.53";"null";"21.22";"1.97";"2.83";"9506.15";"105.62";"1186.7";"360.47";"34.61";"98.78";"5.25";"459.26";"39.86";"101.38";"4.26";"78.36";"8.73";"2.39";"0.57";"19.85"
"Bryan Mbeumo";"B. Mbeumo";"12629";"1999-08-07";"Manchester United";"31";"ENG - Premier League";"1";"2025/2026";"129";"AM";"Midfield";"97.29";"14";"0";"10612.71";"109.09";"1636.79";"765.14";"85.21";"343.36";"21.07";"1108.5";"106.29";"30.64";"31.62";"132.0";"11.07";"104.43";"24.86";"9.07";"0.6";"0.61";"4.29";"1.16";"1.19";"55.29";"1.85";"2.61";"9817.81";"109.09";"1514.19";"707.83";"78.83";"317.64";"19.49";"1025.47";"98.32";"122.11";"10.24";"96.61";"23.0";"8.39";"3.96";"51.14"
"Ryan Giles";"R. Giles";"12634";"2000-01-26";"Hull City";"47";"ENG - Championship";"31";"2025/2026";"129";"LB";"Full Back";"95.52";"20";"0";"10135.3";"106.11";"1247.4";"540.2";"57.55";"254.8";"12.9";"795.0";"70.45";"30.86";"32.2";"106.15";"7.85";"89.3";"14.85";"6.35";"0.61";"0.64";"2.65";"1.22";"1.3";"28.9";"1.94";"2.65";"9549.68";"106.11";"1175.32";"508.99";"54.22";"240.08";"12.15";"749.06";"66.38";"100.02";"7.4";"84.14";"13.99";"5.98";"2.5";"27.23"
"Elliot Watt";"E. Watt";"12635";"2000-03-11";"Motherwell";"243";"SCO - Premiership";"18";"2025/2026";"129";"LDM";"Midfield";"96.86";"10";"0";"12302.1";"127.01";"2219.8";"588.3";"51.9";"74.8";"5.2";"663.1";"57.1";"25.87";"26.38";"135.5";"3.8";"118.7";"13.2";"2.3";"0.79";"0.93";"0.3";"1.9";"null";"40.4";"2.01";"2.85";"11431.21";"127.01";"2062.66";"546.65";"48.23";"69.5";"4.83";"616.16";"53.06";"125.91";"3.53";"110.3";"12.27";"2.14";"0.28";"37.54"
"Jack Stephens";"J. Stephens";"12641";"1994-01-27";"Southampton";"58";"ENG - Championship";"31";"2025/2026";"129";"LCB";"Central Defender";"96.97";"15";"0";"9655.67";"99.57";"1131.0";"375.73";"37.8";"141.33";"6.47";"517.07";"44.27";"28.85";"30.62";"105.73";"5.47";"82.87";"12.27";"4.2";"0.7";"0.74";"1.87";"1.32";"1.47";"19.8";"2.09";"2.76";"8961.53";"99.57";"1049.69";"348.72";"35.08";"131.17";"6.0";"479.9";"41.08";"98.13";"5.07";"76.91";"11.38";"3.9";"1.73";"18.38"
"Lautaro Javier Martínez";"L. Martínez";"12643";"1997-08-22";"Inter Milan";"145";"ITA - Serie A";"5";"2025/2026";"129";"CF";"Center Forward";"83.18";"22";"0";"9204.68";"110.66";"1234.86";"519.36";"49.5";"150.18";"9.05";"669.55";"58.55";"27.81";"29.7";"92.41";"5.86";"74.41";"13.27";"4.09";"0.69";"0.8";"0.91";"1.22";"1.68";"40.64";"1.76";"2.73";"9959.53";"110.66";"1336.13";"561.95";"53.56";"162.5";"9.79";"724.45";"63.35";"99.99";"6.34";"80.51";"14.36";"4.43";"0.98";"43.97"
"Carles Aleñà Castillo";"Carles Aleñà";"12647";"1998-01-05";"Deportivo Alavés";"313";"ESP - LaLiga";"4";"2025/2026";"129";"LW";"Wide Attacker";"83.5";"13";"0";"9770.85";"117.02";"1716.38";"734.08";"63.92";"175.08";"10.54";"909.15";"74.46";"27.58";"28.68";"110.31";"6.85";"81.23";"19.38";"4.31";"0.7";"0.76";"0.85";"1.56";"1.62";"48.69";"1.91";"2.6";"10531.61";"117.02";"1850.02";"791.23";"68.9";"188.71";"11.36";"979.94";"80.26";"118.9";"7.38";"87.56";"20.89";"4.64";"0.91";"52.48"
"Cody Gakpo";"C. Gakpo";"12656";"1999-05-07";"Liverpool Football Club";"2";"ENG - Premier League";"1";"2025/2026";"129";"LW";"Wide Attacker";"91.56";"14";"0";"9625.86";"105.14";"1369.93";"625.29";"61.79";"256.07";"12.64";"881.36";"74.43";"29.72";"30.74";"109.5";"9.29";"93.43";"19.86";"6.21";"0.57";"0.58";"1.57";"1.28";"1.3";"38.64";"1.9";"2.81";"9462.27";"105.14";"1346.65";"614.66";"60.74";"251.72";"12.43";"866.38";"73.16";"107.64";"9.13";"91.84";"19.52";"6.11";"1.54";"37.99"
"Éder Gabriel Militão";"Éder Militão";"12662";"1998-01-18";"Real Madrid CF";"262";"ESP - LaLiga";"4";"2025/2026";"129";"RCB";"Central Defender";"98.06";"9";"0";"9660.78";"98.52";"1078.56";"392.11";"39.56";"184.67";"8.67";"576.78";"48.22";"31.22";"32.32";"99.89";"6.44";"80.0";"12.0";"4.44";"0.64";"0.71";"2.22";"1.18";"1.38";"25.44";"2.14";"2.97";"8866.45";"98.52";"989.87";"359.87";"36.3";"169.48";"7.95";"529.35";"44.26";"91.68";"5.91";"73.42";"11.01";"4.08";"2.04";"23.35"
"Diogo Filipe Monteiro Pinto Leite";"Diogo Leite";"12663";"1999-01-23";"FC Union Berlin";"757";"GER - Bundesliga";"6";"2025/2026";"129";"LCB";"Central Defender";"93.18";"16";"0";"10876.88";"116.73";"1694.88";"559.88";"48.38";"115.12";"7.69";"675.0";"56.06";"27.77";"28.9";"122.62";"5.62";"94.06";"15.06";"4.38";"0.73";"0.82";"0.88";"1.4";"1.77";"44.5";"1.92";"2.66";"10505.42";"116.73";"1636.99";"540.75";"46.72";"111.19";"7.42";"651.95";"54.15";"118.44";"5.43";"90.85";"14.55";"4.23";"0.85";"42.98"
"Arnaut Danjuma Adam Groeneveld";"A. Danjuma";"12670";"1997-01-31";"Valencia CF";"257";"ESP - LaLiga";"4";"2025/2026";"129";"LW";"Wide Attacker";"79.08";"11";"0";"8837.64";"111.75";"1245.36";"534.36";"55.82";"256.0";"12.91";"790.36";"68.73";"31.18";"32.44";"95.18";"6.55";"80.27";"15.27";"5.09";"0.63";"0.67";"2.55";"1.21";"1.27";"39.64";"2.0";"2.86";"10057.58";"111.75";"1417.27";"608.13";"63.52";"291.34";"14.69";"899.47";"78.21";"108.32";"7.45";"91.35";"17.38";"5.79";"2.9";"45.11"
"Wilson Isidor";"W. Isidor";"12680";"2000-08-27";"Sunderland";"35";"ENG - Premier League";"1";"2025/2026";"129";"CF";"Center Forward";"78.42";"10";"0";"8642.8";"110.2";"1151.0";"525.4";"56.0";"234.2";"13.4";"759.6";"69.4";"30.79";"32.1";"96.8";"9.8";"77.5";"19.1";"8.3";"0.63";"0.67";"2.9";"1.26";"1.28";"40.9";"1.93";"2.9";"9918.42";"110.2";"1320.88";"602.95";"64.27";"268.77";"15.38";"871.71";"79.64";"111.09";"11.25";"88.94";"21.92";"9.53";"3.33";"46.94"
"Lucas Ariel Boyé";"L. Boyé";"12709";"1996-02-28";"Deportivo Alavés";"313";"ESP - LaLiga";"4";"2025/2026";"129";"CF";"Center Forward";"93.91";"13";"0";"10294.69";"109.62";"1464.46";"630.08";"61.85";"159.69";"10.77";"789.77";"72.62";"28.35";"29.28";"111.92";"10.0";"87.38";"23.15";"6.23";"0.63";"0.69";"1.85";"1.25";"1.7";"57.85";"1.73";"2.7";"9865.77";"109.62";"1403.45";"603.83";"59.27";"153.04";"10.32";"756.86";"69.59";"107.26";"9.58";"83.74";"22.19";"5.97";"1.77";"55.44"
"Sergio Gómez Martín";"Sergio Gómez";"12751";"2000-09-04";"Real Sociedad";"282";"ESP - LaLiga";"4";"2025/2026";"129";"LB";"Full Back";"91.73";"16";"0";"9783.62";"106.66";"1303.25";"631.81";"63.69";"273.38";"14.44";"905.19";"78.12";"29.89";"30.92";"104.62";"8.12";"88.5";"21.69";"5.94";"0.58";"0.58";"2.38";"1.15";"1.19";"36.75";"1.83";"2.59";"9599.2";"106.66";"1278.68";"619.9";"62.49";"268.22";"14.17";"888.12";"76.65";"102.65";"7.97";"86.83";"21.28";"5.83";"2.33";"36.06"
"Joelinton Cassio Apolinário de Lira";"Joelinton";"12759";"1996-08-14";"Newcastle United";"32";"ENG - Premier League";"1";"2025/2026";"129";"LM";"Midfield";"96.09";"14";"0";"10758.79";"111.97";"1876.57";"754.29";"62.21";"205.21";"10.21";"959.5";"72.43";"28.36";"29.5";"126.79";"5.36";"109.86";"14.36";"4.0";"0.69";"0.69";"0.93";"1.32";"1.5";"36.0";"2.09";"2.54";"10077.24";"111.97";"1757.69";"706.5";"58.27";"192.21";"9.57";"898.72";"67.84";"118.75";"5.02";"102.9";"13.45";"3.75";"0.87";"33.72"
"Luca Pellegrini";"L. Pellegrini";"12762";"1999-03-07";"Lazio";"133";"ITA - Serie A";"5";"2025/2026";"129";"LB";"Full Back";"81.57";"10";"0";"8578.7";"105.17";"1140.3";"479.6";"51.7";"207.0";"11.3";"686.6";"63.0";"31.64";"32.28";"94.9";"6.9";"77.8";"18.9";"4.8";"0.69";"0.75";"1.9";"1.34";"1.53";"27.9";"2.11";"2.85";"9465.67";"105.17";"1258.2";"529.19";"57.05";"228.4";"12.47";"757.59";"69.51";"104.71";"7.61";"85.84";"20.85";"5.3";"2.1";"30.78"
"Nicolò Zaniolo";"N. Zaniolo";"12764";"1999-07-02";"Udinese";"148";"ITA - Serie A";"5";"2025/2026";"129";"CF";"Center Forward";"78.78";"15";"0";"9050.87";"114.89";"1354.47";"639.4";"58.47";"191.27";"12.0";"830.67";"70.47";"28.45";"29.54";"95.13";"8.0";"77.8";"14.8";"6.13";"0.62";"0.67";"2.4";"1.22";"1.42";"36.2";"1.97";"2.52";"10339.76";"114.89";"1547.35";"730.45";"66.79";"218.5";"13.71";"948.96";"80.5";"108.68";"9.14";"88.88";"16.91";"7.01";"2.74";"41.36"
"Ferrán Torres García";"Ferrán Torres";"12766";"2000-02-29";"FC Barcelona";"264";"ESP - LaLiga";"4";"2025/2026";"129";"CF";"Center Forward";"82.26";"12";"0";"8042.33";"97.77";"878.75";"542.0";"55.25";"195.0";"11.92";"737.0";"67.17";"29.32";"30.7";"92.5";"12.08";"78.33";"21.92";"8.75";"0.61";"0.69";"3.42";"1.2";"1.29";"32.08";"2.07";"2.77";"8799.53";"97.77";"961.49";"593.03";"60.45";"213.36";"13.04";"806.39";"73.49";"101.21";"13.22";"85.71";"23.98";"9.57";"3.74";"35.1"
"Leonardo Spinazzola";"L. Spinazzola";"12768";"1993-03-25";"Napoli";"143";"ITA - Serie A";"5";"2025/2026";"129";"LWB";"Full Back";"92.04";"8";"0";"10460.12";"113.65";"1556.12";"636.75";"60.12";"259.5";"12.62";"896.25";"72.75";"30.66";"31.28";"112.75";"8.38";"94.62";"18.5";"6.75";"0.65";"0.65";"2.75";"1.21";"1.3";"38.0";"2.14";"2.81";"10228.1";"113.65";"1521.61";"622.63";"58.79";"253.74";"12.34";"876.37";"71.14";"110.25";"8.19";"92.53";"18.09";"6.6";"2.69";"37.16"
"Moise Bioty Kean";"M. Kean";"12769";"2000-02-28";"Fiorentina";"138";"ITA - Serie A";"5";"2025/2026";"129";"CF";"Center Forward";"96.45";"18";"0";"8979.72";"93.11";"983.78";"421.5";"49.33";"195.72";"10.44";"617.22";"59.78";"30.27";"32.06";"91.56";"8.22";"78.5";"16.61";"6.44";"0.58";"0.58";"2.89";"1.17";"1.26";"30.28";"1.88";"2.78";"8379.61";"93.11";"918.03";"393.33";"46.04";"182.64";"9.75";"575.97";"55.78";"85.44";"7.67";"73.25";"15.5";"6.01";"2.7";"28.25"
"Obite Evan Ndicka";"E. Ndicka";"12773";"1999-08-20";"Roma";"142";"ITA - Serie A";"5";"2025/2026";"129";"CB";"Central Defender";"97.9";"11";"0";"10172.27";"103.9";"1108.91";"392.73";"39.64";"153.64";"7.73";"546.36";"47.36";"30.4";"31.8";"97.55";"4.0";"79.0";"10.27";"3.27";"0.64";"0.8";"1.45";"1.24";"null";"29.45";"2.1";"2.93";"9351.14";"103.9";"1019.39";"361.03";"36.44";"141.23";"7.1";"502.26";"43.54";"89.67";"3.68";"72.62";"9.44";"3.01";"1.34";"27.08"
"Lucas Torró Marset";"Lucas Torró";"12777";"1994-07-19";"CA Osasuna";"259";"ESP - LaLiga";"4";"2025/2026";"129";"RM";"Midfield";"94.8";"8";"0";"11489.25";"121.19";"2011.88";"481.75";"40.88";"76.0";"4.5";"557.75";"45.38";"26.5";"27.32";"128.5";"2.75";"111.38";"13.0";"1.75";"0.75";"null";"0.38";"null";"null";"36.0";"2.25";"3.05";"10907.28";"121.19";"1909.97";"457.35";"38.8";"72.15";"4.27";"529.5";"43.08";"121.99";"2.61";"105.73";"12.34";"1.66";"0.36";"34.18"
"Vladimír Coufal";"V. Coufal";"12794";"1992-08-22";"TSG 1899 Hoffenheim";"113";"GER - Bundesliga";"6";"2025/2026";"129";"RB";"Full Back";"98.35";"18";"0";"11955.67";"121.57";"1965.44";"868.89";"78.0";"292.44";"17.17";"1161.33";"95.17";"29.27";"30.62";"134.56";"8.89";"110.22";"23.61";"6.72";"0.67";"0.74";"1.78";"1.29";"1.53";"47.89";"1.8";"2.68";"10941.14";"121.57";"1798.66";"795.16";"71.38";"267.63";"15.71";"1062.79";"87.09";"123.14";"8.13";"100.87";"21.61";"6.15";"1.63";"43.83"
"Nayef Aguerd";"N. Aguerd";"12817";"1996-03-30";"Olympique de Marseille";"80";"FRA - Ligue 1";"3";"2025/2026";"129";"LCB";"Central Defender";"95.45";"9";"0";"9986.22";"104.62";"1214.67";"452.22";"48.44";"191.22";"11.11";"643.44";"59.56";"30.08";"31.22";"118.0";"6.33";"92.33";"16.89";"4.78";"0.61";"0.69";"2.0";"1.22";"1.65";"31.89";"1.86";"3.02";"9415.66";"104.62";"1145.27";"426.38";"45.68";"180.3";"10.48";"606.68";"56.15";"111.26";"5.97";"87.06";"15.92";"4.5";"1.89";"30.07"
"Hassane Kamara";"H. Kamara";"12821";"1994-03-05";"Udinese";"148";"ITA - Serie A";"5";"2025/2026";"129";"LWB";"Full Back";"90.79";"11";"0";"10001.64";"110.16";"1427.0";"668.64";"65.64";"303.0";"15.73";"971.64";"81.36";"30.09";"31.24";"109.91";"8.91";"89.45";"18.09";"7.0";"0.57";"0.61";"2.64";"1.08";"1.21";"45.27";"1.8";"2.73";"9914.67";"110.16";"1414.59";"662.82";"65.07";"300.37";"15.59";"963.19";"80.66";"108.95";"8.83";"88.68";"17.93";"6.94";"2.61";"44.88"
"Jaka Bijol";"J. Bijol";"12830";"1999-02-05";"Leeds United";"787";"ENG - Premier League";"1";"2025/2026";"129";"CB";"Central Defender";"94.2";"8";"0";"9731.5";"103.31";"1167.12";"385.88";"35.62";"114.12";"5.38";"500.0";"41.0";"28.8";"29.5";"107.62";"5.38";"86.75";"11.75";"2.5";"0.7";"0.83";"0.62";"1.62";"null";"23.5";"2.28";"3.06";"9297.61";"103.31";"1115.09";"368.67";"34.04";"109.04";"5.14";"477.71";"39.17";"102.83";"5.14";"82.88";"11.23";"2.39";"0.6";"22.45"
"Nikola Vlašić";"N. Vlašić";"12836";"1997-10-04";"Torino";"146";"ITA - Serie A";"5";"2025/2026";"129";"RM";"Midfield";"98.62";"8";"0";"11762.25";"119.27";"1896.12";"900.75";"78.62";"309.38";"15.25";"1210.12";"93.88";"29.56";"30.14";"124.25";"6.38";"101.75";"21.88";"4.5";"0.65";"0.68";"2.12";"1.3";"1.45";"52.38";"1.95";"2.69";"10734.29";"119.27";"1730.41";"822.03";"71.75";"282.34";"13.92";"1104.37";"85.67";"113.39";"5.82";"92.86";"19.96";"4.11";"1.94";"47.8"
"Rafael Alexandre Conceição Leão";"Rafael Leão";"12840";"1999-06-10";"Milan";"140";"ITA - Serie A";"5";"2025/2026";"129";"CF";"Center Forward";"89.09";"11";"0";"9250.0";"103.83";"1123.73";"564.91";"57.55";"222.36";"11.64";"787.27";"69.18";"29.47";"31.62";"94.82";"8.09";"74.55";"15.91";"6.36";"0.67";"0.68";"2.36";"1.2";"1.31";"35.73";"2.11";"2.82";"9344.55";"103.83";"1135.21";"570.68";"58.13";"224.64";"11.76";"795.32";"69.89";"95.79";"8.17";"75.31";"16.07";"6.43";"2.39";"36.09"
"Gabriel dos Santos Magalhães";"Gabriel Magalhaes";"12841";"1997-12-19";"Arsenal Football Club";"3";"ENG - Premier League";"1";"2025/2026";"129";"LCB";"Central Defender";"99.89";"18";"0";"10258.94";"102.7";"1315.17";"358.61";"33.06";"91.28";"4.61";"449.89";"37.67";"28.62";"30.6";"107.67";"5.94";"83.89";"11.39";"3.06";"0.69";"0.71";"0.89";"1.34";"1.45";"26.39";"1.97";"2.79";"9242.89";"102.7";"1184.91";"323.09";"29.78";"82.24";"4.15";"405.33";"33.94";"97.0";"5.36";"75.58";"10.26";"2.75";"0.8";"23.78"
"Oliver Skipp";"O. Skipp";"12923";"2000-09-16";"Leicester City";"62";"ENG - Championship";"31";"2025/2026";"129";"LDM";"Midfield";"91.51";"13";"0";"10213.92";"111.61";"1435.46";"489.77";"45.15";"119.15";"6.46";"608.92";"51.62";"28.51";"29.94";"95.0";"3.85";"82.69";"11.31";"2.38";"0.67";"0.83";"0.62";"1.47";"null";"25.38";"1.89";"2.94";"10044.93";"111.61";"1411.71";"481.67";"44.41";"117.18";"6.35";"598.85";"50.76";"93.43";"3.78";"81.32";"11.12";"2.35";"0.61";"24.96"
"Fabián Ruiz Peña";"Fabián Ruiz";"12924";"1996-04-03";"Paris Saint-Germain";"76";"FRA - Ligue 1";"3";"2025/2026";"129";"LM";"Midfield";"90.81";"8";"0";"10935.12";"120.42";"1652.0";"476.62";"39.25";"89.0";"4.62";"565.62";"43.88";"27.26";"28.02";"106.75";"3.0";"91.5";"12.5";"1.5";"0.78";"0.84";"0.5";"1.74";"null";"30.62";"2.07";"3.14";"10838.03";"120.42";"1637.33";"472.39";"38.9";"88.21";"4.58";"560.6";"43.49";"105.8";"2.97";"90.69";"12.39";"1.49";"0.5";"30.35"
"Loïc Nego";"L. Nego";"12932";"1991-01-15";"Le Havre AC";"69";"FRA - Ligue 1";"3";"2025/2026";"129";"RB";"Full Back";"94.81";"17";"0";"10195.24";"107.54";"1419.06";"490.76";"44.47";"116.06";"6.41";"606.82";"50.88";"27.29";"28.76";"99.65";"5.53";"83.0";"15.29";"4.18";"0.73";"0.73";"1.12";"1.43";"1.54";"32.82";"2.07";"2.78";"9678.42";"107.54";"1347.12";"465.89";"42.22";"110.18";"6.09";"576.06";"48.3";"94.6";"5.25";"78.79";"14.52";"3.96";"1.06";"31.16"
"Fraser Horsfall";"F. Horsfall";"12934";"1996-11-12";"Blackpool";"54";"ENG - League One";"101";"2025/2026";"129";"CB";"Central Defender";"99.19";"10";"0";"9625.2";"97.03";"1136.3";"315.6";"26.4";"43.3";"2.3";"358.9";"28.7";"26.76";"28.02";"112.5";"3.4";"82.5";"7.7";"1.7";"0.85";"1.01";"0.2";"null";"null";"14.2";"2.37";"3.14";"8732.98";"97.03";"1030.97";"286.35";"23.95";"39.29";"2.09";"325.63";"26.04";"102.07";"3.08";"74.85";"6.99";"1.54";"0.18";"12.88"
"Emile Smith Rowe";"E. Smith Rowe";"12941";"2000-07-28";"Fulham";"48";"ENG - Premier League";"1";"2025/2026";"129";"AM";"Midfield";"83.57";"9";"0";"9943.0";"118.97";"1636.56";"612.56";"59.33";"177.67";"10.44";"790.22";"69.78";"28.13";"29.02";"121.67";"5.89";"98.33";"18.89";"4.67";"0.7";"0.73";"0.78";"1.63";"null";"45.78";"2.0";"2.79";"10707.51";"118.97";"1762.39";"659.65";"63.9";"191.33";"11.25";"850.98";"75.14";"131.02";"6.34";"105.89";"20.34";"5.03";"0.84";"49.3"
"Odsonne Édouard";"O. Édouard";"12942";"1998-01-16";"RC Lens";"85";"FRA - Ligue 1";"3";"2025/2026";"129";"CF";"Center Forward";"72.42";"12";"0";"8161.42";"112.7";"1017.58";"416.58";"40.25";"147.25";"7.58";"563.83";"47.83";"29.54";"31.0";"79.75";"4.83";"69.67";"8.83";"3.17";"0.69";"0.73";"1.0";"1.41";"null";"35.67";"2.03";"2.84";"10143.07";"112.7";"1264.66";"517.73";"50.02";"183.0";"9.42";"700.74";"59.45";"99.11";"6.01";"86.58";"10.98";"3.94";"1.24";"44.33"
"Maxence Lacroix";"M. Lacroix";"12993";"2000-04-06";"Crystal Palace";"60";"ENG - Premier League";"1";"2025/2026";"129";"CB";"Central Defender";"100.29";"25";"0";"10202.84";"101.73";"1174.6";"434.24";"47.28";"196.12";"10.6";"630.36";"57.88";"30.67";"33.2";"113.72";"6.64";"89.4";"14.64";"4.36";"0.61";"0.72";"2.0";"1.16";"1.35";"25.08";"2.03";"2.69";"9155.64";"101.73";"1054.04";"389.67";"42.43";"175.99";"9.51";"565.66";"51.94";"102.05";"5.96";"80.22";"13.14";"3.91";"1.79";"22.51"
"Ermedin Demirović";"E. Demirović";"12995";"1998-03-25";"VfB Stuttgart";"115";"GER - Bundesliga";"6";"2025/2026";"129";"CF";"Center Forward";"84.39";"8";"0";"9229.38";"109.36";"1184.62";"565.75";"55.75";"148.62";"9.75";"714.38";"65.5";"28.3";"28.98";"98.0";"6.88";"78.75";"21.0";"4.38";"0.73";"0.96";"1.12";"1.39";"null";"35.5";"1.97";"2.99";"9842.72";"109.36";"1263.35";"603.35";"59.45";"158.5";"10.4";"761.85";"69.85";"104.51";"7.33";"83.98";"22.4";"4.67";"1.2";"37.86"
"Habib Mouhamadou Diallo";"H. Diallo";"13005";"1995-06-18";"FC Metz";"97";"FRA - Ligue 1";"3";"2025/2026";"129";"CF";"Center Forward";"97.91";"13";"0";"10401.92";"106.24";"1239.15";"580.31";"59.85";"215.54";"11.46";"795.85";"71.31";"29.85";"31.1";"98.54";"7.15";"83.0";"14.38";"5.54";"0.68";"0.72";"1.92";"1.26";"1.42";"41.77";"2.06";"2.71";"9561.54";"106.24";"1139.04";"533.42";"55.01";"198.12";"10.54";"731.55";"65.55";"90.58";"6.58";"76.29";"13.22";"5.09";"1.77";"38.39"
"Gauthier Hein";"G. Hein";"13007";"1996-08-07";"FC Metz";"97";"FRA - Ligue 1";"3";"2025/2026";"129";"AM";"Midfield";"97.9";"8";"0";"11600.0";"118.49";"1686.62";"545.0";"53.5";"171.12";"9.62";"716.12";"63.12";"28.43";"29.34";"99.88";"3.75";"92.12";"8.88";"2.88";"0.71";"0.71";"1.0";"1.37";"1.4";"38.75";"2.02";"2.96";"10664.4";"118.49";"1550.59";"501.04";"49.18";"157.32";"8.85";"658.37";"58.03";"91.82";"3.45";"84.69";"8.16";"2.64";"0.92";"35.62"
"John Egan";"J. Egan";"13017";"1992-10-20";"Hull City";"47";"ENG - Championship";"31";"2025/2026";"129";"RCB";"Central Defender";"100.59";"13";"0";"9792.31";"97.35";"1088.69";"326.08";"30.69";"90.54";"4.69";"416.62";"35.38";"28.35";"29.54";"100.69";"4.15";"77.23";"9.85";"2.15";"0.74";"0.83";"0.69";"1.67";"null";"19.69";"1.93";"3.0";"8761.3";"97.35";"974.07";"291.74";"27.46";"81.01";"4.2";"372.75";"31.66";"90.09";"3.72";"69.1";"8.81";"1.93";"0.62";"17.62"
"Saša Lukić";"S. Lukić";"13068";"1996-08-13";"Fulham";"48";"ENG - Premier League";"1";"2025/2026";"129";"RDM";"Midfield";"91.95";"9";"0";"11051.78";"120.19";"1947.67";"705.22";"63.89";"170.78";"11.22";"876.0";"75.11";"28.24";"28.76";"135.78";"7.0";"111.44";"21.11";"4.0";"0.63";"0.7";"1.0";"1.33";"1.41";"53.56";"1.97";"2.55";"10816.97";"120.19";"1906.29";"690.24";"62.53";"167.15";"10.98";"857.39";"73.52";"132.89";"6.85";"109.08";"20.66";"3.92";"0.98";"52.42"
"Oliver McBurnie";"O. McBurnie";"13074";"1996-06-04";"Hull City";"47";"ENG - Championship";"31";"2025/2026";"129";"CF";"Center Forward";"94.28";"18";"0";"9702.28";"102.91";"1366.5";"656.39";"57.06";"151.61";"9.78";"808.0";"66.83";"27.68";"29.14";"102.0";"8.72";"82.61";"17.22";"6.72";"0.7";"0.8";"1.28";"1.6";"1.75";"40.44";"1.84";"2.86";"9262.23";"102.91";"1304.52";"626.62";"54.47";"144.73";"9.33";"771.35";"63.8";"97.37";"8.33";"78.86";"16.44";"6.42";"1.22";"38.61"
"Laurent Abergel";"L. Abergel";"13142";"1993-02-01";"FC Lorient";"72";"FRA - Ligue 1";"3";"2025/2026";"129";"LM";"Midfield";"95.19";"14";"0";"11429.0";"120.07";"1586.43";"346.14";"30.5";"47.86";"2.64";"394.0";"33.14";"26.36";"27.86";"109.14";"3.86";"89.79";"10.07";"2.29";"0.71";"0.77";"0.14";"null";"null";"32.5";"1.88";"2.74";"10806.35";"120.07";"1500.0";"327.29";"28.84";"45.25";"2.5";"372.53";"31.34";"103.2";"3.65";"84.89";"9.52";"2.16";"0.14";"30.73"
"Lucien Jefferson Agoumé";"L. Agoumé";"13147";"2002-02-09";"Sevilla FC";"266";"ESP - LaLiga";"4";"2025/2026";"129";"RM";"Midfield";"95.67";"8";"0";"10461.0";"109.34";"1625.12";"446.25";"41.12";"68.12";"4.0";"514.38";"45.12";"26.24";"26.98";"110.75";"3.62";"93.5";"15.12";"2.0";"0.74";"0.81";"0.25";"null";"null";"35.62";"2.0";"2.79";"9840.5";"109.34";"1528.73";"419.78";"38.69";"64.08";"3.76";"483.86";"42.45";"104.18";"3.41";"87.95";"14.23";"1.88";"0.24";"33.51"
"Haris Belkebla";"H. Belkebla";"13162";"1994-01-28";"Angers SCO";"98";"FRA - Ligue 1";"3";"2025/2026";"129";"RDM";"Midfield";"91.94";"8";"0";"12214.75";"132.85";"2593.25";"638.5";"52.38";"64.62";"4.75";"703.12";"57.12";"26.12";"26.74";"137.62";"4.75";"115.12";"12.75";"3.12";"0.79";"0.79";"0.12";"null";"null";"50.88";"1.91";"2.81";"11956.79";"132.85";"2538.48";"625.02";"51.27";"63.26";"4.65";"688.28";"55.92";"134.72";"4.65";"112.69";"12.48";"3.06";"0.12";"49.8"
"Brendan Chardonnet";"B. Chardonnet";"13164";"1994-12-22";"Stade Brestois 29";"89";"FRA - Ligue 1";"3";"2025/2026";"129";"RCB";"Central Defender";"98.75";"18";"0";"9343.06";"94.62";"953.28";"296.83";"28.67";"63.78";"4.06";"360.61";"32.72";"27.53";"29.1";"95.61";"3.89";"76.89";"11.28";"1.83";"0.74";"0.79";"0.56";"1.5";"null";"17.83";"2.23";"3.02";"8515.43";"94.62";"868.83";"270.54";"26.13";"58.13";"3.7";"328.67";"29.82";"87.14";"3.54";"70.08";"10.28";"1.67";"0.51";"16.25"
"Boulaye Dia";"B. Dia";"13183";"1996-11-16";"Lazio";"133";"ITA - Serie A";"5";"2025/2026";"129";"CF";"Center Forward";"76.95";"9";"0";"9414.11";"122.34";"1516.44";"564.89";"55.89";"189.33";"11.56";"754.22";"67.44";"29.28";"30.16";"100.33";"7.67";"81.44";"14.67";"5.89";"0.72";"0.74";"1.33";"1.44";"null";"38.56";"2.06";"2.81";"11010.92";"122.34";"1773.66";"660.7";"65.37";"221.45";"13.52";"882.15";"78.88";"117.35";"8.97";"95.26";"17.15";"6.89";"1.56";"45.1"
"Vitaliy Mykolenko";"V. Mykolenko";"13290";"1999-05-29";"Everton";"41";"ENG - Premier League";"1";"2025/2026";"129";"LB";"Full Back";"98.08";"20";"0";"10925.75";"111.4";"1536.75";"692.35";"67.8";"243.55";"14.55";"935.9";"82.35";"29.21";"30.64";"123.0";"9.75";"101.95";"24.05";"7.65";"0.65";"0.67";"3.0";"1.26";"1.32";"43.65";"1.79";"2.55";"10025.84";"111.4";"1410.17";"635.32";"62.22";"223.49";"13.35";"858.81";"75.57";"112.87";"8.95";"93.55";"22.07";"7.02";"2.75";"40.05"
"Carlens Arcus";"C. Arcus";"13339";"1996-06-28";"Angers SCO";"98";"FRA - Ligue 1";"3";"2025/2026";"129";"RB";"Full Back";"92.02";"16";"0";"10481.5";"113.91";"1544.44";"667.88";"65.5";"232.12";"14.0";"900.0";"79.5";"28.93";"30.28";"125.62";"7.0";"100.06";"21.81";"5.31";"0.7";"0.74";"2.38";"1.31";"1.5";"41.06";"2.05";"2.64";"10251.78";"113.91";"1510.59";"653.24";"64.06";"227.04";"13.69";"880.28";"77.76";"122.87";"6.85";"97.87";"21.33";"5.2";"2.32";"40.16"
"Pape Alassane Gueye";"P. Gueye";"13374";"1999-01-24";"Villarreal CF";"260";"ESP - LaLiga";"4";"2025/2026";"129";"LM";"Midfield";"82.57";"8";"0";"9734.75";"117.89";"1451.12";"378.75";"31.5";"57.75";"3.12";"436.5";"34.62";"26.27";"26.88";"95.62";"3.88";"80.5";"10.38";"2.38";"0.72";"0.84";"0.25";"null";"null";"27.5";"2.14";"2.81";"10610.35";"117.89";"1581.65";"412.82";"34.33";"62.94";"3.41";"475.76";"37.74";"104.23";"4.22";"87.74";"11.31";"2.59";"0.27";"29.97"
"Joe Powell";"J. Powell";"13377";"1998-10-30";"Rotherham United";"750";"ENG - League One";"101";"2025/2026";"129";"LM";"Midfield";"96.65";"11";"0";"11182.36";"115.7";"1767.27";"603.55";"55.36";"130.0";"8.0";"733.55";"63.36";"28.35";"29.14";"109.82";"4.82";"90.73";"13.36";"2.91";"0.61";"0.69";"0.55";"1.53";"1.55";"40.18";"1.91";"2.64";"10412.96";"115.7";"1645.68";"562.02";"51.55";"121.06";"7.45";"683.07";"59.0";"102.26";"4.49";"84.48";"12.44";"2.71";"0.51";"37.42"
"Conor Coventry";"C. Coventry";"13378";"2000-03-25";"Charlton Athletic";"877";"ENG - Championship";"31";"2025/2026";"129";"DM";"Midfield";"87.93";"10";"0";"10600.5";"120.55";"1839.1";"620.5";"53.1";"112.1";"6.6";"732.6";"59.7";"26.64";"27.28";"114.3";"4.1";"99.3";"12.3";"2.6";"0.74";"0.76";"0.4";"2.19";"2.19";"45.7";"1.96";"2.79";"10849.64";"120.55";"1882.32";"635.08";"54.35";"114.73";"6.76";"749.82";"61.1";"116.99";"4.2";"101.63";"12.59";"2.66";"0.41";"46.77"
"Conor Coventry";"C. Coventry";"13378";"2000-03-25";"Charlton Athletic";"877";"ENG - Championship";"31";"2025/2026";"129";"RM";"Midfield";"90.88";"8";"0";"10813.5";"118.98";"1980.12";"659.38";"50.88";"89.38";"5.5";"748.75";"56.38";"26.59";"27.1";"116.0";"4.12";"100.12";"12.75";"2.25";"0.7";"0.76";"0.62";"1.65";"null";"49.12";"2.03";"2.58";"10708.4";"118.98";"1960.88";"652.97";"50.38";"88.51";"5.45";"741.47";"55.83";"114.87";"4.08";"99.15";"12.63";"2.23";"0.62";"48.65"
"Han-Noah Massengo";"H. Massengo";"13410";"2001-07-07";"FC Augsburg";"123";"GER - Bundesliga";"6";"2025/2026";"129";"LM";"Midfield";"94.24";"11";"0";"11265.09";"119.54";"1742.82";"656.27";"60.91";"168.0";"10.55";"824.27";"71.45";"28.36";"29.3";"121.73";"5.64";"106.91";"17.73";"4.0";"0.61";"0.66";"2.0";"1.22";"1.29";"43.82";"2.1";"2.67";"10758.67";"119.54";"1664.47";"626.77";"58.17";"160.45";"10.07";"787.22";"68.24";"116.26";"5.38";"102.1";"16.93";"3.82";"1.91";"41.85"
"Han-Noah Massengo";"H. Massengo";"13410";"2001-07-07";"FC Augsburg";"123";"GER - Bundesliga";"6";"2025/2026";"129";"RM";"Midfield";"93.47";"8";"0";"11311.62";"121.02";"1686.62";"627.25";"55.0";"165.0";"9.75";"792.25";"64.75";"28.48";"29.16";"121.0";"4.5";"106.38";"17.12";"2.62";"0.69";"0.72";"0.5";"1.53";"null";"38.12";"2.09";"2.89";"10892.08";"121.02";"1624.07";"603.99";"52.96";"158.88";"9.39";"762.87";"62.35";"116.51";"4.33";"102.43";"16.49";"2.53";"0.48";"36.71"
"Juan Miranda González";"Juan Miranda";"13431";"2000-01-19";"Bologna";"141";"ITA - Serie A";"5";"2025/2026";"129";"LB";"Full Back";"95.93";"17";"0";"10691.18";"111.45";"1638.71";"708.35";"64.82";"237.94";"13.53";"946.29";"78.35";"28.9";"30.22";"114.65";"6.76";"96.29";"15.41";"4.59";"0.62";"0.65";"1.59";"1.34";"1.49";"36.06";"1.95";"2.55";"10030.56";"111.45";"1537.45";"664.58";"60.82";"223.24";"12.69";"887.82";"73.51";"107.56";"6.35";"90.34";"14.46";"4.3";"1.49";"33.83"
"Japhet Tanganga";"J. Tanganga";"13440";"1999-03-31";"Sheffield United";"746";"ENG - Championship";"31";"2025/2026";"129";"RCB";"Central Defender";"98.67";"15";"0";"9693.47";"98.24";"1174.47";"362.73";"32.8";"90.13";"5.07";"452.87";"37.87";"27.27";"28.96";"109.4";"4.73";"84.4";"11.4";"3.0";"0.69";"0.8";"0.67";"1.5";"1.84";"19.2";"2.01";"2.81";"8841.81";"98.24";"1071.28";"330.86";"29.92";"82.21";"4.62";"413.08";"34.54";"99.79";"4.32";"76.98";"10.4";"2.74";"0.61";"17.51"
"Sebastiano Luperto";"S. Luperto";"13446";"1996-09-06";"Cagliari";"132";"ITA - Serie A";"5";"2025/2026";"129";"LCB";"Central Defender";"98.74";"13";"0";"9756.62";"98.81";"991.85";"296.38";"31.77";"90.23";"5.46";"386.62";"37.23";"28.26";"29.92";"106.92";"4.85";"83.69";"11.62";"2.38";"0.67";"0.78";"0.54";"1.25";"null";"20.23";"2.02";"2.93";"8892.91";"98.81";"904.04";"270.15";"28.96";"82.24";"4.98";"352.39";"33.93";"97.46";"4.42";"76.28";"10.59";"2.17";"0.49";"18.44"
"Ryan Gravenberch";"R. Gravenberch";"13486";"2002-05-16";"Liverpool Football Club";"2";"ENG - Premier League";"1";"2025/2026";"129";"RDM";"Midfield";"98.96";"22";"0";"10593.82";"107.05";"1502.73";"462.82";"43.73";"137.41";"6.36";"600.23";"50.09";"28.53";"30.58";"124.09";"5.09";"105.09";"13.23";"3.41";"0.64";"0.7";"1.18";"1.32";"1.45";"30.23";"1.85";"2.9";"9634.5";"107.05";"1366.65";"420.91";"39.77";"124.97";"5.79";"545.87";"45.55";"112.85";"4.63";"95.57";"12.03";"3.1";"1.07";"27.49"
"Jurgen Ekkelenkamp";"J. Ekkelenkamp";"13488";"2000-04-05";"Udinese";"148";"ITA - Serie A";"5";"2025/2026";"129";"LM";"Midfield";"81.69";"8";"0";"10088.5";"123.5";"1744.0";"778.62";"66.75";"219.88";"12.38";"998.5";"79.12";"28.86";"29.4";"106.12";"4.38";"84.88";"16.0";"3.12";"0.76";"0.83";"0.38";"null";"null";"50.62";"1.85";"2.77";"11115.1";"123.5";"1921.47";"857.86";"73.54";"242.25";"13.63";"1100.11";"87.18";"116.92";"4.82";"93.51";"17.63";"3.44";"0.41";"55.78"
"Sven Botman";"S. Botman";"13491";"2000-01-12";"Newcastle United";"32";"ENG - Premier League";"1";"2025/2026";"129";"LCB";"Central Defender";"94.68";"9";"0";"9970.67";"105.31";"1285.11";"447.78";"40.33";"157.89";"8.22";"605.67";"48.56";"29.4";"29.92";"100.67";"5.0";"78.67";"11.67";"2.11";"0.79";"0.85";"0.67";"1.62";"null";"23.89";"2.11";"3.2";"9477.49";"105.31";"1221.55";"425.63";"38.34";"150.08";"7.82";"575.71";"46.15";"95.69";"4.75";"74.78";"11.09";"2.01";"0.63";"22.71"
"Torbjørn Lysaker Heggem";"T. Heggem";"13528";"1999-01-12";"Bologna";"141";"ITA - Serie A";"5";"2025/2026";"129";"LCB";"Central Defender";"97.42";"9";"0";"10706.11";"109.9";"1344.33";"443.33";"43.11";"170.44";"8.56";"613.78";"51.67";"29.5";"30.1";"99.78";"5.22";"82.11";"12.0";"3.56";"0.69";"0.69";"1.22";"1.39";"1.46";"32.0";"1.96";"2.8";"9890.64";"109.9";"1241.94";"409.57";"39.83";"157.46";"7.9";"567.03";"47.73";"92.18";"4.82";"75.86";"11.09";"3.28";"1.13";"29.56"
"Torbjørn Lysaker Heggem";"T. Heggem";"13528";"1999-01-12";"Bologna";"141";"ITA - Serie A";"5";"2025/2026";"129";"RCB";"Central Defender";"96.15";"11";"0";"10497.73";"109.18";"1293.55";"437.45";"41.45";"128.82";"7.18";"566.27";"48.64";"28.93";"29.98";"98.73";"4.82";"81.91";"10.45";"2.09";"0.8";"1.02";"0.09";"null";"null";"28.55";"1.78";"2.94";"9826.11";"109.18";"1210.79";"409.47";"38.8";"120.58";"6.72";"530.04";"45.52";"92.41";"4.51";"76.67";"9.79";"1.96";"0.09";"26.72"
"Rasmus Nicolaisen";"R. Nicolaisen";"13544";"1997-03-16";"Toulouse FC";"74";"FRA - Ligue 1";"3";"2025/2026";"129";"LCB";"Central Defender";"93.19";"18";"0";"10139.06";"108.8";"1298.0";"425.39";"36.94";"98.89";"6.22";"524.28";"43.17";"28.19";"30.08";"111.89";"4.5";"86.61";"10.11";"2.39";"0.62";"0.69";"0.33";"1.51";"null";"27.11";"2.02";"2.8";"9791.61";"108.8";"1253.52";"410.81";"35.68";"95.5";"6.01";"506.31";"41.69";"108.05";"4.35";"83.64";"9.76";"2.31";"0.32";"26.18"
"Jens-Lys Michel Cajuste";"J. Cajuste";"13554";"1999-08-10";"Ipswich Town";"752";"ENG - Championship";"31";"2025/2026";"129";"LDM";"Midfield";"72.63";"12";"0";"8323.5";"114.59";"1387.42";"419.42";"36.0";"88.67";"4.58";"508.08";"40.58";"27.72";"28.98";"85.25";"3.58";"71.08";"9.42";"1.92";"0.64";"0.75";"0.67";"1.49";"null";"25.83";"1.96";"2.97";"10313.46";"114.59";"1719.12";"519.69";"44.61";"109.86";"5.68";"629.55";"50.29";"105.63";"4.44";"88.08";"11.67";"2.37";"0.83";"32.01"
"Nicolas Martin Hautorp Madsen";"N. Madsen";"13555";"2000-03-17";"Queens Park Rangers";"56";"ENG - Championship";"31";"2025/2026";"129";"LDM";"Midfield";"95.29";"10";"0";"10544.1";"110.65";"1573.0";"478.8";"38.9";"80.6";"4.6";"559.4";"43.5";"26.98";"28.02";"110.7";"5.0";"91.5";"12.7";"2.9";"0.71";"0.79";"0.7";"1.51";"null";"25.2";"2.08";"2.96";"9958.92";"110.65";"1485.7";"452.23";"36.74";"76.13";"4.34";"528.35";"41.09";"104.56";"4.72";"86.42";"12.0";"2.74";"0.66";"23.8"
"Nicolas Martin Hautorp Madsen";"N. Madsen";"13555";"2000-03-17";"Queens Park Rangers";"56";"ENG - Championship";"31";"2025/2026";"129";"LM";"Midfield";"99.41";"15";"0";"11033.07";"110.98";"1627.0";"557.4";"50.67";"148.13";"8.4";"705.53";"59.07";"28.22";"29.46";"118.6";"6.33";"96.33";"16.27";"4.27";"0.66";"0.73";"1.07";"1.31";"1.53";"29.4";"1.93";"2.71";"9988.47";"110.98";"1472.96";"504.63";"45.87";"134.11";"7.6";"638.73";"53.47";"107.37";"5.73";"87.21";"14.73";"3.86";"0.97";"26.62"
"Lovro Majer";"L. Majer";"13579";"1998-01-17";"VfL Wolfsburg";"106";"GER - Bundesliga";"6";"2025/2026";"129";"AM";"Midfield";"80.63";"11";"0";"10644.27";"132.01";"2303.27";"880.27";"69.0";"203.73";"11.64";"1084.0";"80.64";"27.74";"29.02";"112.45";"4.91";"95.27";"18.09";"3.73";"0.71";"0.79";"1.18";"1.47";"null";"57.0";"1.94";"2.79";"11880.97";"132.01";"2570.88";"982.55";"77.02";"227.4";"12.99";"1209.94";"90.01";"125.52";"5.48";"106.34";"20.19";"4.16";"1.32";"63.62"
"Amir Rrahmani";"A. Rrahmani";"13580";"1994-02-24";"Napoli";"143";"ITA - Serie A";"5";"2025/2026";"129";"CB";"Central Defender";"91.43";"11";"0";"10032.0";"109.72";"1216.18";"373.09";"32.18";"84.55";"4.73";"457.64";"36.91";"27.8";"28.6";"100.64";"3.73";"81.73";"8.0";"2.18";"0.74";"0.81";"0.18";"null";"null";"24.73";"2.11";"2.93";"9875.06";"109.72";"1197.16";"367.25";"31.68";"83.22";"4.65";"450.48";"36.33";"99.06";"3.67";"80.45";"7.87";"2.15";"0.18";"24.34"
"Nikola Moro";"N. Moro";"13586";"1998-03-12";"Bologna";"141";"ITA - Serie A";"5";"2025/2026";"129";"RDM";"Midfield";"86.98";"9";"0";"10000.78";"114.98";"1368.89";"430.78";"41.89";"108.33";"6.0";"539.11";"47.89";"27.99";"28.78";"98.89";"4.0";"82.44";"9.33";"2.89";"0.76";"0.82";"1.0";"1.59";"1.7";"33.67";"2.1";"3.21";"10348.5";"114.98";"1416.48";"445.76";"43.35";"112.1";"6.21";"557.86";"49.55";"102.33";"4.14";"85.31";"9.66";"2.99";"1.03";"34.84"
"Dominik Szoboszlai";"D. Szoboszlai";"13589";"2000-10-25";"Liverpool Football Club";"2";"ENG - Premier League";"1";"2025/2026";"129";"AM";"Midfield";"100.76";"8";"0";"11601.62";"115.14";"1782.62";"787.12";"74.25";"344.5";"17.38";"1131.62";"91.62";"30.12";"31.02";"120.12";"6.38";"90.38";"19.25";"4.88";"0.63";"0.66";"2.0";"1.33";"1.36";"49.5";"1.9";"2.68";"10362.66";"115.14";"1592.25";"703.07";"66.32";"307.71";"15.52";"1010.78";"81.84";"107.3";"5.69";"80.72";"17.19";"4.35";"1.79";"44.21"
"Romano Schmid";"R. Schmid";"13592";"2000-01-27";"SV Werder Bremen";"111";"GER - Bundesliga";"6";"2025/2026";"129";"AM";"Midfield";"96.54";"9";"0";"11162.44";"115.63";"1711.44";"685.56";"64.56";"214.33";"12.67";"899.89";"77.22";"29.1";"30.12";"110.33";"6.0";"94.67";"16.44";"4.67";"0.63";"0.71";"1.44";"1.25";"1.4";"44.11";"1.9";"2.9";"10406.38";"115.63";"1595.52";"639.12";"60.18";"199.82";"11.81";"838.94";"71.99";"102.86";"5.59";"88.25";"15.33";"4.35";"1.35";"41.12"
"Lukas Fadinger";"L. Fadinger";"13602";"2000-09-27";"Motherwell";"243";"SCO - Premiership";"18";"2025/2026";"129";"RDM";"Midfield";"94.06";"11";"0";"11938.18";"126.92";"2251.09";"533.09";"46.45";"120.64";"6.91";"653.73";"53.36";"27.95";"28.92";"115.73";"3.82";"102.27";"11.64";"2.09";"0.68";"0.68";"0.64";"1.47";"null";"38.18";"2.01";"2.61";"11422.44";"126.92";"2153.84";"510.06";"44.45";"115.42";"6.61";"625.49";"51.06";"110.73";"3.65";"97.85";"11.13";"2.0";"0.61";"36.53"
"Robbie Deas";"R. Deas";"13666";"2000-02-27";"Kilmarnock";"244";"SCO - Premiership";"18";"2025/2026";"129";"LCB";"Central Defender";"93.89";"18";"0";"9866.61";"105.09";"1212.22";"355.0";"32.72";"85.17";"4.61";"440.17";"37.33";"27.41";"29.2";"106.33";"5.22";"81.06";"10.44";"2.67";"0.7";"0.75";"0.33";"1.49";"null";"27.06";"1.93";"2.73";"9458.12";"105.09";"1162.03";"340.3";"31.37";"81.64";"4.42";"421.94";"35.79";"101.93";"5.01";"77.7";"10.01";"2.56";"0.32";"25.94"
"Stephen Welsh";"S. Welsh";"13668";"2000-01-19";"Motherwell";"243";"SCO - Premiership";"18";"2025/2026";"129";"LCB";"Central Defender";"93.09";"14";"0";"9175.79";"98.57";"1048.86";"336.71";"32.5";"90.86";"5.0";"427.57";"37.5";"28.29";"29.62";"99.43";"4.21";"79.07";"7.71";"2.64";"0.67";"null";"0.71";"1.5";"null";"17.5";"2.33";"2.93";"8871.5";"98.57";"1014.08";"325.55";"31.42";"87.84";"4.83";"413.39";"36.26";"96.13";"4.07";"76.45";"7.46";"2.56";"0.69";"16.92"
"Mikey Johnston";"M. Johnston";"13675";"1999-04-19";"West Bromwich Albion";"34";"ENG - Championship";"31";"2025/2026";"129";"LW";"Wide Attacker";"86.37";"11";"0";"9537.73";"110.42";"1403.18";"573.64";"62.64";"250.36";"13.27";"824.0";"75.91";"30.09";"31.46";"106.18";"11.09";"90.09";"16.91";"8.27";"0.63";"0.69";"2.82";"1.18";"1.29";"43.09";"2.02";"2.65";"9938.1";"110.42";"1462.08";"597.72";"65.27";"260.87";"13.83";"858.59";"79.1";"110.64";"11.56";"93.87";"17.62";"8.62";"2.94";"44.9"
"Mikey Johnston";"M. Johnston";"13675";"1999-04-19";"West Bromwich Albion";"34";"ENG - Championship";"31";"2025/2026";"129";"RW";"Wide Attacker";"92.53";"8";"0";"9622.62";"103.99";"1341.75";"598.88";"64.38";"260.62";"13.12";"859.5";"77.5";"30.15";"31.12";"111.5";"9.88";"90.75";"18.0";"7.0";"0.66";"0.75";"2.12";"1.2";"1.51";"35.75";"2.07";"2.8";"9359.39";"103.99";"1305.05";"582.49";"62.61";"253.5";"12.77";"835.99";"75.38";"108.45";"9.6";"88.27";"17.51";"6.81";"2.07";"34.77"
"Ferdi Kadıoğlu";"F. Kadıoğlu";"13764";"1999-10-07";"Brighton and Hove Albion";"308";"ENG - Premier League";"1";"2025/2026";"129";"LB";"Full Back";"95.49";"16";"0";"10531.44";"110.29";"1506.69";"692.12";"68.44";"318.19";"16.5";"1010.31";"84.94";"30.41";"31.68";"117.94";"8.56";"96.19";"18.44";"6.75";"0.63";"0.65";"3.06";"1.15";"1.15";"36.56";"1.93";"2.57";"9925.89";"110.29";"1420.05";"652.33";"64.5";"299.89";"15.55";"952.22";"80.05";"111.16";"8.07";"90.66";"17.38";"6.36";"2.89";"34.46"
"Mousa Mohammad Suleiman Al Tamari";"Mousa Al Tamari";"13818";"1997-06-10";"Stade Rennais FC";"79";"FRA - Ligue 1";"3";"2025/2026";"129";"LWB";"Full Back";"87.35";"11";"0";"9407.36";"107.7";"1209.64";"625.64";"71.64";"418.0";"19.82";"1043.64";"91.45";"31.65";"32.8";"96.45";"9.09";"78.73";"18.73";"7.36";"0.62";"0.64";"3.18";"1.16";"1.2";"43.91";"1.77";"2.67";"9692.59";"107.7";"1246.31";"644.61";"73.81";"430.67";"20.42";"1075.28";"94.23";"99.38";"9.37";"81.11";"19.3";"7.59";"3.28";"45.24"
"Alejandro Moreno Lopera";"Álex Moreno";"13878";"1993-06-08";"Girona FC";"348";"ESP - LaLiga";"4";"2025/2026";"129";"LB";"Full Back";"97.71";"18";"0";"11149.0";"114.1";"1509.17";"642.39";"65.89";"265.11";"14.61";"907.5";"80.5";"30.08";"31.62";"120.61";"7.94";"99.94";"18.5";"5.94";"0.61";"0.63";"2.5";"1.07";"1.15";"43.83";"1.81";"2.59";"10268.76";"114.1";"1390.01";"591.67";"60.69";"244.18";"13.46";"835.85";"74.14";"111.09";"7.32";"92.05";"17.04";"5.48";"2.3";"40.37"
"Santiago Comesaña Veiga";"Santi Comesaña";"13881";"1996-10-05";"Villarreal CF";"260";"ESP - LaLiga";"4";"2025/2026";"129";"RM";"Midfield";"92.12";"13";"0";"11485.23";"124.68";"2135.62";"678.15";"58.38";"201.69";"9.54";"879.85";"67.92";"28.52";"29.34";"125.85";"4.0";"109.46";"15.69";"2.31";"0.77";"0.9";"0.69";"1.62";"null";"48.77";"1.89";"2.74";"11221.48";"124.68";"2086.57";"662.58";"57.04";"197.06";"9.32";"859.64";"66.36";"122.96";"3.91";"106.95";"15.33";"2.25";"0.68";"47.65"
"Gorka Guruzeta Rodríguez";"Gorka Guruzeta";"13902";"1996-09-12";"Athletic Club de Bilbao";"273";"ESP - LaLiga";"4";"2025/2026";"129";"CF";"Center Forward";"81.25";"15";"0";"9028.53";"111.13";"1436.6";"554.93";"48.93";"115.0";"7.4";"669.93";"56.33";"27.5";"28.42";"97.33";"5.6";"77.8";"14.67";"3.33";"0.65";"0.9";"0.73";"1.61";"2.02";"46.8";"1.92";"2.62";"10001.38";"111.13";"1591.4";"614.73";"54.21";"127.39";"8.2";"742.12";"62.4";"107.82";"6.2";"86.18";"16.25";"3.69";"0.81";"51.84"
"Daniel Vivian Moreno";"Dani Vivian";"13903";"1999-07-05";"Athletic Club de Bilbao";"273";"ESP - LaLiga";"4";"2025/2026";"129";"RCB";"Central Defender";"95.52";"19";"0";"10137.84";"106.13";"1201.42";"491.37";"49.84";"190.42";"11.21";"681.79";"61.05";"29.56";"30.62";"112.42";"6.47";"86.53";"17.11";"4.89";"0.63";"0.77";"1.79";"1.35";"1.49";"35.11";"2.04";"2.63";"9551.79";"106.13";"1131.97";"462.96";"46.96";"179.41";"10.56";"642.38";"57.52";"105.92";"6.1";"81.52";"16.12";"4.61";"1.69";"33.08"
"Igor Zubeldía Elorza";"Igor Zubeldía";"13907";"1997-03-30";"Real Sociedad";"282";"ESP - LaLiga";"4";"2025/2026";"129";"LCB";"Central Defender";"100.16";"8";"0";"10279.0";"102.63";"1366.62";"421.25";"39.88";"110.0";"5.62";"531.25";"45.5";"27.52";"28.22";"113.0";"6.75";"90.5";"15.38";"3.25";"0.7";"0.79";"0.75";"1.61";"null";"30.0";"2.2";"3.0";"9236.28";"102.63";"1227.99";"378.52";"35.83";"98.84";"5.05";"477.36";"40.88";"101.54";"6.07";"81.32";"13.82";"2.92";"0.67";"26.96"
"Igor Zubeldía Elorza";"Igor Zubeldía";"13907";"1997-03-30";"Real Sociedad";"282";"ESP - LaLiga";"4";"2025/2026";"129";"RCB";"Central Defender";"99.59";"9";"0";"10412.11";"104.55";"1327.67";"458.89";"43.89";"152.0";"8.44";"610.89";"52.33";"28.9";"29.54";"121.78";"6.44";"97.0";"16.44";"4.11";"0.65";"0.66";"1.22";"1.29";"1.37";"31.22";"1.89";"3.21";"9409.58";"104.55";"1199.83";"414.7";"39.66";"137.36";"7.63";"552.07";"47.29";"110.05";"5.82";"87.66";"14.86";"3.72";"1.1";"28.22"
"Brais Méndez Portela";"Brais Méndez";"13926";"1997-01-07";"Real Sociedad";"282";"ESP - LaLiga";"4";"2025/2026";"129";"RM";"Midfield";"82.61";"9";"0";"9620.11";"116.46";"1475.11";"489.11";"40.78";"88.22";"4.78";"577.33";"45.56";"26.91";"27.32";"93.78";"2.89";"76.0";"13.56";"1.44";"0.82";"null";"0.67";"1.54";"null";"32.22";"1.91";"3.02";"10481.02";"116.46";"1607.12";"532.88";"44.43";"96.12";"5.21";"629.0";"49.63";"102.17";"3.15";"82.8";"14.77";"1.57";"0.73";"35.11"
"Borja Iglesias Quintas";"Borja Iglesias";"13930";"1993-01-17";"RC Celta de Vigo";"285";"ESP - LaLiga";"4";"2025/2026";"129";"CF";"Center Forward";"84.61";"12";"0";"9444.08";"111.62";"1315.5";"470.83";"44.75";"129.0";"7.08";"599.83";"51.83";"28.26";"29.44";"99.17";"5.08";"83.58";"11.5";"3.0";"0.75";"0.86";"1.42";"1.42";"null";"37.42";"1.77";"2.8";"10045.58";"111.62";"1399.28";"500.82";"47.6";"137.22";"7.53";"638.04";"55.13";"105.48";"5.41";"88.91";"12.23";"3.19";"1.51";"39.8"
"Marc Roca Junqué";"Marc Roca";"13933";"1996-11-26";"Real Betis Balompié";"269";"ESP - LaLiga";"4";"2025/2026";"129";"LDM";"Midfield";"96.56";"8";"0";"11229.25";"116.29";"1915.38";"572.38";"48.62";"103.62";"6.38";"676.0";"55.0";"26.8";"27.2";"125.38";"3.75";"105.5";"12.75";"1.5";"0.81";"0.87";"0.12";"null";"null";"35.75";"2.3";"2.94";"10466.1";"116.29";"1785.2";"533.48";"45.32";"96.58";"5.94";"630.06";"51.26";"116.85";"3.5";"98.33";"11.88";"1.4";"0.12";"33.32"
"Fernando Calero Villa";"Fernando Calero";"13938";"1995-09-14";"RCD Espanyol";"271";"ESP - LaLiga";"4";"2025/2026";"129";"RCB";"Central Defender";"93.58";"16";"0";"9974.19";"106.59";"1276.75";"357.75";"33.31";"85.31";"5.44";"443.06";"38.75";"28.24";"29.9";"104.62";"4.25";"81.19";"12.25";"2.56";"0.75";"0.76";"0.25";"null";"null";"30.5";"2.13";"2.82";"9592.7";"106.59";"1227.92";"344.07";"32.04";"82.05";"5.23";"426.12";"37.27";"100.62";"4.09";"78.08";"11.78";"2.46";"0.24";"29.33"
"Djené Dakonam Ortega";"Djené";"13965";"1991-12-31";"Getafe CF";"268";"ESP - LaLiga";"4";"2025/2026";"129";"LCB";"Central Defender";"99.56";"8";"0";"9541.12";"95.84";"1094.25";"404.62";"42.75";"155.88";"9.25";"560.5";"52.0";"28.94";"29.44";"111.62";"7.12";"89.88";"16.25";"5.75";"0.65";"0.75";"2.25";"1.33";"null";"26.12";"2.17";"2.79";"8625.29";"95.84";"989.21";"365.79";"38.65";"140.91";"8.36";"506.7";"47.01";"100.91";"6.44";"81.25";"14.69";"5.2";"2.03";"23.62"
"Leandro Daniel Cabrera Sasía";"L. Cabrera";"13966";"1991-06-17";"RCD Espanyol";"271";"ESP - LaLiga";"4";"2025/2026";"129";"LCB";"Central Defender";"99.48";"21";"0";"9785.33";"98.36";"1085.38";"326.43";"31.24";"93.71";"5.24";"420.14";"36.48";"28.33";"30.2";"106.76";"4.57";"83.67";"10.43";"2.86";"0.69";"0.7";"0.86";"1.26";"1.38";"19.14";"2.01";"2.84";"8852.61";"98.36";"981.92";"295.31";"28.26";"84.78";"4.74";"380.1";"33.0";"96.59";"4.14";"75.69";"9.43";"2.58";"0.78";"17.32"
"Hugo Duro Perales";"Hugo Duro";"13972";"1999-11-10";"Valencia CF";"257";"ESP - LaLiga";"4";"2025/2026";"129";"CF";"Center Forward";"85.48";"14";"0";"9411.43";"110.1";"1356.14";"605.79";"57.36";"196.57";"12.14";"802.36";"69.5";"28.66";"30.06";"101.93";"6.57";"83.29";"15.86";"4.57";"0.74";"0.82";"1.43";"1.47";"1.6";"49.71";"1.79";"2.71";"9908.56";"110.1";"1427.78";"637.78";"60.39";"206.95";"12.78";"844.74";"73.17";"107.31";"6.92";"87.69";"16.69";"4.81";"1.5";"52.34"
"Enrique García Martínez";"Kike García";"13977";"1989-11-25";"RCD Espanyol";"271";"ESP - LaLiga";"4";"2025/2026";"129";"CF";"Center Forward";"77.2";"8";"0";"9293.62";"120.38";"1610.12";"686.5";"63.62";"180.12";"11.88";"866.62";"75.5";"28.21";"28.72";"103.0";"6.75";"84.62";"15.25";"3.88";"0.72";"0.81";"0.88";"1.91";"null";"48.12";"2.08";"2.83";"10834.54";"120.38";"1877.09";"800.32";"74.17";"209.99";"13.84";"1010.31";"88.02";"120.08";"7.87";"98.66";"17.78";"4.52";"1.02";"56.1"
"Marc Cucurella Saseta";"Marc Cucurella";"13978";"1998-07-22";"Chelsea";"49";"ENG - Premier League";"1";"2025/2026";"129";"LB";"Full Back";"96.97";"20";"0";"10400.85";"107.26";"1432.55";"652.5";"63.9";"235.6";"13.2";"888.1";"77.1";"29.46";"31.14";"117.75";"9.45";"91.25";"24.55";"6.6";"0.57";"0.62";"1.8";"1.2";"1.39";"40.05";"1.86";"2.51";"9653.42";"107.26";"1329.6";"605.61";"59.31";"218.67";"12.25";"824.28";"71.56";"109.29";"8.77";"84.69";"22.79";"6.13";"1.67";"37.17"
"Pere Milla Peña";"Pere Milla";"13979";"1992-09-23";"RCD Espanyol";"271";"ESP - LaLiga";"4";"2025/2026";"129";"LW";"Wide Attacker";"81.72";"9";"0";"10173.44";"124.49";"1732.22";"903.33";"79.89";"303.11";"16.78";"1206.44";"96.67";"28.49";"29.1";"111.22";"6.0";"87.22";"22.89";"5.22";"0.81";"0.85";"2.44";"1.5";"1.75";"53.33";"1.92";"2.64";"11204.44";"124.49";"1907.77";"994.88";"87.98";"333.83";"18.48";"1328.71";"106.46";"122.49";"6.61";"96.06";"25.21";"5.75";"2.69";"58.74"
"Aleix García Serrano";"Aleix García";"13983";"1997-06-28";"Bayer 04 Leverkusen";"102";"GER - Bundesliga";"6";"2025/2026";"129";"LM";"Midfield";"96.33";"13";"0";"11747.54";"121.95";"1891.92";"595.69";"50.54";"125.23";"7.23";"720.92";"57.77";"27.82";"29.12";"108.62";"3.54";"100.85";"11.38";"2.38";"0.69";"0.77";"0.77";"1.43";"null";"38.15";"1.99";"2.85";"10975.5";"121.95";"1767.59";"556.54";"47.22";"117.0";"6.76";"673.54";"53.97";"101.48";"3.31";"94.22";"10.64";"2.23";"0.72";"35.65"
"Pedro Antonio Porro Sauceda";"Pedro Porro";"13985";"1999-09-13";"Tottenham Hotspur";"44";"ENG - Premier League";"1";"2025/2026";"129";"RB";"Full Back";"96.55";"20";"0";"10182.0";"105.46";"1392.45";"654.5";"66.45";"285.1";"15.4";"939.6";"81.85";"30.23";"31.38";"113.6";"10.25";"92.5";"22.25";"7.95";"0.58";"0.6";"3.15";"1.1";"1.2";"40.45";"1.83";"2.54";"9491.33";"105.46";"1298.0";"610.1";"61.94";"265.76";"14.36";"875.86";"76.3";"105.89";"9.55";"86.23";"20.74";"7.41";"2.94";"37.71"
"Seung-Ho Paik";"Paik Seung-Ho";"13988";"1997-03-17";"Birmingham City";"51";"ENG - Championship";"31";"2025/2026";"129";"LDM";"Midfield";"99.16";"21";"0";"11230.52";"113.25";"1750.67";"511.38";"41.24";"88.95";"4.05";"600.33";"45.29";"26.77";"29.06";"110.0";"3.95";"100.71";"12.48";"2.29";"0.77";"0.81";"0.19";"1.63";"null";"31.05";"2.04";"2.73";"10192.82";"113.25";"1588.9";"464.13";"37.43";"80.73";"3.67";"544.86";"41.1";"99.84";"3.59";"91.41";"11.32";"2.07";"0.17";"28.18"
"Juan Camilo Hernández Suárez";"C. Hernández";"14002";"1999-04-20";"Real Betis Balompié";"269";"ESP - LaLiga";"4";"2025/2026";"129";"CF";"Center Forward";"94.38";"19";"0";"10100.26";"107.02";"1276.11";"577.74";"60.21";"248.95";"13.84";"826.68";"74.05";"30.09";"31.12";"98.84";"8.11";"85.58";"15.11";"6.16";"0.57";"0.61";"2.53";"1.13";"1.39";"48.37";"1.77";"2.88";"9631.99";"107.02";"1216.94";"550.95";"57.42";"237.41";"13.2";"788.36";"70.62";"94.26";"7.73";"81.61";"14.4";"5.87";"2.41";"46.13"
"Yan Valery";"Y. Valery";"14016";"1999-02-22";"Sheffield Wednesday";"749";"ENG - Championship";"31";"2025/2026";"129";"RM";"Midfield";"99.84";"11";"0";"11815.55";"118.34";"1941.82";"640.82";"56.82";"154.27";"8.73";"795.09";"65.55";"27.4";"28.18";"130.73";"5.64";"107.09";"14.55";"4.27";"0.71";"0.76";"0.73";"1.57";"null";"43.64";"2.15";"2.66";"10650.94";"118.34";"1750.42";"577.66";"51.22";"139.07";"7.87";"716.72";"59.08";"117.84";"5.08";"96.54";"13.11";"3.85";"0.66";"39.34"
"Josh Knight";"J. Knight";"14018";"1997-09-07";"Portsmouth";"50";"ENG - Championship";"31";"2025/2026";"129";"RCB";"Central Defender";"95.76";"8";"0";"9968.5";"104.1";"1247.0";"508.75";"47.25";"153.12";"8.75";"661.88";"56.0";"28.69";"29.48";"113.0";"4.12";"81.88";"11.62";"3.38";"0.72";"0.94";"0.62";"1.61";"null";"19.88";"2.26";"2.97";"9368.65";"104.1";"1171.96";"478.14";"44.41";"143.91";"8.22";"622.05";"52.63";"106.2";"3.88";"76.95";"10.93";"3.17";"0.59";"18.68"
"Dominic Iorfa";"D. Iorfa";"14023";"1995-06-24";"Sheffield Wednesday";"749";"ENG - Championship";"31";"2025/2026";"129";"RCB";"Central Defender";"92.24";"12";"0";"9370.5";"101.59";"1107.75";"381.5";"37.25";"136.25";"7.0";"517.75";"44.25";"29.32";"30.64";"105.58";"4.83";"81.0";"11.42";"3.25";"0.67";"0.7";"1.25";"1.33";"null";"18.5";"2.08";"2.93";"9142.78";"101.59";"1080.83";"372.23";"36.34";"132.94";"6.83";"505.17";"43.17";"103.02";"4.72";"79.03";"11.14";"3.17";"1.22";"18.05"
"Ben Wilmot";"B. Wilmot";"14030";"1999-11-04";"Stoke City";"46";"ENG - Championship";"31";"2025/2026";"129";"LCB";"Central Defender";"100.31";"26";"0";"10448.88";"104.16";"1547.92";"463.19";"42.65";"126.65";"7.12";"589.85";"49.77";"28.39";"30.34";"121.23";"5.81";"93.5";"11.19";"2.88";"0.63";"0.74";"0.96";"1.38";"1.69";"22.92";"2.07";"2.77";"9374.85";"104.16";"1388.81";"415.58";"38.27";"113.64";"6.38";"529.22";"44.65";"108.77";"5.21";"83.89";"10.04";"2.59";"0.86";"20.57"
"Viktor Gyökeres";"V. Gyökeres";"14036";"1998-06-04";"Arsenal Football Club";"3";"ENG - Premier League";"1";"2025/2026";"129";"CF";"Center Forward";"85.76";"16";"0";"9645.5";"112.47";"1376.94";"601.0";"64.81";"316.44";"15.94";"917.44";"80.75";"30.71";"31.9";"100.12";"9.19";"84.0";"13.19";"7.12";"0.63";"0.71";"3.12";"1.22";"1.28";"54.12";"1.78";"2.57";"10122.33";"112.47";"1445.01";"630.71";"68.02";"332.08";"16.73";"962.79";"84.74";"105.07";"9.64";"88.15";"13.84";"7.48";"3.28";"56.8"
"Aaron Connolly";"A. Connolly";"14037";"2000-01-28";"Leyton Orient FC";"2821";"ENG - League One";"101";"2025/2026";"129";"CF";"Center Forward";"94.72";"9";"0";"9420.67";"99.45";"1157.78";"613.11";"70.56";"318.67";"19.44";"931.78";"90.0";"30.19";"30.98";"108.33";"10.89";"80.22";"26.89";"8.78";"0.64";"0.73";"3.56";"1.24";"1.36";"39.78";"1.95";"2.68";"8950.84";"99.45";"1100.04";"582.53";"67.04";"302.77";"18.47";"885.31";"85.51";"102.93";"10.35";"76.22";"25.55";"8.34";"3.38";"37.79"
"Jack Simpson";"J. Simpson";"14041";"1996-12-18";"Leyton Orient FC";"2821";"ENG - League One";"101";"2025/2026";"129";"LCB";"Central Defender";"97.23";"11";"0";"10428.55";"107.25";"1510.91";"512.55";"47.45";"137.64";"7.91";"650.18";"55.36";"28.69";"29.82";"122.82";"7.64";"92.73";"14.91";"4.91";"0.63";"0.73";"1.18";"1.46";"null";"27.09";"1.96";"2.71";"9652.75";"107.25";"1398.51";"474.42";"43.92";"127.4";"7.32";"601.81";"51.25";"113.68";"7.07";"85.83";"13.8";"4.54";"1.09";"25.08"
"Nathan Nnamdi Ofoborh";"N. Ofoborh";"14046";"1999-11-07";"Barnet FC";"3940";"ENG - League Two";"204";"2025/2026";"129";"LM";"Midfield";"90.66";"15";"0";"9606.93";"105.97";"1364.33";"448.47";"37.33";"87.0";"4.27";"535.47";"41.6";"28.03";"30.0";"101.53";"4.4";"84.47";"10.67";"2.47";"0.63";"0.78";"0.27";"1.77";"null";"23.53";"2.27";"2.72";"9537.46";"105.97";"1354.47";"445.22";"37.06";"86.37";"4.24";"531.59";"41.3";"100.8";"4.37";"83.86";"10.59";"2.45";"0.26";"23.36"
"Riccardo Orsolini";"R. Orsolini";"14048";"1997-01-24";"Bologna";"141";"ITA - Serie A";"5";"2025/2026";"129";"RW";"Wide Attacker";"85.2";"13";"0";"9245.85";"108.52";"1368.54";"587.08";"56.0";"200.69";"10.77";"787.77";"66.77";"29.02";"30.36";"101.92";"7.31";"83.62";"19.54";"4.69";"0.66";"0.76";"1.77";"1.19";"1.52";"41.77";"1.93";"2.71";"9767.03";"108.52";"1445.68";"620.17";"59.16";"212.01";"11.38";"832.18";"70.53";"107.67";"7.72";"88.33";"20.64";"4.96";"1.87";"44.12"
"Dávid Hancko";"D. Hancko";"14063";"1997-12-13";"Atlético Madrid";"275";"ESP - LaLiga";"4";"2025/2026";"129";"LCB";"Central Defender";"98.23";"11";"0";"10450.36";"106.39";"1294.45";"474.45";"43.36";"174.64";"8.55";"649.09";"51.91";"29.77";"31.9";"105.64";"4.27";"85.55";"12.82";"2.64";"0.71";"0.73";"1.45";"1.37";"1.44";"25.27";"2.07";"2.81";"9575.07";"106.39";"1186.03";"434.72";"39.73";"160.01";"7.83";"594.72";"47.56";"96.79";"3.91";"78.38";"11.74";"2.42";"1.33";"23.16"
"Pedro Lomba Neto";"Pedro Neto";"14084";"2000-03-09";"Chelsea";"49";"ENG - Premier League";"1";"2025/2026";"129";"RW";"Wide Attacker";"92.37";"13";"0";"9726.46";"105.3";"1340.62";"638.92";"68.54";"353.92";"18.0";"992.85";"86.54";"31.14";"32.86";"107.85";"10.77";"88.54";"21.85";"9.15";"0.62";"0.62";"3.85";"1.21";"1.23";"43.54";"1.96";"2.65";"9477.11";"105.3";"1306.25";"622.54";"66.78";"344.85";"17.54";"967.39";"84.32";"105.08";"10.49";"86.27";"21.29";"8.92";"3.75";"42.42"
"Svante Ingelsson";"S. Ingelsson";"14088";"1998-06-14";"Sheffield Wednesday";"749";"ENG - Championship";"31";"2025/2026";"129";"LM";"Midfield";"93.61";"14";"0";"10778.21";"115.14";"1560.14";"574.0";"58.36";"255.29";"12.29";"829.29";"70.64";"29.69";"31.26";"102.36";"4.43";"87.0";"13.86";"3.5";"0.64";"0.75";"1.21";"1.24";"1.55";"37.93";"1.98";"2.64";"10362.22";"115.14";"1499.93";"551.85";"56.1";"245.43";"11.81";"797.28";"67.92";"98.41";"4.26";"83.64";"13.32";"3.36";"1.17";"36.46"
"Alejandro Berenguer Remiro";"Álex Berenguer";"14102";"1995-07-04";"Athletic Club de Bilbao";"273";"ESP - LaLiga";"4";"2025/2026";"129";"RW";"Wide Attacker";"81.87";"9";"0";"9212.11";"112.53";"1422.33";"604.78";"59.0";"217.78";"12.11";"822.56";"71.11";"29.37";"30.54";"96.0";"6.56";"82.22";"17.11";"4.78";"0.72";"0.78";"1.89";"1.3";"1.55";"49.56";"1.98";"2.67";"10127.32";"112.53";"1563.64";"664.86";"64.86";"239.41";"13.31";"904.28";"78.18";"105.54";"7.21";"90.39";"18.81";"5.25";"2.08";"54.48"
"Gleysson Bremer Silva Nascimento";"Bremer";"14104";"1997-03-18";"Juventus";"139";"ITA - Serie A";"5";"2025/2026";"129";"CB";"Central Defender";"90.74";"11";"0";"9825.82";"108.28";"1142.55";"327.82";"29.09";"77.64";"4.09";"405.45";"33.18";"28.46";"30.24";"93.64";"4.18";"71.27";"9.0";"2.09";"0.67";"0.76";"0.55";"1.47";"1.73";"24.27";"2.02";"2.99";"9745.59";"108.28";"1133.22";"325.14";"28.85";"77.0";"4.06";"402.14";"32.91";"92.87";"4.15";"70.69";"8.93";"2.07";"0.54";"24.07"
"Giovanni Di Lorenzo";"G. Di Lorenzo";"14122";"1993-08-04";"Napoli";"143";"ITA - Serie A";"5";"2025/2026";"129";"RB";"Full Back";"99.35";"10";"0";"11185.5";"112.59";"1509.6";"589.8";"55.7";"196.4";"10.9";"786.2";"66.6";"28.93";"29.86";"114.3";"5.7";"99.9";"17.0";"4.2";"0.74";"0.75";"1.0";"1.47";"1.6";"30.0";"1.86";"2.75";"10132.98";"112.59";"1367.55";"534.3";"50.46";"177.92";"9.87";"712.22";"60.33";"103.54";"5.16";"90.5";"15.4";"3.8";"0.91";"27.18"
"Cristian Gabriel Romero";"C. Romero";"14155";"1998-04-27";"Tottenham Hotspur";"44";"ENG - Premier League";"1";"2025/2026";"129";"RCB";"Central Defender";"98.49";"16";"0";"9150.62";"92.91";"977.38";"329.69";"33.69";"140.19";"6.56";"469.88";"40.25";"29.59";"31.02";"94.81";"5.62";"73.06";"10.56";"4.31";"0.68";"0.77";"1.25";"1.45";"1.68";"20.12";"1.87";"2.88";"8361.86";"92.91";"893.13";"301.27";"30.78";"128.1";"6.0";"429.37";"36.78";"86.64";"5.14";"66.76";"9.65";"3.94";"1.14";"18.39"
"Jens Odgaard";"J. Odgaard";"14169";"1999-03-31";"Bologna";"141";"ITA - Serie A";"5";"2025/2026";"129";"AM";"Midfield";"83.8";"10";"0";"9438.9";"112.64";"1406.1";"524.3";"47.1";"134.2";"7.1";"658.5";"54.2";"27.88";"28.48";"91.1";"5.8";"80.6";"11.2";"3.7";"0.68";"0.73";"0.9";"1.3";"1.51";"36.9";"1.97";"2.77";"10137.45";"112.64";"1510.16";"563.1";"50.59";"144.13";"7.63";"707.23";"58.21";"97.84";"6.23";"86.56";"12.03";"3.97";"0.97";"39.63"
"Manuel Locatelli";"M. Locatelli";"14174";"1998-01-08";"Juventus";"139";"ITA - Serie A";"5";"2025/2026";"129";"RM";"Midfield";"86.51";"15";"0";"10793.87";"124.77";"1716.13";"412.73";"31.6";"59.87";"3.0";"472.6";"34.6";"26.23";"27.6";"88.67";"2.47";"77.93";"7.67";"1.13";"0.86";"1.04";"0.07";"null";"null";"28.2";"2.12";"2.77";"11229.75";"124.77";"1785.43";"429.4";"32.88";"62.28";"3.12";"491.68";"36.0";"92.25";"2.57";"81.08";"7.98";"1.18";"0.07";"29.34"
"Andrea Pinamonti";"A. Pinamonti";"14183";"1999-05-19";"Sassuolo";"158";"ITA - Serie A";"5";"2025/2026";"129";"CF";"Center Forward";"86.92";"21";"0";"9025.9";"103.84";"1052.05";"473.76";"47.19";"149.52";"9.1";"623.29";"56.29";"28.6";"30.14";"95.81";"7.33";"79.81";"14.0";"4.81";"0.64";"0.69";"1.48";"1.26";"1.45";"32.71";"1.88";"2.89";"9345.67";"103.84";"1089.32";"490.55";"48.86";"154.82";"9.42";"645.37";"58.28";"99.2";"7.59";"82.64";"14.5";"4.98";"1.53";"33.87"
"Mikael Egill Ellertsson";"M. Ellertsson";"14185";"2002-03-11";"Genoa";"135";"ITA - Serie A";"5";"2025/2026";"129";"LM";"Midfield";"95.84";"8";"0";"10786.25";"112.54";"1509.0";"655.25";"69.12";"291.38";"15.38";"946.62";"84.5";"31.02";"31.72";"109.62";"6.12";"87.75";"20.75";"4.5";"0.65";"0.73";"1.75";"1.29";"1.42";"53.38";"1.95";"2.74";"10129.04";"112.54";"1417.06";"615.33";"64.91";"273.62";"14.44";"888.95";"79.35";"102.95";"5.75";"82.4";"19.49";"4.23";"1.64";"50.12"
"Georginio  Rutter";"G. Rutter";"14209";"2002-04-20";"Brighton and Hove Albion";"308";"ENG - Premier League";"1";"2025/2026";"129";"AM";"Midfield";"83.89";"8";"0";"9708.75";"115.73";"1429.62";"590.0";"52.62";"222.0";"9.62";"812.0";"62.25";"30.14";"30.74";"99.62";"5.12";"81.75";"14.62";"4.62";"0.68";"0.73";"1.12";"1.28";"null";"37.25";"1.95";"2.89";"10415.67";"115.73";"1533.72";"632.96";"56.46";"238.16";"10.33";"871.12";"66.78";"106.88";"5.5";"87.7";"15.69";"4.96";"1.21";"39.96"
"Wesley Fofana";"W. Fofana";"14210";"2000-12-17";"Chelsea";"49";"ENG - Premier League";"1";"2025/2026";"129";"RCB";"Central Defender";"97.11";"9";"0";"9356.11";"96.34";"1011.78";"359.67";"39.0";"161.11";"8.44";"520.78";"47.44";"30.19";"31.22";"104.89";"6.56";"81.11";"11.56";"4.56";"0.64";"0.66";"0.89";"1.32";"null";"27.56";"1.99";"2.89";"8670.83";"96.34";"937.67";"333.32";"36.14";"149.31";"7.83";"482.63";"43.97";"97.21";"6.08";"75.17";"10.71";"4.22";"0.82";"25.54"
"Ritsu Doan";"R. Doan";"14258";"1998-06-16";"Eintracht Frankfurt";"108";"GER - Bundesliga";"6";"2025/2026";"129";"RW";"Wide Attacker";"90.75";"12";"0";"10445.17";"115.1";"1649.75";"685.0";"62.5";"161.83";"10.33";"846.83";"72.83";"28.02";"28.8";"106.5";"8.08";"86.75";"21.58";"5.5";"0.6";"0.65";"1.17";"1.22";"1.33";"51.25";"1.85";"2.84";"10358.84";"115.1";"1636.12";"679.34";"61.98";"160.5";"10.25";"839.83";"72.23";"105.62";"8.02";"86.03";"21.4";"5.45";"1.16";"50.83"
"Jeff Chabot";"J. Chabot";"14269";"1998-02-12";"VfB Stuttgart";"115";"GER - Bundesliga";"6";"2025/2026";"129";"LCB";"Central Defender";"95.04";"11";"0";"9990.0";"105.11";"1231.09";"415.27";"36.45";"95.36";"5.91";"510.64";"42.36";"27.82";"28.52";"109.0";"4.09";"89.73";"12.09";"1.91";"0.79";"0.92";"0.82";"1.67";"1.89";"22.91";"2.34";"2.83";"9459.99";"105.11";"1165.78";"393.24";"34.52";"90.3";"5.6";"483.54";"40.12";"103.22";"3.87";"84.97";"11.45";"1.81";"0.77";"21.69"
"Danilho Doekhi";"D. Doekhi";"14385";"1998-06-30";"FC Union Berlin";"757";"GER - Bundesliga";"6";"2025/2026";"129";"RCB";"Central Defender";"101.17";"21";"0";"10808.81";"106.84";"1313.95";"379.52";"33.33";"79.48";"4.95";"459.0";"38.29";"27.63";"30.02";"110.57";"4.48";"86.57";"11.52";"2.71";"0.65";"0.69";"0.71";"1.49";"1.55";"28.0";"2.0";"2.83";"9615.82";"106.84";"1168.93";"337.64";"29.65";"70.7";"4.41";"408.34";"34.06";"98.37";"3.98";"77.02";"10.25";"2.41";"0.64";"24.91"
"Wouter Burger";"W. Burger";"14406";"2001-02-16";"TSG 1899 Hoffenheim";"113";"GER - Bundesliga";"6";"2025/2026";"129";"LM";"Midfield";"95.1";"10";"0";"12200.1";"128.29";"2343.2";"813.8";"66.2";"179.3";"10.5";"993.1";"76.7";"28.22";"29.02";"121.5";"4.9";"102.1";"21.8";"3.8";"0.65";"0.72";"0.9";"1.41";"null";"46.6";"1.87";"2.94";"11545.84";"128.29";"2217.54";"770.16";"62.65";"169.68";"9.94";"939.84";"72.59";"114.98";"4.64";"96.62";"20.63";"3.6";"0.85";"44.1"
"Gustavo Hamer";"G. Hamer";"14476";"1997-06-24";"Sheffield United";"746";"ENG - Championship";"31";"2025/2026";"129";"LW";"Wide Attacker";"90.09";"8";"0";"9457.62";"104.98";"1362.0";"598.38";"55.5";"217.62";"11.88";"816.0";"67.38";"29.19";"30.08";"97.12";"5.25";"75.25";"14.5";"4.5";"0.72";"0.8";"1.62";"1.54";"1.57";"41.12";"2.04";"2.88";"9448.22";"104.98";"1360.65";"597.78";"55.44";"217.41";"11.86";"815.19";"67.31";"97.03";"5.24";"75.18";"14.49";"4.5";"1.62";"41.08"
"Gianluca Scamacca";"G. Scamacca";"14479";"1999-01-01";"Atalanta";"130";"ITA - Serie A";"5";"2025/2026";"129";"CF";"Center Forward";"80.92";"8";"0";"8339.88";"103.06";"971.88";"351.38";"35.12";"80.25";"5.38";"431.62";"40.5";"27.48";"27.96";"79.25";"4.62";"66.25";"11.5";"2.75";"0.72";"null";"1.12";"1.57";"null";"25.75";"2.22";"2.98";"9275.59";"103.06";"1080.92";"390.8";"39.07";"89.25";"5.98";"480.05";"45.04";"88.14";"5.14";"73.68";"12.79";"3.06";"1.25";"28.64"
"Zian Flemming";"Z. Flemming";"14481";"1998-08-01";"Burnley";"53";"ENG - Premier League";"1";"2025/2026";"129";"CF";"Center Forward";"78.49";"9";"0";"8555.67";"109.01";"1307.78";"571.67";"53.78";"150.22";"8.0";"721.89";"61.78";"28.34";"29.68";"107.44";"10.44";"91.56";"18.44";"7.0";"0.7";"0.75";"2.0";"1.36";"1.42";"30.22";"1.95";"2.88";"9810.9";"109.01";"1499.65";"655.54";"61.67";"172.26";"9.17";"827.8";"70.84";"123.21";"11.98";"104.99";"21.15";"8.03";"2.29";"34.66"
"Sepp van den Berg";"S. van den Berg";"14488";"2001-12-20";"Brentford FC";"754";"ENG - Premier League";"1";"2025/2026";"129";"LCB";"Central Defender";"101.78";"16";"0";"10572.5";"103.87";"1387.31";"431.38";"37.19";"103.62";"5.56";"535.0";"42.75";"28.45";"30.46";"112.19";"6.31";"88.62";"12.69";"3.75";"0.73";"0.79";"1.06";"1.44";"1.45";"26.06";"2.08";"2.94";"9348.44";"103.87";"1226.69";"381.43";"32.88";"91.63";"4.92";"473.06";"37.8";"99.2";"5.58";"78.36";"11.22";"3.32";"0.94";"23.05"
"Albert-Mboyo Sambi Lokonga";"A. Sambi Lokonga";"14541";"1999-10-22";"Hamburger SV";"101";"GER - Bundesliga";"6";"2025/2026";"129";"RM";"Midfield";"86.04";"10";"0";"10871.6";"126.36";"2026.8";"610.1";"45.0";"77.7";"5.1";"687.8";"50.1";"26.54";"27.5";"93.4";"2.9";"82.4";"7.7";"1.6";"0.75";"0.77";"0.5";"1.5";"null";"33.7";"2.09";"2.85";"11371.97";"126.36";"2120.08";"638.18";"47.07";"81.28";"5.33";"719.46";"52.41";"97.7";"3.03";"86.19";"8.05";"1.67";"0.52";"35.25"
"Alexis Saelemaekers";"A. Saelemaekers";"14543";"1999-06-27";"Milan";"140";"ITA - Serie A";"5";"2025/2026";"129";"RWB";"Full Back";"90.86";"18";"0";"10375.0";"114.19";"1505.44";"681.94";"62.33";"257.28";"13.56";"939.22";"75.89";"29.19";"30.3";"116.39";"7.5";"98.33";"19.44";"5.78";"0.63";"0.63";"2.17";"1.25";"1.35";"43.39";"1.76";"2.66";"10277.3";"114.19";"1491.27";"675.52";"61.75";"254.86";"13.43";"930.38";"75.17";"115.29";"7.43";"97.41";"19.26";"5.72";"2.15";"42.98"
"Mbwana Ally Samatta";"M. Samatta";"14563";"1992-12-23";"Le Havre AC";"69";"FRA - Ligue 1";"3";"2025/2026";"129";"CF";"Center Forward";"79.59";"9";"0";"8708.56";"109.42";"1257.56";"506.44";"52.22";"186.11";"10.33";"692.56";"62.56";"28.96";"30.06";"84.33";"7.11";"68.44";"13.33";"4.22";"0.71";"0.79";"1.22";"1.48";"null";"39.22";"1.94";"2.77";"9847.5";"109.42";"1422.02";"572.68";"59.05";"210.45";"11.68";"783.13";"70.74";"95.36";"8.04";"77.4";"15.08";"4.77";"1.38";"44.35"
"Jhon Janer Lucumí Bonilla";"J. Lucumí";"14571";"1998-06-26";"Bologna";"141";"ITA - Serie A";"5";"2025/2026";"129";"LCB";"Central Defender";"97.25";"12";"0";"9448.25";"97.15";"1082.33";"390.33";"40.75";"153.83";"8.58";"544.17";"49.33";"29.6";"31.28";"104.17";"6.08";"84.67";"12.33";"3.75";"0.65";"0.74";"1.42";"1.31";"null";"24.5";"2.15";"2.72";"8743.76";"97.15";"1001.63";"361.23";"37.71";"142.36";"7.94";"503.59";"45.65";"96.4";"5.63";"78.35";"11.41";"3.47";"1.31";"22.67"
"Eric Smith";"E. Smith";"14575";"1997-01-08";"FC St. Pauli";"122";"GER - Bundesliga";"6";"2025/2026";"129";"CB";"Central Defender";"99.36";"14";"0";"11013.21";"110.84";"1310.07";"432.86";"41.07";"114.64";"7.07";"547.5";"48.14";"28.58";"30.7";"105.21";"4.57";"91.0";"12.93";"3.07";"0.75";"0.75";"0.71";"1.44";"1.79";"24.36";"2.02";"2.79";"9975.79";"110.84";"1186.66";"392.08";"37.2";"103.84";"6.41";"495.93";"43.61";"95.3";"4.14";"82.43";"11.71";"2.78";"0.65";"22.06"
"Daichi Kamada";"D. Kamada";"14607";"1996-08-05";"Crystal Palace";"60";"ENG - Premier League";"1";"2025/2026";"129";"LM";"Midfield";"86.47";"9";"0";"10258.89";"118.64";"1675.22";"550.11";"46.67";"112.33";"6.56";"662.44";"53.22";"27.9";"29.02";"107.11";"3.78";"91.78";"10.22";"2.33";"0.79";"0.91";"0.56";"1.58";"null";"42.56";"1.87";"2.72";"10677.87";"118.64";"1743.64";"572.58";"48.57";"116.92";"6.82";"689.5";"55.4";"111.49";"3.93";"95.53";"10.64";"2.43";"0.58";"44.29"
"Wout Faes";"W. Faes";"14657";"1998-04-03";"Leicester City";"62";"ENG - Championship";"31";"2025/2026";"129";"RCB";"Central Defender";"97.16";"8";"0";"9819.5";"101.07";"1078.75";"363.62";"33.38";"92.5";"5.5";"456.12";"38.88";"27.71";"28.32";"104.12";"4.12";"80.0";"9.88";"3.38";"0.77";"0.92";"0.38";"null";"null";"17.38";"2.1";"2.91";"9096.22";"101.07";"999.29";"336.84";"30.92";"85.69";"5.09";"422.53";"36.01";"96.46";"3.82";"74.11";"9.15";"3.13";"0.35";"16.1"
"Montassar Talbi";"M. Talbi";"14868";"1998-05-26";"FC Lorient";"72";"FRA - Ligue 1";"3";"2025/2026";"129";"CB";"Central Defender";"100.12";"20";"0";"10711.5";"106.99";"1240.6";"390.95";"39.3";"106.0";"6.5";"496.95";"45.8";"28.23";"29.74";"112.9";"4.7";"88.7";"11.75";"3.4";"0.71";"0.76";"0.6";"1.53";"null";"27.4";"1.92";"2.71";"9628.8";"106.99";"1115.2";"351.43";"35.33";"95.29";"5.84";"446.72";"41.17";"101.49";"4.22";"79.73";"10.56";"3.06";"0.54";"24.63"
"Vedat Muriqi";"V. Muriqi";"14891";"1994-04-24";"RCD Mallorca";"258";"ESP - LaLiga";"4";"2025/2026";"129";"CF";"Center Forward";"94.95";"20";"0";"10108.2";"106.46";"1206.1";"440.45";"42.65";"106.7";"6.3";"547.15";"48.95";"27.79";"29.5";"106.15";"7.35";"90.85";"14.55";"4.0";"0.62";"0.64";"0.95";"1.37";"1.55";"34.15";"1.9";"3.0";"9581.48";"106.46";"1143.25";"417.5";"40.43";"101.14";"5.97";"518.64";"46.4";"100.62";"6.97";"86.12";"13.79";"3.79";"0.9";"32.37"
"Anastasios Douvikas";"A. Douvikas";"15339";"1999-08-02";"Como 1907";"1948";"ITA - Serie A";"5";"2025/2026";"129";"CF";"Center Forward";"85.03";"12";"0";"9143.58";"107.54";"1142.67";"554.5";"63.92";"264.42";"15.75";"818.92";"79.67";"29.71";"30.72";"98.5";"10.08";"84.17";"14.83";"8.17";"0.63";"0.64";"2.75";"1.14";"1.14";"35.83";"1.78";"2.76";"9678.28";"107.54";"1209.49";"586.93";"67.65";"279.88";"16.67";"866.8";"84.33";"104.26";"10.67";"89.09";"15.7";"8.64";"2.91";"37.93"
"Reinildo Isnard Mandava";"Reinildo";"16023";"1994-01-21";"Sunderland";"35";"ENG - Premier League";"1";"2025/2026";"129";"LB";"Full Back";"101.3";"8";"0";"10029.12";"99.0";"1064.5";"451.88";"49.88";"197.88";"11.62";"649.75";"61.5";"30.16";"31.5";"111.0";"8.62";"90.38";"18.12";"5.88";"0.66";"0.76";"2.5";"1.3";"null";"30.88";"2.11";"2.79";"8910.19";"99.0";"945.74";"401.46";"44.31";"175.8";"10.33";"577.26";"54.64";"98.62";"7.66";"80.29";"16.1";"5.22";"2.22";"27.43"
"Domilson Cordeiro dos Santos";"Dodô";"16057";"1998-11-17";"Fiorentina";"138";"ITA - Serie A";"5";"2025/2026";"129";"RB";"Full Back";"101.26";"8";"0";"10855.75";"107.21";"1486.25";"692.25";"68.62";"332.0";"16.75";"1024.25";"85.38";"30.85";"31.66";"118.5";"9.25";"99.88";"19.38";"7.88";"0.57";"0.59";"3.75";"1.14";"1.21";"39.0";"2.09";"2.52";"9648.76";"107.21";"1321.0";"615.28";"60.99";"295.09";"14.89";"910.37";"75.88";"105.32";"8.22";"88.77";"17.22";"7.0";"3.33";"34.66"
"Domilson Cordeiro dos Santos";"Dodô";"16057";"1998-11-17";"Fiorentina";"138";"ITA - Serie A";"5";"2025/2026";"129";"RWB";"Full Back";"92.35";"12";"0";"9906.67";"107.27";"1393.5";"672.83";"64.75";"319.17";"15.58";"992.0";"80.33";"30.5";"32.32";"112.42";"10.67";"92.08";"20.33";"7.92";"0.53";"0.53";"3.92";"1.07";"1.07";"39.83";"1.76";"2.64";"9654.72";"107.27";"1358.06";"655.72";"63.1";"311.05";"15.19";"966.77";"78.29";"109.56";"10.4";"89.74";"19.82";"7.72";"3.82";"38.82"
"Marcos do Nascimento Teixeira";"Marcão";"16261";"1996-06-05";"Sevilla FC";"266";"ESP - LaLiga";"4";"2025/2026";"129";"LCB";"Central Defender";"98.49";"10";"0";"9354.5";"94.98";"1075.3";"371.3";"34.4";"87.2";"5.9";"458.5";"40.3";"27.64";"28.32";"109.9";"6.4";"83.5";"13.1";"3.4";"0.71";"0.74";"0.6";"1.4";"1.6";"24.0";"1.92";"2.93";"8548.13";"94.98";"982.61";"339.29";"31.43";"79.68";"5.39";"418.98";"36.83";"100.43";"5.85";"76.3";"11.97";"3.11";"0.55";"21.93"
"Ibrahima Konaté";"I. Konaté";"16320";"1999-05-25";"Liverpool Football Club";"2";"ENG - Premier League";"1";"2025/2026";"129";"RCB";"Central Defender";"97.53";"22";"0";"9068.09";"92.97";"1063.59";"385.32";"40.82";"180.0";"8.86";"565.32";"49.68";"30.43";"32.44";"107.59";"5.82";"85.36";"12.82";"4.77";"0.58";"0.61";"1.77";"1.05";"1.33";"23.41";"1.89";"2.74";"8367.55";"92.97";"981.43";"355.55";"37.66";"166.09";"8.18";"521.65";"45.84";"99.28";"5.37";"78.77";"11.83";"4.4";"1.64";"21.6"
"Glenn Middleton";"G. Middleton";"16342";"2000-01-01";"Doncaster Rovers FC";"1725";"ENG - League One";"101";"2025/2026";"129";"LW";"Wide Attacker";"76.12";"8";"0";"8532.88";"112.1";"1168.12";"482.38";"51.38";"196.75";"11.5";"679.12";"62.88";"29.61";"30.48";"85.88";"5.0";"63.0";"15.0";"3.88";"0.65";"0.65";"1.62";"1.31";"1.39";"36.12";"1.98";"2.82";"10088.96";"112.1";"1381.15";"570.34";"60.74";"232.63";"13.6";"802.97";"74.34";"101.54";"5.91";"74.49";"17.74";"4.58";"1.92";"42.71"
"Jørgen Strand Larsen";"J. Strand Larsen";"16381";"2000-02-06";"Wolverhampton Wanderers";"52";"ENG - Premier League";"1";"2025/2026";"129";"CF";"Center Forward";"90.18";"14";"0";"9591.36";"106.36";"1142.93";"499.43";"49.43";"190.86";"10.0";"690.29";"59.43";"30.16";"31.8";"97.5";"5.36";"78.64";"12.71";"3.93";"0.62";"0.83";"1.43";"1.37";"1.6";"32.5";"1.95";"2.65";"9572.49";"106.36";"1140.68";"498.45";"49.33";"190.48";"9.98";"688.93";"59.31";"97.31";"5.35";"78.49";"12.69";"3.92";"1.43";"32.44"
"Erling Braut Haaland";"E. Haaland";"16407";"2000-07-21";"Manchester City";"40";"ENG - Premier League";"1";"2025/2026";"129";"CF";"Center Forward";"95.61";"24";"0";"9864.88";"103.18";"1151.17";"550.17";"58.88";"285.96";"13.79";"836.12";"72.67";"31.29";"32.9";"98.33";"8.88";"83.0";"13.75";"6.75";"0.55";"0.56";"2.83";"1.04";"1.15";"44.96";"1.86";"2.72";"9285.87";"103.18";"1083.6";"517.88";"55.42";"269.17";"12.98";"787.05";"68.4";"92.56";"8.35";"78.13";"12.94";"6.35";"2.67";"42.32"
"Morten Frendrup";"M. Frendrup";"16452";"2001-04-07";"Genoa";"135";"ITA - Serie A";"5";"2025/2026";"129";"DM";"Midfield";"96.45";"12";"0";"11693.75";"121.25";"2187.42";"733.75";"62.08";"121.67";"7.5";"855.42";"69.58";"27.04";"28.22";"115.0";"3.75";"100.17";"15.42";"2.08";"0.76";"0.79";"0.42";"1.76";"2.13";"63.17";"1.86";"2.48";"10912.06";"121.25";"2041.19";"684.7";"57.93";"113.53";"7.0";"798.23";"64.93";"107.31";"3.5";"93.47";"14.39";"1.94";"0.39";"58.94"
"Victor Nelsson";"V. Nelsson";"16458";"1998-10-14";"Hellas Verona";"157";"ITA - Serie A";"5";"2025/2026";"129";"CB";"Central Defender";"96.65";"22";"0";"9471.05";"98.0";"949.32";"323.05";"32.32";"104.82";"5.73";"427.86";"38.05";"28.72";"30.6";"101.32";"5.09";"80.27";"13.09";"3.23";"0.74";"0.81";"0.45";"1.56";"null";"22.32";"2.05";"2.88";"8819.81";"98.0";"884.04";"300.83";"30.1";"97.61";"5.33";"398.44";"35.43";"94.35";"4.74";"74.75";"12.19";"3.01";"0.42";"20.78"
"Mikkel Damsgaard";"M. Damsgaard";"16475";"2000-07-03";"Brentford FC";"754";"ENG - Premier League";"1";"2025/2026";"129";"AM";"Midfield";"87.48";"10";"0";"10271.2";"117.41";"1784.3";"647.6";"60.3";"175.0";"8.9";"822.6";"69.2";"28.55";"29.32";"99.9";"4.2";"83.8";"12.8";"3.0";"0.79";"0.81";"0.7";"1.58";"null";"48.4";"1.91";"2.64";"10566.88";"117.41";"1835.66";"666.24";"62.04";"180.04";"9.16";"846.28";"71.19";"102.78";"4.32";"86.21";"13.17";"3.09";"0.72";"49.79"
"Martin Frese";"M. Frese";"16480";"1998-01-04";"Hellas Verona";"157";"ITA - Serie A";"5";"2025/2026";"129";"LWB";"Full Back";"91.68";"9";"0";"10582.22";"115.42";"1556.0";"673.56";"62.33";"273.89";"13.89";"947.44";"76.22";"29.7";"30.44";"111.67";"7.22";"88.22";"20.0";"4.56";"0.63";"0.63";"1.56";"1.36";"1.36";"37.89";"1.96";"2.75";"10387.93";"115.42";"1527.43";"661.19";"61.19";"268.86";"13.63";"930.05";"74.82";"109.62";"7.09";"86.6";"19.63";"4.47";"1.53";"37.19"
"Mohammed Kudus";"M. Kudus";"16483";"2000-08-02";"Tottenham Hotspur";"44";"ENG - Premier League";"1";"2025/2026";"129";"RW";"Wide Attacker";"91.84";"12";"0";"9127.25";"99.38";"1104.75";"523.0";"63.0";"270.0";"15.58";"793.0";"78.58";"30.38";"31.72";"100.83";"10.83";"79.5";"21.58";"9.08";"0.59";"0.61";"3.67";"1.13";"1.15";"47.08";"1.87";"2.43";"8944.5";"99.38";"1082.63";"512.53";"61.74";"264.59";"15.27";"777.12";"77.01";"98.81";"10.62";"77.91";"21.15";"8.9";"3.59";"46.14"
"Jesper Karlström";"J. Karlström";"16489";"1995-06-21";"Udinese";"148";"ITA - Serie A";"5";"2025/2026";"129";"DM";"Midfield";"96.41";"19";"0";"11660.05";"120.94";"2030.79";"636.63";"55.0";"154.16";"8.32";"790.79";"63.32";"27.48";"28.66";"103.58";"4.0";"89.42";"11.84";"2.74";"0.65";"0.68";"0.95";"1.26";"1.31";"43.63";"1.89";"2.66";"10884.36";"120.94";"1895.69";"594.28";"51.34";"143.9";"7.76";"738.18";"59.1";"96.69";"3.73";"83.47";"11.05";"2.55";"0.88";"40.73"
"Domagoj Bradarić";"D. Bradarić";"16568";"1999-12-10";"Hellas Verona";"157";"ITA - Serie A";"5";"2025/2026";"129";"LWB";"Full Back";"89.61";"14";"0";"10374.79";"115.78";"1549.5";"733.43";"67.21";"301.14";"15.14";"1034.57";"82.36";"29.7";"30.74";"117.71";"8.07";"95.36";"20.86";"6.14";"0.61";"0.7";"2.14";"1.27";"1.38";"48.5";"1.89";"2.55";"10419.86";"115.78";"1556.23";"736.61";"67.51";"302.45";"15.21";"1039.07";"82.71";"118.23";"8.11";"95.77";"20.95";"6.17";"2.15";"48.71"
"Ilmari Niskanen";"I. Niskanen";"16734";"1997-10-27";"Exeter City FC";"2542";"ENG - League One";"101";"2025/2026";"129";"RWB";"Full Back";"100.05";"17";"0";"12357.35";"123.51";"1814.29";"877.12";"90.29";"454.06";"22.18";"1331.18";"112.47";"30.95";"32.12";"121.35";"8.24";"98.53";"24.41";"6.47";"0.61";"0.72";"3.06";"1.28";"1.34";"45.24";"1.93";"2.61";"11115.73";"123.51";"1632.0";"788.99";"81.22";"408.44";"19.95";"1197.42";"101.17";"109.16";"7.41";"88.63";"21.96";"5.82";"2.75";"40.69"
"Fraser Murray";"F. Murray";"16783";"1999-05-07";"Wigan Athletic";"38";"ENG - League One";"101";"2025/2026";"129";"RWB";"Full Back";"97.17";"15";"0";"11055.87";"113.78";"1745.67";"809.73";"72.73";"255.8";"14.73";"1065.53";"87.47";"29.31";"30.94";"131.33";"11.33";"103.47";"28.73";"8.33";"0.66";"0.68";"2.07";"1.19";"1.42";"48.6";"1.88";"2.57";"10239.96";"113.78";"1616.84";"749.98";"67.37";"236.92";"13.65";"986.9";"81.01";"121.64";"10.5";"95.83";"26.61";"7.72";"1.91";"45.01"
"Dominic Ball";"D. Ball";"16799";"1995-08-02";"Cambridge United";"1871";"ENG - League Two";"204";"2025/2026";"129";"RDM";"Midfield";"100.65";"8";"0";"10813.0";"107.43";"1464.12";"399.25";"37.12";"67.12";"3.5";"466.38";"40.62";"28.29";"29.54";"119.75";"7.75";"97.88";"13.75";"4.0";"0.65";"0.68";"0.38";"null";"null";"32.75";"1.9";"2.77";"9669.05";"107.43";"1309.23";"357.01";"33.2";"60.02";"3.13";"417.04";"36.33";"107.08";"6.93";"87.52";"12.3";"3.58";"0.34";"29.29"
"Dean Campbell";"D. Campbell";"16801";"2001-03-19";"Northampton Town FC";"2811";"ENG - League One";"101";"2025/2026";"129";"LM";"Midfield";"98.72";"22";"0";"11426.5";"115.75";"1863.86";"681.36";"54.91";"128.32";"7.95";"809.68";"62.86";"27.27";"28.82";"119.64";"4.73";"97.91";"15.68";"2.59";"0.74";"0.77";"0.68";"1.43";"null";"37.68";"1.92";"2.68";"10417.54";"115.75";"1699.28";"621.2";"50.06";"116.99";"7.25";"738.19";"57.31";"109.07";"4.31";"89.26";"14.3";"2.36";"0.62";"34.35"
"Bruce Anderson";"B. Anderson";"16802";"1998-09-23";"Kilmarnock";"244";"SCO - Premiership";"18";"2025/2026";"129";"CF";"Center Forward";"79.03";"18";"0";"8630.11";"109.2";"1207.33";"566.94";"54.44";"226.44";"12.11";"793.39";"66.56";"29.34";"30.64";"100.06";"8.67";"75.06";"18.61";"6.72";"0.62";"0.67";"2.11";"1.34";"1.58";"33.11";"1.86";"2.67";"9828.09";"109.2";"1374.93";"645.64";"62.0";"257.88";"13.79";"903.52";"75.79";"113.94";"9.87";"85.47";"21.19";"7.66";"2.4";"37.71"
"Max Lowe";"M. Lowe";"16805";"1997-05-11";"Sheffield Wednesday";"749";"ENG - Championship";"31";"2025/2026";"129";"LCB";"Central Defender";"97.93";"18";"0";"10406.72";"106.27";"1452.94";"622.83";"54.83";"175.28";"10.28";"798.11";"65.11";"28.44";"29.64";"114.22";"7.17";"87.0";"17.28";"5.0";"0.58";"0.71";"1.28";"1.26";"1.43";"29.72";"1.95";"2.74";"9564.33";"106.27";"1335.33";"572.42";"50.39";"161.09";"9.45";"733.51";"59.84";"104.98";"6.59";"79.96";"15.88";"4.6";"1.17";"27.32"
"Miro Max Maria Muheim";"M. Muheim";"16949";"1998-03-24";"Hamburger SV";"101";"GER - Bundesliga";"6";"2025/2026";"129";"LWB";"Full Back";"99.34";"18";"0";"11334.11";"114.1";"1645.44";"605.39";"57.89";"196.94";"11.44";"802.33";"69.33";"28.78";"30.34";"114.28";"7.22";"94.5";"20.0";"4.44";"0.64";"0.7";"1.5";"1.29";"1.43";"38.94";"2.05";"2.63";"10268.59";"114.1";"1490.76";"548.48";"52.45";"178.43";"10.37";"726.91";"62.82";"103.53";"6.54";"85.62";"18.12";"4.03";"1.36";"35.28"
"Filip Krastev";"F. Krastev";"17069";"2001-10-15";"Oxford United";"1588";"ENG - Championship";"31";"2025/2026";"129";"LW";"Wide Attacker";"76.59";"8";"0";"8640.0";"112.81";"1298.62";"534.25";"52.62";"141.5";"10.25";"675.75";"62.88";"27.91";"28.48";"91.62";"6.0";"69.25";"15.88";"3.62";"0.65";"0.69";"1.38";"1.33";"1.47";"44.88";"1.96";"2.83";"10152.54";"112.81";"1525.97";"627.78";"61.84";"166.27";"12.04";"794.05";"73.88";"107.67";"7.05";"81.37";"18.65";"4.26";"1.62";"52.73"
"Valentino Lazaro";"V. Lazaro";"17451";"1996-03-24";"Torino";"146";"ITA - Serie A";"5";"2025/2026";"129";"LWB";"Full Back";"85.9";"11";"0";"9792.82";"114.01";"1455.27";"600.55";"54.73";"198.0";"10.73";"798.55";"65.45";"29.25";"30.38";"108.91";"8.45";"91.64";"18.64";"5.64";"0.69";"0.69";"1.91";"1.29";"1.31";"39.91";"2.13";"2.67";"10260.77";"114.01";"1524.81";"629.24";"57.34";"207.46";"11.24";"836.7";"68.58";"114.11";"8.86";"96.02";"19.53";"5.91";"2.0";"41.82"
"Valentino Lazaro";"V. Lazaro";"17451";"1996-03-24";"Torino";"146";"ITA - Serie A";"5";"2025/2026";"129";"RWB";"Full Back";"93.54";"8";"0";"10394.38";"111.13";"1579.75";"660.88";"58.25";"200.62";"11.88";"861.5";"70.12";"28.77";"29.72";"117.38";"8.5";"97.12";"21.12";"6.62";"0.64";"0.69";"2.38";"1.29";"1.49";"42.88";"2.03";"2.55";"10001.27";"111.13";"1520.01";"635.88";"56.05";"193.04";"11.43";"828.92";"67.47";"112.94";"8.18";"93.45";"20.33";"6.37";"2.29";"41.25"
"Derrick  Williams";"D. Williams";"17452";"1993-01-17";"Reading";"59";"ENG - League One";"101";"2025/2026";"129";"LCB";"Central Defender";"96.82";"13";"0";"9773.08";"100.94";"1277.85";"379.38";"35.54";"77.85";"5.0";"457.23";"40.54";"27.73";"28.72";"101.85";"4.85";"82.69";"9.08";"3.62";"0.62";"0.76";"0.85";"1.41";"null";"19.54";"2.11";"2.8";"9084.85";"100.94";"1187.86";"352.67";"33.04";"72.36";"4.65";"425.03";"37.68";"94.67";"4.5";"76.87";"8.44";"3.36";"0.79";"18.16"
"Joe Rodon";"J. Rodon";"17458";"1997-10-22";"Leeds United";"787";"ENG - Premier League";"1";"2025/2026";"129";"RCB";"Central Defender";"100.58";"19";"0";"10562.84";"105.01";"1346.79";"473.84";"45.63";"177.11";"8.95";"650.95";"54.58";"30.62";"32.62";"118.58";"6.37";"90.21";"12.89";"4.32";"0.71";"0.8";"1.37";"1.31";"1.61";"26.89";"2.07";"2.75";"9451.34";"105.01";"1205.07";"423.98";"40.83";"158.47";"8.01";"582.45";"48.84";"106.1";"5.7";"80.72";"11.54";"3.86";"1.22";"24.06"
"Ylber Ramadani";"Y. Ramadani";"17483";"1996-04-12";"Lecce";"147";"ITA - Serie A";"5";"2025/2026";"129";"DM";"Midfield";"93.74";"8";"0";"11588.25";"123.62";"2074.75";"613.88";"50.5";"115.75";"6.5";"729.62";"57.0";"26.64";"27.6";"110.0";"2.62";"94.12";"16.12";"1.75";"0.79";"null";"0.25";"null";"null";"36.75";"2.0";"3.08";"11125.96";"123.62";"1991.98";"589.39";"48.49";"111.13";"6.24";"700.52";"54.73";"105.61";"2.52";"90.37";"15.48";"1.68";"0.24";"35.28"
" Joshua Thomas Sargent";"Josh Sargent";"17967";"2000-02-20";"Norwich City";"57";"ENG - Championship";"31";"2025/2026";"129";"CF";"Center Forward";"93.56";"22";"0";"10027.36";"107.18";"1278.5";"593.95";"64.45";"271.0";"15.45";"864.95";"79.91";"30.04";"31.48";"102.32";"8.64";"76.55";"20.91";"6.95";"0.66";"0.67";"2.68";"1.24";"1.32";"45.05";"1.85";"2.67";"9645.76";"107.18";"1229.84";"571.35";"62.0";"260.69";"14.87";"832.04";"76.87";"98.42";"8.31";"73.63";"20.11";"6.69";"2.58";"43.33"
"Haissem Hassan";"H. Hassan";"18342";"2002-02-08";"Real Oviedo";"776";"ESP - LaLiga";"4";"2025/2026";"129";"RW";"Wide Attacker";"81.69";"13";"0";"9419.15";"115.31";"1420.85";"620.54";"60.15";"205.46";"11.15";"826.0";"71.31";"29.16";"30.56";"97.46";"8.15";"82.77";"14.92";"6.08";"0.57";"0.66";"2.46";"1.32";"1.35";"44.08";"2.14";"2.67";"10377.52";"115.31";"1565.41";"683.68";"66.27";"226.37";"12.29";"910.04";"78.56";"107.38";"8.98";"91.19";"16.44";"6.7";"2.71";"48.56"
"Matthieu Udol";"M. Udol";"18389";"1996-03-20";"RC Lens";"85";"FRA - Ligue 1";"3";"2025/2026";"129";"LWB";"Full Back";"98.18";"14";"0";"11440.79";"116.53";"1753.93";"844.71";"79.79";"341.21";"18.29";"1185.93";"98.07";"30.44";"31.52";"122.64";"10.36";"101.64";"21.71";"7.79";"0.6";"0.62";"3.29";"1.21";"1.21";"47.64";"1.88";"2.62";"10487.86";"116.53";"1607.84";"774.36";"73.14";"312.79";"16.76";"1087.15";"89.9";"112.43";"9.49";"93.18";"19.91";"7.14";"3.01";"43.67"
"Hugo Magnetti";"H. Magnetti";"18404";"1998-05-30";"Stade Brestois 29";"89";"FRA - Ligue 1";"3";"2025/2026";"129";"LDM";"Midfield";"92.99";"12";"0";"11009.67";"118.39";"1665.92";"434.17";"35.5";"41.5";"3.25";"475.67";"38.75";"25.66";"26.3";"97.33";"2.33";"83.58";"11.83";"1.42";"0.7";"0.8";"0.42";"1.41";"null";"35.5";"1.9";"2.7";"10655.47";"118.39";"1612.32";"420.2";"34.36";"40.16";"3.15";"460.36";"37.5";"94.2";"2.26";"80.89";"11.45";"1.37";"0.4";"34.36"
"Armand Laurienté";"A. Laurienté";"18452";"1998-12-04";"Sassuolo";"158";"ITA - Serie A";"5";"2025/2026";"129";"LF";"Wide Attacker";"75.16";"17";"0";"7570.24";"100.72";"905.71";"449.65";"49.0";"195.59";"10.88";"645.24";"59.88";"30.8";"32.56";"82.76";"9.35";"68.47";"15.59";"7.24";"0.55";"0.58";"2.76";"1.03";"1.14";"31.71";"1.79";"2.77";"9064.97";"100.72";"1084.54";"538.43";"58.67";"234.21";"13.03";"772.64";"71.71";"99.11";"11.2";"81.99";"18.67";"8.66";"3.31";"37.97"
"Billy Sharp";"B. Sharp";"18531";"1986-02-05";"Doncaster Rovers FC";"1725";"ENG - League One";"101";"2025/2026";"129";"CF";"Center Forward";"83.31";"16";"0";"8537.0";"102.47";"1097.12";"537.62";"52.88";"154.75";"10.06";"692.38";"62.94";"28.29";"29.5";"94.38";"10.0";"74.81";"17.94";"7.0";"0.69";"0.73";"1.31";"1.44";"1.55";"30.06";"1.83";"2.92";"9222.61";"102.47";"1185.24";"580.8";"57.12";"167.18";"10.87";"747.98";"67.99";"101.95";"10.8";"80.82";"19.38";"7.56";"1.42";"32.48"
"David McGoldrick";"D. McGoldrick";"18534";"1987-11-29";"Barnsley FC";"878";"ENG - League One";"101";"2025/2026";"129";"CF";"Center Forward";"87.78";"8";"0";"9360.25";"106.63";"1273.75";"601.25";"60.0";"193.5";"12.0";"794.75";"72.0";"29.73";"30.16";"101.75";"8.62";"80.0";"14.0";"5.75";"0.7";"0.72";"2.38";"1.5";"1.61";"40.0";"2.02";"2.94";"9596.61";"106.63";"1305.91";"616.43";"61.52";"198.39";"12.3";"814.82";"73.82";"104.32";"8.84";"82.02";"14.35";"5.9";"2.43";"41.01"
"Rhys Norrington-Davies";"R. Norrington-Davies";"18542";"1999-04-22";"Queens Park Rangers";"56";"ENG - Championship";"31";"2025/2026";"129";"LB";"Full Back";"93.73";"20";"0";"10230.4";"109.14";"1452.25";"707.75";"69.95";"308.5";"16.75";"1016.25";"86.7";"30.75";"32.02";"124.15";"11.35";"97.15";"23.8";"7.4";"0.59";"0.59";"2.7";"1.17";"1.23";"38.65";"1.89";"2.6";"9822.76";"109.14";"1394.38";"679.55";"67.16";"296.21";"16.08";"975.76";"83.25";"119.2";"10.9";"93.28";"22.85";"7.11";"2.59";"37.11"
"Amari'i Bell";"A. Bell";"18550";"1994-05-05";"Charlton Athletic";"877";"ENG - Championship";"31";"2025/2026";"129";"LCB";"Central Defender";"100.38";"11";"0";"10091.91";"100.54";"1238.64";"443.55";"47.27";"167.64";"9.45";"611.18";"56.73";"29.34";"31.0";"112.0";"7.45";"82.82";"15.91";"4.45";"0.61";"0.62";"1.18";"1.29";"1.42";"34.55";"1.95";"2.73";"9048.31";"100.54";"1110.55";"397.68";"42.38";"150.3";"8.48";"547.98";"50.86";"100.42";"6.68";"74.25";"14.26";"3.99";"1.06";"30.97"
"Bradley Dack";"B. Dack";"18554";"1993-12-31";"Gillingham FC";"1722";"ENG - League Two";"204";"2025/2026";"129";"AM";"Midfield";"83.87";"15";"0";"9266.2";"110.49";"1467.73";"476.87";"36.33";"27.13";"1.87";"504.0";"38.2";"25.39";"26.82";"94.8";"3.8";"78.13";"8.6";"2.33";"0.66";"0.68";"0.07";"null";"null";"25.07";"2.13";"2.98";"9943.86";"110.49";"1575.07";"511.74";"38.99";"29.12";"2.0";"540.86";"40.99";"101.73";"4.08";"83.85";"9.23";"2.5";"0.07";"26.9"
"Ben Osborn";"B. Osborn";"18566";"1994-08-05";"Stockport County FC";"2820";"ENG - League One";"101";"2025/2026";"129";"LWB";"Full Back";"96.18";"10";"0";"11032.4";"114.7";"1686.0";"707.9";"65.7";"228.5";"12.9";"936.4";"78.6";"29.47";"30.58";"114.7";"8.2";"93.1";"20.6";"6.1";"0.65";"0.65";"1.9";"1.34";"1.37";"32.3";"2.06";"2.57";"10323.34";"114.7";"1577.64";"662.4";"61.48";"213.81";"12.07";"876.22";"73.55";"107.33";"7.67";"87.12";"19.28";"5.71";"1.78";"30.22"
"Matty Cash";"M. Cash";"18568";"1997-08-07";"Aston Villa";"39";"ENG - Premier League";"1";"2025/2026";"129";"RB";"Full Back";"97.99";"24";"0";"10424.42";"106.39";"1366.96";"649.04";"65.62";"262.29";"14.25";"911.33";"79.88";"29.71";"31.2";"111.71";"8.62";"90.12";"23.92";"6.17";"0.7";"0.71";"2.46";"1.34";"1.44";"39.83";"1.87";"2.6";"9574.8";"106.39";"1255.55";"596.14";"60.28";"240.91";"13.09";"837.06";"73.36";"102.6";"7.92";"82.78";"21.97";"5.66";"2.26";"36.59"
"Tendayi Darikwa";"T. Darikwa";"18574";"1991-12-13";"Lincoln City FC";"1721";"ENG - League One";"101";"2025/2026";"129";"RB";"Full Back";"98.76";"25";"0";"10671.28";"108.06";"1487.6";"606.92";"60.64";"219.12";"11.4";"826.04";"72.04";"29.54";"31.0";"119.56";"7.24";"95.48";"19.4";"5.68";"0.69";"0.7";"2.12";"1.25";"1.31";"37.0";"1.84";"2.49";"9725.2";"108.06";"1355.71";"553.11";"55.26";"199.69";"10.39";"752.81";"65.65";"108.96";"6.6";"87.02";"17.68";"5.18";"1.93";"33.72"
"Emiliano Buendía";"E. Buendía";"18583";"1996-12-25";"Aston Villa";"39";"ENG - Premier League";"1";"2025/2026";"129";"LW";"Wide Attacker";"75.77";"10";"0";"8922.0";"117.75";"1477.0";"630.8";"56.4";"189.3";"10.7";"820.1";"67.1";"28.53";"29.56";"95.0";"4.6";"74.9";"16.7";"3.2";"0.67";"0.72";"0.4";"null";"null";"45.6";"1.93";"2.77";"10597.6";"117.75";"1754.39";"749.27";"66.99";"224.85";"12.71";"974.12";"79.7";"112.84";"5.46";"88.97";"19.84";"3.8";"0.48";"54.16"
"Todd Cantwell";"T. Cantwell";"18588";"1998-02-27";"Blackburn Rovers";"42";"ENG - Championship";"31";"2025/2026";"129";"AM";"Midfield";"95.69";"16";"0";"11919.62";"124.57";"2057.81";"559.56";"47.81";"92.38";"5.69";"651.94";"53.5";"26.79";"28.08";"98.56";"3.44";"80.31";"11.56";"1.88";"0.8";"0.88";"0.38";"1.51";"null";"53.88";"1.84";"2.7";"11211.02";"124.57";"1935.48";"526.3";"44.97";"86.88";"5.35";"613.18";"50.32";"92.7";"3.23";"75.54";"10.88";"1.76";"0.35";"50.67"
"Josh Earl";"J. Earl";"18606";"1998-10-24";"Barnsley FC";"878";"ENG - League One";"101";"2025/2026";"129";"LCB";"Central Defender";"100.47";"10";"0";"10199.5";"101.51";"1251.1";"432.1";"41.0";"137.0";"7.5";"569.1";"48.5";"28.89";"29.86";"112.3";"4.5";"80.7";"9.2";"3.2";"0.9";"0.94";"1.5";"1.78";"null";"21.8";"2.08";"null";"9136.15";"101.51";"1120.67";"387.05";"36.73";"122.72";"6.72";"509.77";"43.44";"100.59";"4.03";"72.29";"8.24";"2.87";"1.34";"19.53"
"Ben Pearson";"B. Pearson";"18607";"1995-01-04";"Stoke City";"46";"ENG - Championship";"31";"2025/2026";"129";"LDM";"Midfield";"93.41";"9";"0";"9774.44";"104.64";"1352.44";"387.22";"36.11";"72.11";"3.78";"459.33";"39.89";"27.42";"28.26";"111.0";"4.22";"93.22";"9.67";"2.67";"0.68";"0.86";"0.67";"1.35";"null";"27.0";"2.1";"2.92";"9417.88";"104.64";"1303.11";"373.1";"34.79";"69.48";"3.64";"442.58";"38.43";"106.95";"4.07";"89.82";"9.31";"2.57";"0.64";"26.02"
"Jordan Storey";"J. Storey";"18614";"1997-09-02";"Preston North End";"748";"ENG - Championship";"31";"2025/2026";"129";"RCB";"Central Defender";"97.64";"23";"0";"10486.22";"107.4";"1354.3";"424.65";"41.39";"124.35";"7.35";"549.0";"48.74";"28.39";"30.2";"113.39";"5.57";"85.83";"9.83";"2.87";"0.64";"0.68";"0.78";"1.37";"1.42";"23.35";"1.93";"2.74";"9665.79";"107.4";"1248.35";"391.43";"38.15";"114.62";"6.77";"506.05";"44.93";"104.52";"5.13";"79.11";"9.06";"2.65";"0.72";"21.52"
"Andrew Hughes";"A. Hughes";"18616";"1992-06-05";"Preston North End";"748";"ENG - Championship";"31";"2025/2026";"129";"LCB";"Central Defender";"96.97";"24";"0";"10666.29";"109.99";"1483.83";"557.54";"49.83";"161.0";"8.96";"718.54";"58.79";"28.46";"30.06";"122.08";"6.71";"90.88";"14.96";"5.0";"0.66";"0.75";"1.04";"1.37";"1.98";"29.46";"1.91";"2.63";"9899.32";"109.99";"1377.14";"517.45";"46.25";"149.42";"8.31";"666.87";"54.56";"113.3";"6.23";"84.34";"13.88";"4.64";"0.97";"27.34"
"Ryan Ledson";"R. Ledson";"18617";"1997-08-19";"Huddersfield Town";"309";"ENG - League One";"101";"2025/2026";"129";"RDM";"Midfield";"95.5";"12";"0";"10349.25";"108.37";"1410.58";"365.92";"32.42";"56.92";"2.83";"422.83";"35.25";"26.45";"28.04";"92.5";"2.92";"83.42";"9.58";"1.67";"0.73";"null";"0.17";"null";"null";"18.83";"2.33";"2.76";"9753.22";"108.37";"1329.35";"344.84";"30.55";"53.64";"2.67";"398.48";"33.22";"87.17";"2.75";"78.61";"9.03";"1.57";"0.16";"17.75"
"Liam Palmer";"L. Palmer";"18628";"1991-09-19";"Sheffield Wednesday";"749";"ENG - Championship";"31";"2025/2026";"129";"RCB";"Central Defender";"94.51";"8";"0";"9931.38";"105.08";"1244.0";"479.0";"42.0";"171.25";"8.62";"650.25";"50.62";"28.76";"29.36";"102.38";"4.12";"78.12";"10.25";"3.12";"0.75";"0.91";"1.0";"1.49";"null";"22.38";"2.14";"null";"9456.99";"105.08";"1184.58";"456.12";"39.99";"163.07";"8.21";"619.19";"48.21";"97.48";"3.93";"74.39";"9.76";"2.98";"0.95";"21.31"
"Liam Palmer";"L. Palmer";"18628";"1991-09-19";"Sheffield Wednesday";"749";"ENG - Championship";"31";"2025/2026";"129";"RWB";"Full Back";"98.95";"10";"0";"10296.9";"104.07";"1363.2";"624.4";"60.5";"220.0";"12.3";"844.4";"72.8";"29.14";"29.68";"115.2";"7.5";"93.8";"16.8";"5.7";"0.63";"0.73";"2.2";"1.15";"1.29";"28.1";"2.19";"2.77";"9365.86";"104.07";"1239.94";"567.94";"55.03";"200.11";"11.19";"768.05";"66.22";"104.78";"6.82";"85.32";"15.28";"5.18";"2.0";"25.56"
"Morgan Fox";"M. Fox";"18630";"1993-09-21";"Wigan Athletic";"38";"ENG - League One";"101";"2025/2026";"129";"LCB";"Central Defender";"98.49";"22";"0";"10179.59";"103.36";"1233.91";"399.36";"36.05";"95.86";"5.09";"495.23";"41.14";"27.47";"29.48";"112.86";"5.18";"87.68";"11.5";"2.86";"0.73";"0.73";"0.45";"1.5";"null";"16.86";"2.24";"3.04";"9302.08";"103.36";"1127.54";"364.94";"32.94";"87.6";"4.65";"452.54";"37.59";"103.13";"4.74";"80.12";"10.51";"2.62";"0.42";"15.41"
"Jordan Thorniley";"J. Thorniley";"18632";"1996-11-24";"Northampton Town FC";"2811";"ENG - League One";"101";"2025/2026";"129";"CB";"Central Defender";"95.09";"8";"0";"9995.5";"105.12";"1088.12";"355.12";"30.62";"107.0";"4.38";"462.12";"35.0";"28.61";"29.84";"100.75";"3.12";"80.12";"7.88";"1.5";"0.75";"0.87";"0.62";"null";"null";"13.25";"2.3";"3.28";"9460.5";"105.12";"1029.88";"336.12";"28.99";"101.27";"4.14";"437.39";"33.13";"95.36";"2.96";"75.84";"7.45";"1.42";"0.59";"12.54"
"Tom Lees";"T. Lees";"18633";"1990-11-28";"Peterborough United";"1869";"ENG - League One";"101";"2025/2026";"129";"RCB";"Central Defender";"94.11";"23";"0";"9486.43";"100.81";"1251.17";"386.13";"35.74";"81.48";"4.39";"467.61";"40.13";"27.2";"29.0";"126.74";"4.7";"97.74";"10.87";"2.74";"0.79";"0.86";"0.3";"1.73";"null";"13.7";"2.02";"3.09";"9072.48";"100.81";"1196.58";"369.28";"34.18";"77.92";"4.2";"447.2";"38.38";"121.21";"4.49";"93.47";"10.4";"2.62";"0.29";"13.1"
"Adam Reach";"A. Reach";"18634";"1993-02-03";"Lincoln City FC";"1721";"ENG - League One";"101";"2025/2026";"129";"LB";"Full Back";"98.36";"19";"0";"11355.37";"115.44";"1686.0";"796.95";"76.79";"350.68";"17.11";"1147.63";"93.89";"30.11";"31.42";"122.37";"8.26";"96.0";"19.32";"6.58";"0.65";"0.66";"1.53";"1.43";"1.45";"44.84";"1.9";"2.58";"10389.71";"115.44";"1542.62";"729.18";"70.26";"320.86";"15.65";"1050.04";"85.91";"111.96";"7.56";"87.84";"17.67";"6.02";"1.4";"41.03"
"Morgan Rogers";"M. Rogers";"18661";"2002-07-26";"Aston Villa";"39";"ENG - Premier League";"1";"2025/2026";"129";"AM";"Midfield";"97.03";"12";"0";"11357.92";"117.06";"1764.67";"646.0";"60.0";"239.42";"11.92";"885.42";"71.92";"29.57";"31.1";"100.75";"4.25";"83.83";"11.83";"3.0";"0.67";"0.7";"1.08";"1.38";"1.52";"36.5";"1.95";"2.69";"10535.56";"117.06";"1636.9";"599.23";"55.66";"222.08";"11.05";"821.31";"66.71";"93.46";"3.94";"77.76";"10.98";"2.78";"1.0";"33.86"
"Morgan Rogers";"M. Rogers";"18661";"2002-07-26";"Aston Villa";"39";"ENG - Premier League";"1";"2025/2026";"129";"LW";"Wide Attacker";"100.41";"9";"0";"11467.56";"114.21";"1722.56";"726.89";"66.22";"228.56";"12.78";"955.44";"79.0";"29.04";"29.94";"112.0";"6.22";"94.0";"16.22";"5.33";"0.68";"0.69";"1.67";"1.23";"1.33";"40.89";"1.93";"2.87";"10279.11";"114.21";"1544.04";"651.56";"59.36";"204.87";"11.45";"856.43";"70.81";"100.39";"5.58";"84.26";"14.54";"4.78";"1.49";"36.65"
"Ché Adams";"C. Adams";"18665";"1996-07-13";"Torino";"146";"ITA - Serie A";"5";"2025/2026";"129";"CF";"Center Forward";"85.24";"13";"0";"9221.23";"108.17";"1298.15";"550.38";"50.08";"147.92";"7.62";"698.31";"57.69";"27.99";"29.2";"91.38";"6.85";"75.31";"13.08";"3.54";"0.65";"0.67";"0.69";"1.46";"1.54";"36.92";"1.84";"2.82";"9735.61";"108.17";"1370.57";"581.09";"52.87";"156.17";"8.04";"737.26";"60.91";"96.48";"7.23";"79.51";"13.81";"3.74";"0.73";"38.98"
"Dan Scarr";"D. Scarr";"18672";"1994-12-24";"Wrexham FC";"3139";"ENG - Championship";"31";"2025/2026";"129";"CB";"Central Defender";"93.43";"8";"0";"9502.12";"101.71";"1096.12";"276.12";"27.38";"62.75";"4.25";"338.88";"31.62";"27.57";"28.2";"111.75";"5.12";"86.25";"11.12";"2.5";"0.76";"0.98";"0.62";"null";"null";"21.88";"2.04";"null";"9153.57";"101.71";"1055.92";"266.0";"26.37";"60.45";"4.09";"326.44";"30.46";"107.65";"4.94";"83.09";"10.72";"2.41";"0.6";"21.07"
"Josh Dacres-Cogley";"J. Dacres-Cogley";"18673";"1996-03-12";"Bolton Wanderers";"45";"ENG - League One";"101";"2025/2026";"129";"RB";"Full Back";"91.49";"11";"0";"10355.55";"113.18";"1539.91";"694.09";"68.73";"280.0";"14.27";"974.09";"83.0";"30.04";"31.52";"115.45";"9.45";"92.82";"19.0";"6.64";"0.63";"0.66";"2.0";"1.16";"1.24";"36.82";"1.84";"2.86";"10186.46";"113.18";"1514.77";"682.76";"67.61";"275.43";"14.04";"958.19";"81.64";"113.57";"9.3";"91.3";"18.69";"6.53";"1.97";"36.22"
"Michael Morrison";"M. Morrison";"18675";"1988-03-03";"Cambridge United";"1871";"ENG - League Two";"204";"2025/2026";"129";"RCB";"Central Defender";"100.21";"9";"0";"10084.78";"100.63";"1231.78";"300.33";"26.89";"42.56";"2.56";"342.89";"29.44";"26.88";"27.82";"113.67";"4.0";"77.78";"9.67";"2.56";"0.76";"1.01";"0.33";"null";"null";"18.33";"2.47";"2.99";"9057.01";"100.63";"1106.24";"269.73";"24.15";"38.22";"2.3";"307.94";"26.44";"102.08";"3.59";"69.85";"8.68";"2.3";"0.3";"16.46"
"Charlie Lakin";"C. Lakin";"18677";"1999-05-08";"Walsall FC";"2508";"ENG - League Two";"204";"2025/2026";"129";"LM";"Midfield";"83.82";"14";"0";"9978.79";"119.04";"1686.5";"735.07";"63.71";"218.07";"12.14";"953.14";"75.86";"28.47";"30.0";"110.64";"4.79";"95.36";"13.14";"3.64";"0.6";"0.76";"1.14";"1.4";"1.46";"47.14";"2.02";"2.61";"10714.03";"119.04";"1810.76";"789.23";"68.41";"234.14";"13.04";"1023.37";"81.45";"118.8";"5.14";"102.38";"14.11";"3.91";"1.23";"50.62"
"Nahki Wells";"N. Wells";"18698";"1990-06-01";"Luton Town";"879";"ENG - League One";"101";"2025/2026";"129";"CF";"Center Forward";"81.0";"16";"0";"9098.31";"112.32";"1295.88";"632.38";"65.81";"206.94";"13.75";"839.31";"79.56";"29.52";"30.6";"101.94";"9.88";"81.56";"18.38";"7.12";"0.64";"0.71";"2.38";"1.25";"1.71";"41.19";"1.83";"2.71";"10108.85";"112.32";"1439.81";"702.61";"73.12";"229.92";"15.28";"932.53";"88.4";"113.26";"10.97";"90.62";"20.42";"7.92";"2.64";"45.76"
"Josh Tymon";"J. Tymon";"18707";"1999-05-22";"Swansea City";"55";"ENG - Championship";"31";"2025/2026";"129";"LB";"Full Back";"98.73";"26";"0";"10465.38";"106.0";"1422.65";"614.92";"63.42";"246.42";"13.35";"861.35";"76.77";"29.89";"31.28";"114.85";"7.08";"91.85";"18.15";"5.08";"0.61";"0.64";"1.73";"1.23";"1.33";"35.58";"1.84";"2.51";"9540.05";"106.0";"1296.87";"560.55";"57.82";"224.63";"12.17";"785.19";"69.98";"104.69";"6.45";"83.73";"16.55";"4.63";"1.58";"32.43"
"Tyrese Campbell";"T. Campbell";"18708";"1999-12-28";"Sheffield United";"746";"ENG - Championship";"31";"2025/2026";"129";"CF";"Center Forward";"80.14";"19";"0";"7728.84";"96.45";"886.53";"465.74";"54.63";"234.68";"12.47";"700.42";"67.11";"30.81";"32.48";"97.05";"10.37";"74.0";"22.42";"8.0";"0.57";"0.62";"2.84";"1.06";"1.14";"24.74";"1.87";"2.73";"8680.19";"96.45";"995.65";"523.06";"61.36";"263.57";"14.01";"786.64";"75.37";"109.0";"11.64";"83.11";"25.18";"8.98";"3.19";"27.78"
"Lasse Sørensen";"L. Sørensen";"18711";"1999-10-21";"Huddersfield Town";"309";"ENG - League One";"101";"2025/2026";"129";"RB";"Full Back";"90.56";"12";"0";"10588.25";"116.92";"1650.33";"781.08";"67.58";"266.25";"13.75";"1047.33";"81.33";"28.35";"29.34";"118.17";"10.25";"97.58";"21.42";"7.75";"0.72";"0.73";"2.5";"1.42";"1.46";"35.92";"1.98";"2.66";"10522.97";"116.92";"1640.16";"776.27";"67.17";"264.61";"13.67";"1040.88";"80.83";"117.44";"10.19";"96.98";"21.28";"7.7";"2.48";"35.7"
"Ryan Woods";"R. Woods";"18713";"1993-12-13";"Oldham Athletic AFC";"3952";"ENG - League Two";"204";"2025/2026";"129";"DM";"Midfield";"100.52";"10";"0";"11653.8";"115.94";"1613.1";"465.7";"39.8";"80.1";"4.4";"545.8";"44.2";"26.9";"28.34";"100.0";"3.7";"87.1";"8.3";"2.4";"0.71";"0.79";"0.2";"null";"null";"28.7";"2.14";"2.67";"10434.34";"115.94";"1444.3";"416.97";"35.64";"71.72";"3.94";"488.69";"39.57";"89.54";"3.31";"77.99";"7.43";"2.15";"0.18";"25.7"
"Ryan Woods";"R. Woods";"18713";"1993-12-13";"Oldham Athletic AFC";"3952";"ENG - League Two";"204";"2025/2026";"129";"RM";"Midfield";"100.64";"9";"0";"11259.11";"111.88";"1351.89";"371.67";"36.11";"97.0";"5.0";"468.67";"41.11";"28.57";"29.74";"95.33";"2.89";"80.44";"7.11";"1.56";"0.85";"null";"0.22";"null";"null";"27.44";"2.15";"2.92";"10069.24";"111.88";"1209.02";"332.39";"32.29";"86.75";"4.47";"419.14";"36.77";"85.26";"2.58";"71.94";"6.36";"1.39";"0.2";"24.54"
"Zak Vyner";"Z. Vyner";"18715";"1997-05-14";"Bristol City";"753";"ENG - Championship";"31";"2025/2026";"129";"RCB";"Central Defender";"98.62";"8";"0";"10565.5";"107.13";"1294.62";"505.75";"48.38";"190.12";"9.75";"695.88";"58.12";"29.54";"30.44";"119.75";"5.0";"94.88";"12.38";"2.88";"0.68";"0.8";"0.88";"1.63";"1.77";"28.75";"2.15";"3.13";"9642.13";"107.13";"1181.48";"461.55";"44.15";"173.51";"8.9";"635.06";"53.05";"109.28";"4.56";"86.58";"11.29";"2.62";"0.8";"26.24"
"Oluwasemilogo Ibidapo Ajayi";"S. Ajayi";"18718";"1993-11-09";"Hull City";"47";"ENG - Championship";"31";"2025/2026";"129";"RCB";"Central Defender";"98.95";"9";"0";"9726.33";"98.3";"1118.56";"406.89";"43.67";"157.22";"9.11";"564.11";"52.78";"29.84";"30.62";"109.22";"6.44";"82.56";"14.0";"4.56";"0.64";"0.78";"1.44";"1.35";"1.78";"25.44";"2.03";"2.71";"8846.92";"98.3";"1017.42";"370.1";"39.72";"143.01";"8.29";"513.11";"48.01";"99.35";"5.86";"75.09";"12.73";"4.14";"1.31";"23.14"
"Ryan Manning";"R. Manning";"18725";"1996-06-14";"Southampton";"58";"ENG - Championship";"31";"2025/2026";"129";"LWB";"Full Back";"93.49";"20";"0";"9734.2";"104.12";"1378.75";"633.35";"54.2";"216.55";"10.35";"849.9";"64.55";"29.46";"31.12";"102.3";"6.5";"84.4";"14.9";"4.8";"0.61";"0.64";"1.35";"1.31";"1.58";"29.8";"1.92";"2.78";"9371.24";"104.12";"1327.34";"609.73";"52.18";"208.48";"9.96";"818.21";"62.14";"98.49";"6.26";"81.25";"14.34";"4.62";"1.3";"28.69"
"Michael Smith";"M. Smith";"18728";"1991-10-17";"Preston North End";"748";"ENG - Championship";"31";"2025/2026";"129";"CF";"Center Forward";"90.07";"12";"0";"9886.92";"109.77";"1251.5";"519.33";"53.42";"165.42";"10.83";"684.75";"64.25";"28.64";"29.76";"108.17";"7.83";"84.83";"19.58";"5.33";"0.69";"0.74";"0.58";"1.64";"null";"33.67";"1.99";"2.66";"9878.99";"109.77";"1250.5";"518.92";"53.37";"165.28";"10.82";"684.2";"64.2";"108.08";"7.83";"84.77";"19.57";"5.33";"0.58";"33.64"
"Ben Wiles";"B. Wiles";"18729";"1999-04-17";"Huddersfield Town";"309";"ENG - League One";"101";"2025/2026";"129";"AM";"Midfield";"87.74";"8";"0";"9884.88";"112.66";"1501.62";"556.0";"58.5";"281.0";"13.25";"837.0";"71.75";"30.65";"31.14";"107.12";"7.0";"91.75";"15.88";"5.12";"0.59";"0.59";"2.5";"1.22";"1.23";"37.88";"1.84";"2.88";"10139.06";"112.66";"1540.24";"570.3";"60.0";"288.23";"13.59";"858.52";"73.59";"109.88";"7.18";"94.11";"16.28";"5.26";"2.56";"38.85"
"Jake Cooper";"J. Cooper";"18737";"1995-02-03";"Millwall FC";"751";"ENG - Championship";"31";"2025/2026";"129";"LCB";"Central Defender";"99.48";"30";"0";"10196.1";"102.5";"1258.93";"382.47";"33.53";"79.67";"4.87";"462.13";"38.4";"27.11";"29.16";"103.63";"4.17";"82.23";"8.7";"2.27";"0.67";"0.75";"0.27";"null";"null";"17.13";"2.12";"2.78";"9224.66";"102.5";"1138.99";"346.03";"30.34";"72.08";"4.4";"418.1";"34.74";"93.76";"3.77";"74.4";"7.87";"2.05";"0.24";"15.5"
"Murray Wallace";"M. Wallace";"18745";"1993-01-10";"Huddersfield Town";"309";"ENG - League One";"101";"2025/2026";"129";"LCB";"Central Defender";"98.22";"12";"0";"10521.33";"107.12";"1357.5";"458.58";"44.0";"116.17";"7.67";"574.75";"51.67";"27.77";"28.24";"115.83";"5.42";"83.67";"12.92";"2.67";"0.77";"0.89";"0.42";"2.07";"2.07";"24.33";"2.01";"2.88";"9640.59";"107.12";"1243.86";"420.2";"40.32";"106.44";"7.02";"526.64";"47.34";"106.14";"4.96";"76.66";"11.84";"2.44";"0.38";"22.3"
"Ryan Leonard";"R. Leonard";"18748";"1992-05-24";"Millwall FC";"751";"ENG - Championship";"31";"2025/2026";"129";"RB";"Full Back";"95.63";"10";"0";"9976.1";"104.32";"1343.0";"523.7";"50.9";"154.6";"9.0";"678.3";"59.9";"28.81";"29.98";"113.7";"9.9";"93.4";"21.0";"8.0";"0.58";"0.65";"2.0";"1.2";"1.34";"33.2";"2.15";"2.57";"9388.78";"104.32";"1263.93";"492.87";"47.9";"145.5";"8.47";"638.37";"56.37";"107.01";"9.32";"87.9";"19.76";"7.53";"1.88";"31.25"
"Jordan Obita";"J. Obita";"18763";"1993-12-08";"Hibernian";"245";"SCO - Premiership";"18";"2025/2026";"129";"LWB";"Full Back";"93.73";"10";"0";"10836.6";"115.61";"1584.4";"645.3";"57.4";"204.3";"10.8";"849.6";"68.2";"28.94";"30.46";"110.8";"7.7";"95.4";"16.5";"5.4";"0.65";"0.67";"1.1";"1.29";"1.46";"36.2";"2.01";"2.72";"10404.99";"115.61";"1521.29";"619.6";"55.11";"196.16";"10.37";"815.76";"65.48";"106.39";"7.39";"91.6";"15.84";"5.18";"1.06";"34.76"
"Liam Anthony Kelly";"L. Kelly";"18774";"1995-11-22";"Milton Keynes Dons";"755";"ENG - League Two";"204";"2025/2026";"129";"DM";"Midfield";"93.37";"12";"0";"10850.33";"116.21";"2160.33";"736.75";"60.25";"129.58";"7.92";"866.33";"68.17";"27.42";"28.7";"116.83";"6.92";"95.0";"17.33";"3.83";"0.74";"0.75";"0.83";"1.71";"1.85";"45.67";"1.93";"2.71";"10458.93";"116.21";"2082.4";"710.17";"58.08";"124.91";"7.63";"835.08";"65.71";"112.62";"6.67";"91.57";"16.71";"3.7";"0.8";"44.02"
"Danny Namaso Loader Edi-Mesumbe";"D. Namaso";"18776";"2000-08-28";"AJ Auxerre";"65";"FRA - Ligue 1";"3";"2025/2026";"129";"LW";"Wide Attacker";"94.44";"10";"0";"10545.0";"111.65";"1470.3";"629.9";"61.1";"238.0";"11.9";"867.9";"73.0";"29.78";"30.62";"114.1";"5.9";"86.5";"19.1";"3.8";"0.68";"0.7";"1.8";"1.37";"1.37";"47.3";"2.08";"2.76";"10048.71";"111.65";"1401.1";"600.25";"58.22";"226.8";"11.34";"827.05";"69.56";"108.73";"5.62";"82.43";"18.2";"3.62";"1.72";"45.07"
"Fikayo Tomori";"F. Tomori";"18779";"1997-12-19";"Milan";"140";"ITA - Serie A";"5";"2025/2026";"129";"RCB";"Central Defender";"96.51";"17";"0";"10132.47";"104.99";"1177.53";"370.35";"37.76";"132.88";"6.53";"503.24";"44.29";"29.77";"31.8";"114.29";"5.94";"91.82";"13.12";"4.06";"0.64";"0.65";"1.29";"1.16";"null";"27.76";"1.89";"2.57";"9448.82";"104.99";"1098.08";"345.36";"35.22";"123.92";"6.09";"469.28";"41.31";"106.58";"5.54";"85.63";"12.23";"3.78";"1.21";"25.89"
"Jack Marriott";"J. Marriott";"18780";"1994-09-09";"Reading";"59";"ENG - League One";"101";"2025/2026";"129";"CF";"Center Forward";"91.92";"16";"0";"9938.81";"108.13";"1446.19";"614.94";"64.81";"251.94";"13.62";"866.88";"78.44";"29.82";"31.16";"107.69";"11.5";"89.38";"19.31";"8.5";"0.63";"0.71";"2.06";"1.35";"1.39";"34.56";"1.94";"2.87";"9731.68";"108.13";"1416.05";"602.12";"63.46";"246.69";"13.34";"848.81";"76.8";"105.44";"11.26";"87.51";"18.91";"8.32";"2.02";"33.84"
"George Evans";"G. Evans";"18781";"1994-12-13";"Burton Albion";"1874";"ENG - League One";"101";"2025/2026";"129";"DM";"Midfield";"89.87";"10";"0";"9919.9";"110.38";"1363.9";"403.0";"37.2";"78.5";"4.5";"481.5";"41.7";"27.47";"28.7";"109.0";"5.2";"90.1";"11.0";"2.2";"0.77";"0.9";"0.2";"null";"null";"21.9";"2.2";"2.75";"9934.62";"110.38";"1365.92";"403.6";"37.26";"78.62";"4.51";"482.21";"41.76";"109.16";"5.21";"90.23";"11.02";"2.2";"0.2";"21.93"
"Jayden Bogle";"J. Bogle";"18787";"2000-07-27";"Leeds United";"787";"ENG - Premier League";"1";"2025/2026";"129";"RB";"Full Back";"96.25";"13";"0";"10687.15";"111.04";"1585.31";"633.92";"61.69";"268.62";"13.54";"902.54";"75.23";"29.82";"31.04";"117.0";"7.0";"93.69";"19.85";"5.08";"0.71";"0.73";"1.69";"1.42";"null";"39.77";"1.91";"2.5";"9993.32";"111.04";"1482.39";"592.77";"57.69";"251.18";"12.66";"843.94";"70.35";"109.4";"6.55";"87.61";"18.56";"4.75";"1.58";"37.19"
"Jayden Bogle";"J. Bogle";"18787";"2000-07-27";"Leeds United";"787";"ENG - Premier League";"1";"2025/2026";"129";"RWB";"Full Back";"93.25";"9";"0";"10732.89";"115.1";"1622.44";"758.44";"68.0";"325.67";"15.67";"1084.11";"83.67";"29.52";"30.08";"118.89";"7.11";"96.44";"21.33";"5.22";"0.77";"0.77";"2.22";"1.48";"1.51";"40.44";"2.04";"2.67";"10359.23";"115.1";"1565.96";"732.04";"65.63";"314.33";"15.12";"1046.37";"80.75";"114.75";"6.86";"93.09";"20.59";"5.04";"2.14";"39.04"
"Trevoh Chalobah";"T. Chalobah";"18794";"1999-07-05";"Chelsea";"49";"ENG - Premier League";"1";"2025/2026";"129";"LCB";"Central Defender";"100.8";"13";"0";"9831.08";"97.53";"1251.23";"406.62";"40.23";"127.77";"7.15";"534.38";"47.38";"28.78";"30.04";"121.77";"7.69";"95.85";"14.38";"4.62";"0.64";"0.74";"1.62";"1.27";"1.6";"26.69";"1.95";"2.79";"8777.97";"97.53";"1117.2";"363.06";"35.92";"114.08";"6.39";"477.14";"42.31";"108.73";"6.87";"85.58";"12.84";"4.12";"1.44";"23.83"
"Trevoh Chalobah";"T. Chalobah";"18794";"1999-07-05";"Chelsea";"49";"ENG - Premier League";"1";"2025/2026";"129";"RCB";"Central Defender";"99.82";"9";"0";"9716.89";"97.35";"1211.33";"419.67";"40.56";"131.0";"7.0";"550.67";"47.56";"28.92";"29.9";"116.78";"6.67";"91.78";"14.67";"5.22";"0.68";"0.82";"1.22";"1.38";"null";"29.89";"2.16";"2.91";"8761.26";"97.35";"1092.2";"378.39";"36.57";"118.12";"6.31";"496.51";"42.88";"105.29";"6.01";"82.75";"13.22";"4.71";"1.1";"26.95"
"Ellis Harrison";"E. Harrison";"18797";"1994-01-29";"Bristol Rovers FC";"2540";"ENG - League Two";"204";"2025/2026";"129";"CF";"Center Forward";"79.6";"10";"0";"7738.9";"97.22";"837.8";"420.4";"41.8";"140.6";"8.4";"561.0";"50.2";"28.78";"30.02";"74.5";"5.9";"55.5";"12.0";"3.3";"0.76";"0.86";"0.7";"1.79";"null";"21.8";"2.05";"2.93";"8750.01";"97.22";"947.26";"475.33";"47.26";"158.97";"9.5";"634.3";"56.76";"84.23";"6.67";"62.75";"13.57";"3.73";"0.79";"24.65"
"Edward James (Teddy) Bishop";"E. Bishop";"18800";"1996-07-15";"Colchester United FC";"2814";"ENG - League Two";"204";"2025/2026";"129";"LDM";"Midfield";"85.91";"13";"0";"9711.31";"113.04";"1633.15";"449.77";"38.15";"53.08";"3.92";"502.85";"42.08";"26.41";"27.14";"109.38";"4.69";"98.69";"9.62";"2.77";"0.68";"0.76";"0.92";"1.25";"1.84";"28.85";"1.98";"3.04";"10173.61";"113.04";"1710.9";"471.18";"39.97";"55.6";"4.11";"526.78";"44.08";"114.59";"4.92";"103.39";"10.07";"2.9";"0.97";"30.22"
"Flynn Downes";"F. Downes";"18803";"1999-01-20";"Southampton";"58";"ENG - Championship";"31";"2025/2026";"129";"RM";"Midfield";"93.3";"11";"0";"11539.0";"123.67";"2225.55";"705.91";"60.91";"197.82";"10.45";"903.73";"71.36";"29.36";"30.58";"117.82";"4.36";"100.91";"11.36";"2.82";"0.73";"0.73";"1.0";"1.42";"1.74";"47.73";"1.86";"2.74";"11130.69";"123.67";"2146.79";"680.93";"58.75";"190.82";"10.08";"871.75";"68.84";"113.65";"4.21";"97.34";"10.96";"2.72";"0.96";"46.04"
"Andre Dozzell";"A. Dozzell";"18805";"1999-05-02";"Portsmouth";"50";"ENG - Championship";"31";"2025/2026";"129";"LDM";"Midfield";"97.04";"14";"0";"11244.21";"115.87";"1788.29";"623.07";"56.71";"168.86";"10.29";"791.93";"67.0";"27.83";"28.98";"116.57";"5.07";"101.0";"9.57";"3.21";"0.64";"0.64";"0.57";"1.3";"1.49";"31.14";"1.96";"2.82";"10428.42";"115.87";"1658.54";"577.87";"52.6";"156.61";"9.54";"734.47";"62.14";"108.11";"4.7";"93.67";"8.88";"2.98";"0.53";"28.88"
"Andre Dozzell";"A. Dozzell";"18805";"1999-05-02";"Portsmouth";"50";"ENG - Championship";"31";"2025/2026";"129";"RDM";"Midfield";"91.86";"9";"0";"10674.44";"116.2";"1844.67";"446.78";"40.11";"98.89";"5.67";"545.67";"45.78";"27.88";"28.88";"111.78";"4.67";"95.11";"8.44";"2.78";"0.67";"0.77";"0.67";"1.38";"null";"29.0";"2.15";"2.82";"10457.97";"116.2";"1807.26";"437.72";"39.3";"96.88";"5.55";"534.6";"44.85";"109.51";"4.57";"93.18";"8.27";"2.72";"0.65";"28.41"
"Kal Naismith";"K. Naismith";"18824";"1992-02-18";"Luton Town";"879";"ENG - League One";"101";"2025/2026";"129";"LCB";"Central Defender";"95.66";"13";"0";"9613.15";"100.5";"1197.15";"409.23";"36.31";"83.46";"4.62";"492.69";"40.92";"27.94";"28.94";"111.23";"6.46";"78.15";"13.69";"4.15";"0.67";"0.71";"0.92";"1.59";"null";"19.85";"2.06";"2.9";"9044.58";"100.5";"1126.35";"385.03";"34.16";"78.53";"4.34";"463.55";"38.5";"104.65";"6.08";"73.53";"12.88";"3.91";"0.87";"18.67"
"Cédric Kipré";"C. Kipré";"18825";"1996-12-09";"Ipswich Town";"752";"ENG - Championship";"31";"2025/2026";"129";"LCB";"Central Defender";"96.36";"19";"0";"9679.05";"100.44";"1179.89";"402.0";"36.89";"114.63";"5.53";"516.63";"42.42";"29.26";"30.7";"104.84";"4.89";"79.0";"11.05";"2.63";"0.67";"0.85";"0.74";"1.36";"null";"17.0";"2.13";"3.07";"9039.91";"100.44";"1101.98";"375.45";"34.46";"107.06";"5.16";"482.52";"39.62";"97.92";"4.57";"73.78";"10.32";"2.46";"0.69";"15.88"
"Chey Dunkley";"C. Dunkley";"18826";"1992-02-13";"Chesterfield FC";"3361";"ENG - League Two";"204";"2025/2026";"129";"RCB";"Central Defender";"96.26";"19";"0";"9315.63";"96.78";"1018.11";"309.32";"30.95";"71.79";"4.21";"381.11";"35.16";"28.18";"29.44";"102.63";"3.53";"76.37";"10.37";"2.37";"0.73";"0.82";"0.32";"1.51";"null";"16.68";"2.1";"3.0";"8709.77";"96.78";"951.89";"289.2";"28.93";"67.12";"3.94";"356.32";"32.87";"95.96";"3.3";"71.4";"9.69";"2.21";"0.3";"15.6"
"Callum Connolly";"C. Connolly";"18829";"1997-09-23";"Stockport County FC";"2820";"ENG - League One";"101";"2025/2026";"129";"CB";"Central Defender";"99.92";"9";"0";"10643.22";"106.52";"1354.11";"431.67";"42.0";"103.33";"6.11";"535.0";"48.11";"27.94";"28.42";"116.22";"5.78";"89.67";"13.0";"3.11";"0.74";"0.84";"1.11";"1.34";"null";"21.78";"2.29";"3.01";"9586.89";"106.52";"1219.72";"388.82";"37.83";"93.08";"5.5";"481.9";"43.34";"104.69";"5.2";"80.77";"11.71";"2.8";"1.0";"19.62"
"Joe Gelhardt";"J. Gelhardt";"18835";"2002-05-04";"Hull City";"47";"ENG - Championship";"31";"2025/2026";"129";"RW";"Wide Attacker";"87.18";"12";"0";"9426.25";"108.12";"1294.67";"546.5";"52.92";"207.5";"10.67";"754.0";"63.58";"29.6";"30.22";"93.58";"5.0";"78.83";"13.67";"3.83";"0.7";"0.72";"1.08";"1.41";"1.54";"29.42";"2.07";"2.78";"9730.63";"108.12";"1336.47";"564.15";"54.63";"214.2";"11.01";"778.35";"65.64";"96.61";"5.16";"81.38";"14.11";"3.96";"1.12";"30.37"
"Luke Ayling";"L. Ayling";"18839";"1991-08-25";"Middlesbrough";"43";"ENG - Championship";"31";"2025/2026";"129";"RCB";"Central Defender";"97.74";"19";"0";"10569.58";"108.14";"1543.0";"541.63";"46.16";"142.95";"7.84";"684.58";"54.0";"27.95";"29.2";"114.53";"4.68";"91.79";"12.26";"2.95";"0.74";"0.88";"0.74";"1.65";"1.65";"25.53";"1.94";"2.71";"9732.63";"108.14";"1420.82";"498.74";"42.5";"131.63";"7.22";"630.37";"49.72";"105.46";"4.31";"84.52";"11.29";"2.71";"0.68";"23.51"
"Sam Dalby";"S. Dalby";"18852";"1999-12-07";"Bolton Wanderers";"45";"ENG - League One";"101";"2025/2026";"129";"CF";"Center Forward";"88.8";"10";"0";"9796.9";"110.32";"1274.7";"590.6";"60.3";"242.1";"13.9";"832.7";"74.2";"29.71";"30.42";"99.4";"9.2";"80.3";"18.1";"6.7";"0.63";"0.68";"2.4";"1.18";"1.45";"41.3";"1.98";"2.82";"9929.1";"110.32";"1291.9";"598.57";"61.11";"245.37";"14.09";"843.94";"75.2";"100.74";"9.32";"81.38";"18.34";"6.79";"2.43";"41.86"
"Jack Clarke";"J. Clarke";"18858";"2000-11-23";"Ipswich Town";"752";"ENG - Championship";"31";"2025/2026";"129";"LW";"Wide Attacker";"86.61";"10";"0";"9403.0";"108.57";"1316.4";"630.0";"64.2";"247.1";"14.0";"877.1";"78.2";"29.64";"30.96";"103.4";"7.5";"80.3";"18.4";"5.8";"0.67";"0.67";"1.9";"1.21";"1.4";"47.0";"1.84";"2.73";"9771.04";"108.57";"1367.93";"654.66";"66.71";"256.77";"14.55";"911.43";"81.26";"107.45";"7.79";"83.44";"19.12";"6.03";"1.97";"48.84"
"Pascal Struijk";"P. Struijk";"18859";"1999-08-11";"Leeds United";"787";"ENG - Premier League";"1";"2025/2026";"129";"LCB";"Central Defender";"100.11";"22";"0";"10281.23";"102.7";"1239.73";"454.27";"44.77";"156.86";"8.77";"611.14";"53.55";"29.38";"31.02";"119.14";"6.68";"93.68";"13.55";"4.5";"0.67";"0.76";"1.36";"1.35";"1.7";"30.45";"1.97";"2.72";"9242.74";"102.7";"1114.5";"408.39";"40.25";"141.02";"7.89";"549.41";"48.14";"107.1";"6.01";"84.22";"12.18";"4.05";"1.23";"27.38"
"Jarrod Bowen";"J. Bowen";"18866";"1996-12-20";"West Ham United";"37";"ENG - Premier League";"1";"2025/2026";"129";"RW";"Wide Attacker";"100.22";"16";"0";"10541.94";"105.19";"1325.25";"604.62";"62.0";"260.56";"13.62";"865.19";"75.62";"29.92";"31.38";"103.62";"7.69";"79.75";"21.5";"5.56";"0.62";"0.7";"1.62";"1.21";"1.35";"43.56";"1.83";"2.73";"9467.03";"105.19";"1190.12";"542.97";"55.68";"233.99";"12.24";"776.97";"67.91";"93.06";"6.9";"71.62";"19.31";"5.0";"1.46";"39.12"
"Robbie McKenzie";"R. McKenzie";"18870";"1998-09-25";"Gillingham FC";"1722";"ENG - League Two";"204";"2025/2026";"129";"RM";"Midfield";"95.53";"8";"0";"9877.5";"103.4";"1276.25";"556.12";"50.5";"167.0";"8.88";"723.12";"59.38";"29.38";"30.08";"106.12";"5.88";"88.0";"15.12";"4.12";"0.69";"0.74";"0.88";"1.36";"null";"26.88";"1.9";"2.8";"9306.2";"103.4";"1202.43";"523.96";"47.58";"157.34";"8.36";"681.3";"55.94";"99.99";"5.54";"82.91";"14.25";"3.89";"0.82";"25.32"
"George Byers";"G. Byers";"18878";"1996-05-29";"Port Vale FC";"2543";"ENG - League One";"101";"2025/2026";"129";"DM";"Midfield";"96.66";"8";"0";"11055.75";"114.37";"2015.38";"499.25";"39.25";"41.5";"2.88";"540.75";"42.12";"25.3";"25.88";"119.38";"4.75";"98.62";"13.38";"1.62";"0.91";"1.19";"0.38";"2.24";"null";"37.5";"2.1";"2.86";"10293.51";"114.37";"1876.42";"464.83";"36.54";"38.64";"2.68";"503.47";"39.22";"111.14";"4.42";"91.83";"12.45";"1.51";"0.35";"34.91"
"Aaron Lewis";"A. Lewis";"18880";"1998-06-26";"Mansfield Town FC";"2819";"ENG - League One";"101";"2025/2026";"129";"LDM";"Midfield";"93.67";"8";"0";"10485.75";"111.95";"1715.38";"516.88";"42.75";"61.0";"2.88";"577.88";"45.62";"26.21";"27.02";"108.5";"2.62";"97.38";"12.38";"1.25";"0.82";"null";"0.12";"null";"null";"37.88";"2.06";"2.85";"10075.05";"111.95";"1648.19";"496.63";"41.08";"58.61";"2.76";"555.24";"43.84";"104.25";"2.52";"93.56";"11.89";"1.2";"0.12";"36.39"
"Courtney Baker-Richardson";"C. Baker-Richardson";"18892";"1995-12-05";"Newport County AFC";"2815";"ENG - League Two";"204";"2025/2026";"129";"CF";"Center Forward";"79.62";"9";"0";"8750.89";"109.91";"1125.44";"514.11";"49.67";"131.33";"8.33";"645.44";"58.0";"29.31";"31.1";"86.89";"8.56";"68.0";"14.89";"5.56";"0.64";"0.77";"1.11";"1.3";"null";"26.78";"2.06";"null";"9891.92";"109.91";"1272.19";"581.15";"56.14";"148.46";"9.42";"729.6";"65.56";"98.22";"9.67";"76.87";"16.83";"6.28";"1.26";"30.27"
"Joe Lewis";"J. Lewis";"18899";"1999-09-20";"AFC Wimbledon";"1873";"ENG - League One";"101";"2025/2026";"129";"CB";"Central Defender";"97.1";"12";"0";"10036.25";"103.36";"1317.92";"441.5";"45.08";"160.33";"9.58";"601.83";"54.67";"29.23";"30.66";"106.75";"6.0";"85.58";"11.67";"4.08";"0.7";"0.7";"1.08";"1.34";"1.68";"25.25";"1.92";"2.84";"9302.79";"103.36";"1221.6";"409.23";"41.79";"148.62";"8.88";"557.85";"50.67";"98.95";"5.56";"79.33";"10.81";"3.78";"1.0";"23.4"
"Jay Dasilva";"J. Dasilva";"18902";"1998-04-22";"Coventry City Football Club";"1545";"ENG - Championship";"31";"2025/2026";"129";"LB";"Full Back";"95.57";"24";"0";"10029.42";"104.94";"1424.79";"523.17";"46.67";"143.92";"7.67";"667.08";"54.33";"28.2";"29.94";"110.83";"5.42";"83.79";"16.92";"3.96";"0.66";"0.7";"0.92";"1.51";"null";"26.54";"1.9";"2.6";"9444.53";"104.94";"1341.7";"492.66";"43.95";"135.52";"7.22";"628.18";"51.16";"104.37";"5.1";"78.91";"15.93";"3.73";"0.86";"24.99"
"Lloyd Kelly";"L. Kelly";"18910";"1998-10-06";"Juventus";"139";"ITA - Serie A";"5";"2025/2026";"129";"LCB";"Central Defender";"97.86";"16";"0";"10602.56";"108.34";"1329.88";"479.0";"44.38";"185.69";"9.12";"664.69";"53.5";"30.27";"31.6";"106.25";"5.56";"84.56";"11.38";"3.5";"0.62";"0.65";"1.5";"1.17";"1.17";"31.75";"1.86";"2.64";"9750.62";"108.34";"1223.02";"440.51";"40.81";"170.77";"8.39";"611.28";"49.2";"97.71";"5.12";"77.77";"10.46";"3.22";"1.38";"29.2"
"Jordan Hugill";"J. Hugill";"18924";"1992-06-04";"Rotherham United";"750";"ENG - League One";"101";"2025/2026";"129";"CF";"Center Forward";"89.35";"14";"0";"8615.57";"96.42";"980.36";"435.93";"42.86";"121.14";"6.5";"557.07";"49.36";"27.76";"29.34";"88.57";"6.86";"71.86";"10.93";"4.07";"0.73";"0.73";"1.14";"1.66";"1.82";"24.93";"1.93";"2.91";"8678.13";"96.42";"987.48";"439.09";"43.17";"122.02";"6.55";"561.12";"49.72";"89.21";"6.91";"72.38";"11.01";"4.1";"1.15";"25.11"
"Ashley Fletcher";"A. Fletcher";"18926";"1995-10-02";"Blackpool";"54";"ENG - League One";"101";"2025/2026";"129";"CF";"Center Forward";"94.09";"24";"0";"10162.46";"108.01";"1410.21";"617.54";"54.88";"150.38";"9.58";"767.92";"64.46";"28.34";"30.36";"103.88";"8.29";"88.46";"11.83";"6.08";"0.64";"0.71";"1.75";"1.26";"1.36";"33.92";"1.87";"2.86";"9720.75";"108.01";"1348.91";"590.7";"52.49";"143.84";"9.17";"734.54";"61.66";"99.36";"7.93";"84.61";"11.32";"5.82";"1.67";"32.44"
"Aden Flint";"A. Flint";"18928";"1989-07-11";"Walsall FC";"2508";"ENG - League Two";"204";"2025/2026";"129";"CB";"Central Defender";"99.91";"28";"0";"9887.64";"98.96";"976.71";"267.21";"25.5";"60.86";"3.11";"328.07";"28.61";"27.56";"30.2";"97.89";"3.29";"75.07";"6.75";"1.25";"0.71";"null";"0.43";"1.34";"null";"12.21";"2.02";"null";"8906.57";"98.96";"879.8";"240.7";"22.97";"54.82";"2.8";"295.52";"25.77";"88.18";"2.96";"67.62";"6.08";"1.13";"0.39";"11.0"
"Nathan Wood-Gordon";"N. Wood";"18929";"2002-05-31";"Southampton";"58";"ENG - Championship";"31";"2025/2026";"129";"CB";"Central Defender";"97.81";"21";"0";"10044.95";"102.7";"1221.81";"357.67";"35.81";"132.95";"6.24";"490.62";"42.05";"29.01";"30.64";"110.29";"4.81";"83.76";"9.71";"2.86";"0.66";"0.79";"0.43";"1.46";"null";"24.29";"1.86";"2.89";"9243.15";"102.7";"1124.28";"329.12";"32.95";"122.34";"5.74";"451.46";"38.69";"101.48";"4.43";"77.08";"8.94";"2.63";"0.39";"22.35"
"Lewis Wing";"L. Wing";"18930";"1995-06-23";"Reading";"59";"ENG - League One";"101";"2025/2026";"129";"DM";"Midfield";"100.56";"10";"0";"12104.5";"120.37";"2209.3";"693.9";"54.5";"139.4";"7.2";"833.3";"61.7";"27.55";"28.48";"97.5";"3.0";"86.0";"12.6";"1.4";"0.74";"0.86";"0.2";"null";"null";"32.7";"1.81";"2.85";"10833.02";"120.37";"1977.23";"621.01";"48.78";"124.76";"6.44";"745.77";"55.22";"87.26";"2.68";"76.97";"11.28";"1.25";"0.18";"29.27"
"Lewis Wing";"L. Wing";"18930";"1995-06-23";"Reading";"59";"ENG - League One";"101";"2025/2026";"129";"RDM";"Midfield";"100.32";"14";"0";"11750.14";"117.13";"2057.64";"647.71";"51.29";"115.5";"6.29";"763.21";"57.57";"27.08";"28.34";"105.71";"3.79";"89.21";"12.21";"1.64";"0.83";"0.84";"0.29";"1.88";"null";"40.43";"1.95";"2.76";"10541.87";"117.13";"1846.05";"581.11";"46.01";"103.62";"5.64";"684.73";"51.65";"94.84";"3.4";"80.04";"10.96";"1.47";"0.26";"36.27"
"Diop Tehuti Djed-Hotep Spence";"D. Spence";"18937";"2000-08-09";"Tottenham Hotspur";"44";"ENG - Premier League";"1";"2025/2026";"129";"LB";"Full Back";"95.24";"15";"0";"9712.4";"101.98";"1270.8";"624.67";"68.93";"367.33";"18.13";"992.0";"87.07";"32.17";"33.3";"106.87";"12.67";"87.27";"22.73";"9.53";"0.55";"0.55";"4.27";"1.11";"1.11";"38.73";"2.02";"2.51";"9178.14";"101.98";"1200.9";"590.31";"65.14";"347.13";"17.14";"937.43";"82.28";"100.99";"11.97";"82.47";"21.48";"9.01";"4.03";"36.6"
"Rico Henry";"R. Henry";"18944";"1997-07-08";"Brentford FC";"754";"ENG - Premier League";"1";"2025/2026";"129";"LB";"Full Back";"90.69";"9";"0";"9874.56";"108.88";"1368.33";"560.22";"57.33";"223.78";"12.22";"784.0";"69.56";"29.91";"31.16";"109.11";"9.0";"89.89";"18.44";"6.89";"0.64";"0.7";"2.33";"1.24";"1.31";"36.56";"1.96";"2.58";"9799.55";"108.88";"1357.94";"555.97";"56.9";"222.08";"12.13";"778.04";"69.03";"108.28";"8.93";"89.21";"18.3";"6.84";"2.32";"36.28"
"Ollie Watkins";"O. Watkins";"18948";"1995-12-30";"Aston Villa";"39";"ENG - Premier League";"1";"2025/2026";"129";"CF";"Center Forward";"89.23";"21";"0";"9395.43";"105.29";"1222.48";"592.33";"62.19";"240.62";"13.9";"832.95";"76.1";"29.9";"31.32";"108.1";"10.24";"87.24";"20.29";"7.29";"0.64";"0.66";"2.57";"1.24";"1.25";"37.57";"1.9";"2.78";"9476.32";"105.29";"1233.0";"597.43";"62.73";"242.69";"14.02";"840.12";"76.75";"109.03";"10.33";"87.99";"20.46";"7.35";"2.59";"37.89"
"Ezri Konsa Ngoyo";"E. Konsa";"18952";"1997-10-23";"Aston Villa";"39";"ENG - Premier League";"1";"2025/2026";"129";"RCB";"Central Defender";"99.18";"24";"0";"9786.21";"98.67";"1244.21";"397.67";"37.67";"139.62";"6.92";"537.29";"44.58";"29.84";"31.72";"109.04";"5.54";"86.38";"11.96";"3.29";"0.64";"0.78";"0.96";"1.29";"1.57";"17.54";"2.07";"2.88";"8880.29";"98.67";"1129.03";"360.85";"34.18";"126.7";"6.28";"487.55";"40.46";"98.95";"5.03";"78.38";"10.85";"2.99";"0.87";"15.92"
"Reece Cole";"R. Cole";"18955";"1998-02-17";"Exeter City FC";"2542";"ENG - League One";"101";"2025/2026";"129";"AM";"Midfield";"75.27";"8";"0";"8699.0";"115.57";"1474.38";"681.75";"64.5";"217.12";"13.38";"898.88";"77.88";"29.01";"29.64";"105.0";"6.0";"83.62";"20.38";"4.38";"0.71";"0.79";"1.75";"1.33";"1.45";"39.38";"1.89";"2.67";"10401.53";"115.57";"1762.93";"815.18";"77.12";"259.62";"15.99";"1074.8";"93.12";"125.55";"7.17";"99.99";"24.36";"5.23";"2.09";"47.08"
"James Bree";"J. Bree";"18961";"1997-12-11";"Charlton Athletic";"877";"ENG - Championship";"31";"2025/2026";"129";"RWB";"Full Back";"98.17";"11";"0";"10834.64";"110.36";"1494.0";"684.09";"65.0";"290.0";"13.82";"974.09";"78.82";"29.55";"30.3";"118.27";"9.0";"96.36";"20.91";"6.27";"0.61";"0.64";"2.09";"1.32";"1.54";"37.45";"1.91";"2.68";"9932.82";"110.36";"1369.65";"627.15";"59.59";"265.86";"12.67";"893.01";"72.26";"108.43";"8.25";"88.34";"19.17";"5.75";"1.92";"34.34"
"Keinan Davis";"K. Davis";"18962";"1998-02-13";"Udinese";"148";"ITA - Serie A";"5";"2025/2026";"129";"CF";"Center Forward";"83.07";"17";"0";"8577.88";"103.26";"1028.12";"441.18";"49.06";"185.88";"10.53";"627.06";"59.59";"29.68";"31.24";"96.47";"8.47";"81.71";"13.53";"6.41";"0.54";"0.63";"2.59";"1.07";"1.24";"34.24";"1.87";"2.67";"9293.3";"103.26";"1113.87";"477.97";"53.15";"201.39";"11.41";"679.36";"64.56";"104.52";"9.18";"88.52";"14.66";"6.95";"2.8";"37.09"
"Jake Doyle-Hayes";"J. Doyle-Hayes";"18966";"1998-12-30";"Exeter City FC";"2542";"ENG - League One";"101";"2025/2026";"129";"LM";"Midfield";"91.06";"10";"0";"10615.4";"116.57";"1688.6";"468.2";"41.1";"78.3";"5.0";"546.5";"46.1";"26.9";"27.92";"103.5";"3.4";"92.2";"8.9";"2.3";"0.67";"0.79";"0.4";"1.5";"null";"33.3";"1.94";"2.68";"10491.45";"116.57";"1668.88";"462.73";"40.62";"77.39";"4.94";"540.12";"45.56";"102.29";"3.36";"91.12";"8.8";"2.27";"0.4";"32.91"
"Harry McKirdy";"H. McKirdy";"18967";"1997-03-29";"Crawley Town FC";"2635";"ENG - League Two";"204";"2025/2026";"129";"CF";"Center Forward";"90.92";"9";"0";"9223.33";"101.45";"1073.56";"510.56";"55.89";"209.56";"13.11";"720.11";"69.0";"30.13";"30.82";"90.67";"10.0";"72.0";"14.89";"6.22";"0.62";"0.78";"1.56";"1.19";"null";"38.67";"1.81";"2.81";"9130.34";"101.45";"1062.73";"505.41";"55.33";"207.44";"12.98";"712.85";"68.3";"89.75";"9.9";"71.27";"14.74";"6.16";"1.54";"38.28"
"Matt Clarke";"M. Clarke";"18974";"1996-09-22";"Derby County FC";"359";"ENG - Championship";"31";"2025/2026";"129";"LCB";"Central Defender";"99.01";"27";"0";"10142.19";"102.44";"1180.96";"384.52";"34.78";"108.81";"5.67";"493.33";"40.44";"27.87";"29.4";"108.15";"5.04";"83.74";"10.41";"2.85";"0.69";"0.71";"0.74";"1.42";"1.9";"21.81";"2.01";"2.75";"9219.59";"102.44";"1073.54";"349.54";"31.61";"98.92";"5.15";"448.46";"36.77";"98.31";"4.58";"76.12";"9.46";"2.59";"0.67";"19.83"
"Tom Naylor";"T. Naylor";"18976";"1991-06-28";"Chesterfield FC";"3361";"ENG - League Two";"204";"2025/2026";"129";"RDM";"Midfield";"96.12";"17";"0";"10566.29";"109.92";"1594.94";"564.18";"47.12";"118.18";"7.0";"682.35";"54.12";"27.57";"28.88";"109.47";"3.94";"96.06";"12.76";"2.76";"0.68";"0.76";"0.59";"1.51";"null";"31.59";"1.98";"2.85";"9893.17";"109.92";"1493.34";"528.24";"44.12";"110.65";"6.55";"638.88";"50.67";"102.5";"3.69";"89.94";"11.95";"2.59";"0.55";"29.58"
"Jamal Lowe";"J. Lowe";"18979";"1994-07-21";"Sheffield Wednesday";"749";"ENG - Championship";"31";"2025/2026";"129";"CF";"Center Forward";"81.6";"12";"0";"9614.0";"117.82";"1619.42";"752.75";"60.83";"205.67";"11.42";"958.42";"72.25";"28.68";"29.82";"95.67";"5.42";"74.67";"10.0";"3.75";"0.77";"0.85";"0.58";"1.58";"null";"44.42";"1.81";"2.86";"10603.86";"117.82";"1786.15";"830.25";"67.1";"226.84";"12.59";"1057.1";"79.69";"105.52";"5.97";"82.35";"11.03";"4.14";"0.64";"48.99"
"Alex Gilbey";"A. Gilbey";"19001";"1994-12-09";"Milton Keynes Dons";"755";"ENG - League Two";"204";"2025/2026";"129";"LM";"Midfield";"96.54";"15";"0";"10541.73";"109.2";"1604.27";"705.87";"60.0";"206.93";"11.13";"912.8";"71.13";"29.53";"31.08";"113.27";"5.73";"97.2";"13.13";"4.47";"0.65";"0.67";"1.8";"1.24";"1.34";"33.13";"1.88";"2.67";"9827.59";"109.2";"1495.59";"658.05";"55.94";"192.91";"10.38";"850.96";"66.31";"105.59";"5.34";"90.62";"12.24";"4.16";"1.68";"30.89"
"Conor McGrandles";"C. McGrandles";"19005";"1995-09-24";"Lincoln City FC";"1721";"ENG - League One";"101";"2025/2026";"129";"LDM";"Midfield";"96.16";"13";"0";"11074.38";"115.17";"1967.69";"646.0";"56.85";"113.46";"6.77";"759.46";"63.62";"27.13";"28.34";"130.54";"6.08";"105.38";"15.15";"3.23";"0.56";"0.67";"0.69";"1.61";"2.08";"49.54";"1.85";"2.53";"10365.35";"115.17";"1841.71";"604.64";"53.21";"106.2";"6.34";"710.84";"59.54";"122.18";"5.69";"98.64";"14.18";"3.02";"0.65";"46.37"
"Conor McGrandles";"C. McGrandles";"19005";"1995-09-24";"Lincoln City FC";"1721";"ENG - League One";"101";"2025/2026";"129";"RDM";"Midfield";"98.2";"8";"0";"11475.25";"116.85";"2003.88";"707.5";"63.12";"146.25";"8.5";"853.75";"71.62";"27.31";"27.98";"139.12";"6.88";"111.5";"18.88";"3.5";"0.72";"0.75";"0.25";"null";"null";"56.0";"2.06";"2.9";"10516.81";"116.85";"1836.51";"648.41";"57.85";"134.03";"7.79";"782.44";"65.64";"127.5";"6.3";"102.19";"17.3";"3.21";"0.23";"51.32"
"Jordan Houghton";"J. Houghton";"19010";"1995-11-05";"Stevenage FC";"2817";"ENG - League One";"101";"2025/2026";"129";"RDM";"Midfield";"85.65";"14";"0";"8828.43";"103.08";"1042.07";"322.86";"28.71";"68.57";"3.29";"391.43";"32.0";"27.41";"28.86";"85.93";"4.21";"75.64";"5.93";"2.14";"0.68";"0.85";"0.29";"1.74";"null";"17.14";"2.3";"2.81";"9276.81";"103.08";"1095.0";"339.25";"30.17";"72.05";"3.45";"411.31";"33.63";"90.29";"4.43";"79.48";"6.23";"2.25";"0.3";"18.01"
"Callum Brittain";"C. Brittain";"19011";"1998-03-12";"Middlesbrough";"43";"ENG - Championship";"31";"2025/2026";"129";"RB";"Full Back";"95.5";"15";"0";"10364.13";"108.53";"1663.73";"721.4";"66.8";"253.73";"14.4";"975.13";"81.2";"29.47";"30.8";"119.27";"12.0";"99.2";"23.33";"8.87";"0.54";"0.57";"2.67";"1.14";"1.21";"40.73";"2.02";"2.75";"9767.36";"108.53";"1567.93";"679.86";"62.95";"239.12";"13.57";"918.98";"76.52";"112.4";"11.31";"93.49";"21.99";"8.36";"2.51";"38.39"
"Callum Brittain";"C. Brittain";"19011";"1998-03-12";"Middlesbrough";"43";"ENG - Championship";"31";"2025/2026";"129";"RWB";"Full Back";"94.14";"10";"0";"10527.8";"111.83";"1716.2";"764.5";"67.9";"246.4";"13.8";"1010.9";"81.7";"29.85";"30.36";"119.9";"10.8";"99.9";"23.6";"8.6";"0.61";"0.65";"3.3";"1.18";"1.18";"37.7";"1.87";"2.9";"10064.28";"111.83";"1640.64";"730.84";"64.91";"235.55";"13.19";"966.39";"78.1";"114.62";"10.32";"95.5";"22.56";"8.22";"3.15";"36.04"
"Sam Nombe";"S. Nombe";"19013";"1998-10-22";"Rotherham United";"750";"ENG - League One";"101";"2025/2026";"129";"CF";"Center Forward";"88.87";"8";"0";"8986.38";"101.12";"1051.62";"609.75";"68.12";"399.88";"19.38";"1009.62";"87.5";"31.64";"32.24";"102.12";"11.88";"74.88";"18.12";"9.38";"0.58";"0.69";"4.0";"1.14";"1.34";"37.88";"2.06";"2.82";"9100.77";"101.12";"1065.01";"617.51";"68.99";"404.97";"19.62";"1022.48";"88.61";"103.42";"12.03";"75.83";"18.36";"9.49";"4.05";"38.36"
"Federico Dimarco";"F. Dimarco";"19036";"1997-11-10";"Inter Milan";"145";"ITA - Serie A";"5";"2025/2026";"129";"LWB";"Full Back";"92.26";"18";"0";"10264.78";"111.26";"1539.17";"737.83";"70.5";"361.39";"16.78";"1099.22";"87.28";"30.09";"31.64";"116.0";"9.22";"96.22";"23.0";"7.39";"0.62";"0.67";"3.56";"1.19";"1.41";"40.44";"1.8";"2.57";"10013.61";"111.26";"1501.51";"719.78";"68.77";"352.55";"16.37";"1072.33";"85.14";"113.16";"9.0";"93.87";"22.44";"7.21";"3.47";"39.45"
"Francisco Sierralta Carvallo";"F. Sierralta";"19039";"1997-05-06";"AJ Auxerre";"65";"FRA - Ligue 1";"3";"2025/2026";"129";"CB";"Central Defender";"96.32";"8";"0";"9425.88";"97.86";"991.62";"305.25";"31.88";"99.75";"6.25";"405.0";"38.12";"28.55";"29.38";"102.25";"6.38";"82.88";"13.25";"4.25";"0.71";"0.76";"1.0";"1.37";"null";"25.0";"2.35";"2.93";"8807.7";"97.86";"926.59";"285.23";"29.78";"93.21";"5.84";"378.44";"35.62";"95.54";"5.96";"77.44";"12.38";"3.97";"0.93";"23.36"
"Alessandro Bastoni";"A. Bastoni";"19047";"1999-04-13";"Inter Milan";"145";"ITA - Serie A";"5";"2025/2026";"129";"LCB";"Central Defender";"92.99";"20";"0";"9987.55";"107.4";"1273.5";"432.05";"37.2";"133.35";"5.85";"565.4";"43.05";"28.5";"29.92";"96.4";"4.35";"77.8";"9.85";"2.7";"0.66";"0.82";"0.85";"1.44";"1.78";"21.9";"1.95";"2.6";"9666.06";"107.4";"1232.51";"418.14";"36.0";"129.06";"5.66";"547.2";"41.66";"93.3";"4.21";"75.3";"9.53";"2.61";"0.82";"21.2"
"Lucas Höler";"L. Höler";"19049";"1994-07-10";"SC Freiburg";"118";"GER - Bundesliga";"6";"2025/2026";"129";"CF";"Center Forward";"84.22";"11";"0";"9670.09";"114.82";"1499.45";"535.91";"49.0";"123.18";"7.0";"659.09";"56.0";"28.15";"29.76";"111.55";"6.45";"92.55";"16.82";"4.18";"0.7";"0.84";"1.18";"1.42";"1.62";"48.09";"1.94";"2.8";"10334.16";"114.82";"1602.43";"572.71";"52.36";"131.64";"7.48";"704.35";"59.85";"119.21";"6.9";"98.9";"17.97";"4.47";"1.26";"51.39"
"Lukas Kübler";"L. Kübler";"19051";"1992-08-30";"SC Freiburg";"118";"GER - Bundesliga";"6";"2025/2026";"129";"RB";"Full Back";"93.96";"13";"0";"10729.15";"114.19";"1366.23";"491.69";"46.54";"161.69";"8.62";"653.38";"55.15";"29.04";"30.54";"100.54";"5.46";"87.0";"14.54";"3.85";"0.72";"0.75";"1.54";"1.41";"1.53";"34.54";"2.01";"2.82";"10277.5";"114.19";"1308.72";"470.99";"44.58";"154.89";"8.25";"625.88";"52.83";"96.31";"5.23";"83.34";"13.93";"3.68";"1.47";"33.08"
"Robin Koch";"R. Koch";"19053";"1996-07-17";"Eintracht Frankfurt";"108";"GER - Bundesliga";"6";"2025/2026";"129";"CB";"Central Defender";"99.72";"9";"0";"10966.78";"109.97";"1271.11";"415.89";"40.78";"127.67";"7.67";"543.56";"48.44";"28.61";"29.46";"109.89";"5.0";"94.0";"13.11";"3.56";"0.69";"0.77";"0.89";"1.41";"null";"27.22";"2.45";"2.55";"9897.59";"109.97";"1147.19";"375.34";"36.8";"115.22";"6.92";"490.56";"43.72";"99.18";"4.51";"84.84";"11.83";"3.21";"0.8";"24.57"
"Keven Schlotterbeck";"K. Schlotterbeck";"19055";"1997-04-28";"FC Augsburg";"123";"GER - Bundesliga";"6";"2025/2026";"129";"LCB";"Central Defender";"101.09";"9";"0";"10515.89";"104.02";"1258.0";"369.67";"31.67";"67.22";"4.44";"436.89";"36.11";"27.93";"29.26";"95.89";"3.89";"77.89";"10.22";"2.44";"0.76";"null";"0.22";"null";"null";"23.67";"2.12";"2.83";"9362.18";"104.02";"1119.98";"329.11";"28.19";"59.85";"3.96";"388.96";"32.15";"85.37";"3.46";"69.34";"9.1";"2.18";"0.2";"21.07"
"Nicolás Iván González";"N. González";"19061";"1998-04-06";"Atlético Madrid";"275";"ESP - LaLiga";"4";"2025/2026";"129";"LW";"Wide Attacker";"77.49";"9";"0";"8868.78";"114.45";"1247.11";"596.11";"61.67";"246.33";"14.11";"842.44";"75.78";"30.34";"31.04";"98.22";"7.56";"81.22";"21.22";"6.11";"0.69";"0.7";"3.22";"1.29";"1.39";"43.56";"1.81";"2.69";"10300.95";"114.45";"1448.5";"692.37";"71.62";"286.11";"16.39";"978.49";"88.01";"114.08";"8.78";"94.34";"24.65";"7.1";"3.74";"50.59"
"Jan-Niklas Beste";"J. Beste";"19079";"1999-01-04";"SC Freiburg";"118";"GER - Bundesliga";"6";"2025/2026";"129";"RW";"Wide Attacker";"85.94";"12";"0";"9762.08";"113.59";"1348.92";"707.33";"74.92";"300.92";"17.42";"1008.25";"92.33";"30.27";"31.06";"116.25";"9.33";"87.5";"31.25";"7.67";"0.69";"0.73";"2.08";"1.43";"1.54";"52.33";"1.84";"2.61";"10223.07";"113.59";"1412.62";"740.73";"78.45";"315.13";"18.24";"1055.86";"96.69";"121.74";"9.77";"91.63";"32.73";"8.03";"2.18";"54.8"
"Jordan Torunarigha";"J. Torunarigha";"19088";"1997-08-07";"Hamburger SV";"101";"GER - Bundesliga";"6";"2025/2026";"129";"LCB";"Central Defender";"96.44";"9";"0";"10116.0";"104.9";"1118.89";"386.89";"39.67";"128.11";"8.22";"515.0";"47.89";"28.89";"29.58";"112.11";"4.67";"87.33";"13.11";"3.56";"0.76";"0.79";"0.67";"1.85";"null";"26.89";"1.92";"2.74";"9440.95";"104.9";"1044.22";"361.07";"37.02";"119.56";"7.67";"480.63";"44.69";"104.63";"4.36";"81.51";"12.24";"3.32";"0.62";"25.09"
"Keanan Bennetts";"K. Bennetts";"19131";"1999-03-09";"Notts County FC";"1563";"ENG - League Two";"204";"2025/2026";"129";"LWB";"Full Back";"79.54";"8";"0";"8847.12";"111.23";"1241.0";"526.12";"50.12";"207.5";"10.12";"733.62";"60.25";"29.15";"29.72";"99.12";"8.75";"80.5";"14.88";"7.0";"0.59";"0.6";"2.75";"1.3";"1.4";"33.0";"2.05";"2.69";"10010.89";"111.23";"1404.24";"595.33";"56.72";"234.79";"11.46";"830.13";"68.18";"112.16";"9.9";"91.09";"16.83";"7.92";"3.11";"37.34"
"Aarón Martín Caricol";"Aarón Martín";"19163";"1997-04-22";"Genoa";"135";"ITA - Serie A";"5";"2025/2026";"129";"LWB";"Full Back";"91.86";"13";"0";"10075.31";"109.68";"1581.31";"667.0";"54.69";"172.92";"9.92";"839.92";"64.62";"27.6";"28.48";"114.69";"6.31";"86.38";"23.46";"4.38";"0.78";"0.96";"0.92";"1.75";"null";"35.08";"2.03";"2.65";"9871.41";"109.68";"1549.31";"653.5";"53.59";"169.42";"9.72";"822.93";"63.31";"112.37";"6.18";"84.64";"22.99";"4.3";"0.9";"34.37"
"Jean-Philippe Mateta";"J. Mateta";"19164";"1997-06-28";"Crystal Palace";"60";"ENG - Premier League";"1";"2025/2026";"129";"CF";"Center Forward";"89.85";"23";"0";"10080.96";"112.2";"1428.48";"536.3";"51.87";"172.57";"9.52";"708.87";"61.39";"29.32";"31.24";"100.48";"7.13";"80.3";"12.65";"4.65";"0.65";"0.72";"1.0";"1.27";"1.43";"40.04";"1.85";"2.73";"10097.95";"112.2";"1430.89";"537.21";"51.96";"172.86";"9.54";"710.06";"61.49";"100.65";"7.14";"80.44";"12.67";"4.66";"1.0";"40.11"
"Philipp Mwene";"P. Mwene";"19168";"1994-01-29";"1. FSV Mainz 05";"120";"GER - Bundesliga";"6";"2025/2026";"129";"LWB";"Full Back";"88.65";"8";"0";"10366.75";"116.93";"1626.5";"713.88";"61.88";"240.25";"12.75";"954.12";"74.62";"29.51";"30.08";"111.88";"6.75";"92.0";"15.75";"5.12";"0.71";"0.76";"2.25";"1.48";"null";"33.25";"2.08";"2.67";"10524.12";"116.93";"1651.19";"724.71";"62.81";"243.9";"12.94";"968.61";"75.76";"113.57";"6.85";"93.4";"15.99";"5.2";"2.28";"33.75"
"Jonathan Burkardt";"J. Burkardt";"19171";"2000-07-11";"Eintracht Frankfurt";"108";"GER - Bundesliga";"6";"2025/2026";"129";"CF";"Center Forward";"82.08";"8";"0";"9656.5";"117.65";"1553.5";"639.38";"58.25";"185.62";"11.38";"825.0";"69.62";"28.27";"28.68";"92.88";"5.62";"79.5";"12.88";"4.5";"0.72";"0.76";"1.62";"1.36";"1.36";"52.5";"1.9";"2.8";"10588.64";"117.65";"1703.46";"701.09";"63.87";"203.54";"12.47";"904.64";"76.35";"101.84";"6.17";"87.17";"14.12";"4.93";"1.78";"57.57"
"Ridle Bote Baku";"R. Baku";"19174";"1998-04-08";"RB Leipzig";"312";"GER - Bundesliga";"6";"2025/2026";"129";"RB";"Full Back";"93.81";"17";"0";"10656.82";"113.6";"1636.18";"760.59";"72.53";"324.59";"16.71";"1085.18";"89.24";"29.81";"31.26";"129.12";"11.65";"108.53";"26.18";"8.94";"0.57";"0.59";"3.18";"1.14";"1.24";"40.94";"1.94";"2.67";"10223.92";"113.6";"1569.71";"729.69";"69.58";"311.4";"16.03";"1041.09";"85.61";"123.87";"11.17";"104.12";"25.11";"8.58";"3.05";"39.28"
"Jonathan Clauss";"J. Clauss";"19202";"1992-09-25";"OGC Nice";"70";"FRA - Ligue 1";"3";"2025/2026";"129";"RWB";"Full Back";"100.77";"10";"0";"11812.3";"117.22";"1850.8";"906.5";"83.5";"315.3";"18.5";"1221.8";"102.0";"29.73";"31.02";"124.8";"7.8";"101.8";"19.8";"6.1";"0.64";"0.64";"2.1";"1.24";"1.31";"53.5";"1.94";"2.49";"10550.19";"117.22";"1653.05";"809.64";"74.58";"281.61";"16.52";"1091.25";"91.1";"111.47";"6.97";"90.92";"17.68";"5.45";"1.88";"47.78"
"David Raum";"D. Raum";"19255";"1998-04-22";"RB Leipzig";"312";"GER - Bundesliga";"6";"2025/2026";"129";"LB";"Full Back";"96.69";"21";"0";"11025.24";"114.03";"1628.05";"622.76";"63.29";"241.0";"14.0";"863.76";"77.29";"30.1";"31.82";"122.67";"7.95";"98.0";"23.81";"5.29";"0.62";"0.65";"2.0";"1.25";"1.33";"36.86";"1.99";"2.5";"10262.52";"114.03";"1515.42";"579.68";"58.91";"224.33";"13.03";"804.01";"71.94";"114.18";"7.4";"91.22";"22.16";"4.92";"1.86";"34.31"
"Vitaly Janelt";"V. Janelt";"19274";"1998-05-10";"Brentford FC";"754";"ENG - Premier League";"1";"2025/2026";"129";"LDM";"Midfield";"99.2";"8";"0";"11698.12";"117.92";"1920.62";"550.75";"49.88";"153.5";"7.12";"704.25";"57.0";"27.88";"28.86";"117.62";"5.0";"101.0";"14.88";"2.88";"0.75";"0.78";"0.75";"1.48";"1.88";"40.0";"2.1";"2.63";"10613.22";"117.92";"1742.5";"499.67";"45.25";"139.26";"6.46";"638.94";"51.71";"106.72";"4.54";"91.63";"13.5";"2.61";"0.68";"36.29"
"Julian Ryerson";"J. Ryerson";"19285";"1997-11-17";"Borussia Dortmund";"103";"GER - Bundesliga";"6";"2025/2026";"129";"RWB";"Full Back";"91.47";"11";"0";"10887.73";"119.03";"1671.27";"726.91";"65.0";"244.18";"13.27";"971.09";"78.27";"28.75";"29.7";"108.36";"7.0";"92.27";"17.73";"5.18";"0.68";"0.69";"1.09";"1.32";"1.62";"48.55";"2.07";"2.64";"10712.43";"119.03";"1644.36";"715.21";"63.95";"240.25";"13.06";"955.46";"77.01";"106.62";"6.89";"90.79";"17.44";"5.1";"1.07";"47.76"
"Christopher Trimmel";"C. Trimmel";"19296";"1987-02-24";"FC Union Berlin";"757";"GER - Bundesliga";"6";"2025/2026";"129";"RWB";"Full Back";"87.93";"13";"0";"9455.46";"107.53";"1211.85";"479.38";"46.23";"183.0";"9.54";"662.38";"55.77";"29.62";"30.68";"99.92";"5.77";"80.15";"17.46";"4.38";"0.71";"0.73";"1.23";"1.43";"1.62";"32.23";"2.0";"2.58";"9677.55";"107.53";"1240.31";"490.64";"47.32";"187.3";"9.76";"677.94";"57.08";"102.27";"5.9";"82.04";"17.87";"4.49";"1.26";"32.99"
"Yann Aurel Bisseck";"Y. Bisseck";"19312";"2000-11-29";"Inter Milan";"145";"ITA - Serie A";"5";"2025/2026";"129";"RCB";"Central Defender";"97.28";"10";"0";"10562.3";"108.58";"1364.5";"489.8";"42.5";"147.8";"7.4";"637.6";"49.9";"29.16";"30.4";"111.3";"5.6";"89.3";"11.1";"4.6";"0.67";"0.74";"1.3";"1.31";"null";"25.1";"2.19";"2.91";"9771.86";"108.58";"1262.39";"453.15";"39.32";"136.74";"6.85";"589.88";"46.17";"102.97";"5.18";"82.62";"10.27";"4.26";"1.2";"23.22"
"Jonas Föhrenbach";"J. Föhrenbach";"19349";"1996-01-26";"1. FC Heidenheim 1846";"763";"GER - Bundesliga";"6";"2025/2026";"129";"LB";"Full Back";"95.27";"14";"0";"10851.57";"113.9";"1517.29";"630.71";"61.79";"221.79";"13.29";"852.5";"75.07";"29.36";"30.32";"118.0";"8.57";"102.21";"19.64";"5.36";"0.65";"0.65";"1.64";"1.32";"1.32";"40.5";"1.96";"2.64";"10251.28";"113.9";"1433.35";"595.82";"58.37";"209.52";"12.55";"805.34";"70.92";"111.47";"8.1";"96.56";"18.56";"5.06";"1.55";"38.26"
"Josha Mamadou Karaboue Vagnoman";"J. Vagnoman";"19374";"2000-12-11";"VfB Stuttgart";"115";"GER - Bundesliga";"6";"2025/2026";"129";"RB";"Full Back";"90.57";"12";"0";"11171.92";"123.36";"1756.75";"720.83";"65.75";"297.0";"15.42";"1017.83";"81.17";"30.82";"31.64";"125.42";"6.08";"109.25";"16.92";"4.83";"0.68";"0.68";"2.33";"1.3";"1.35";"38.58";"2.1";"2.71";"11102.02";"123.36";"1745.76";"716.32";"65.34";"295.14";"15.32";"1011.46";"80.66";"124.63";"6.05";"108.57";"16.81";"4.8";"2.32";"38.34"
"Benedikt Gimber";"B. Gimber";"19430";"1997-02-19";"1. FC Heidenheim 1846";"763";"GER - Bundesliga";"6";"2025/2026";"129";"LCB";"Central Defender";"87.63";"8";"0";"9428.12";"107.59";"1158.5";"339.38";"32.62";"82.5";"5.0";"421.88";"37.62";"28.02";"28.52";"99.62";"4.12";"80.25";"11.88";"1.62";"0.79";"0.92";"1.12";"1.67";"1.89";"25.88";"2.08";"2.77";"9683.44";"107.59";"1189.87";"348.57";"33.51";"84.73";"5.14";"433.3";"38.64";"102.32";"4.24";"82.42";"12.2";"1.67";"1.16";"26.58"
"Phil Neumann";"P. Neumann";"19440";"1997-07-08";"Birmingham City";"51";"ENG - Championship";"31";"2025/2026";"129";"RCB";"Central Defender";"94.37";"25";"0";"9800.4";"103.86";"1186.56";"403.12";"39.04";"136.0";"7.52";"539.12";"46.56";"29.16";"31.28";"104.68";"5.44";"81.68";"9.56";"3.68";"0.68";"0.71";"1.48";"1.32";"1.45";"22.72";"2.07";"2.75";"9346.97";"103.86";"1131.66";"384.47";"37.23";"129.71";"7.17";"514.18";"44.41";"99.84";"5.19";"77.9";"9.12";"3.51";"1.41";"21.67"
"Philipp Sander";"P. Sander";"19479";"1998-02-21";"Borussia Mönchengladbach";"114";"GER - Bundesliga";"6";"2025/2026";"129";"RCB";"Central Defender";"89.27";"10";"0";"10072.9";"112.84";"1264.6";"381.2";"36.4";"99.1";"6.0";"480.3";"42.4";"28.03";"28.9";"97.1";"3.6";"78.4";"12.7";"2.5";"0.78";"0.92";"0.7";"1.42";"1.83";"36.6";"2.05";"2.78";"10155.46";"112.84";"1274.96";"384.32";"36.7";"99.91";"6.05";"484.24";"42.75";"97.9";"3.63";"79.04";"12.8";"2.52";"0.71";"36.9"
"Atakan Karazor";"A. Karazor";"19484";"1996-10-13";"VfB Stuttgart";"115";"GER - Bundesliga";"6";"2025/2026";"129";"RDM";"Midfield";"86.83";"9";"0";"10761.67";"123.94";"1990.0";"593.0";"48.22";"83.89";"5.11";"676.89";"53.33";"26.53";"27.24";"104.89";"2.22";"94.67";"12.67";"1.22";"0.82";"0.82";"0.22";"null";"null";"38.67";"1.91";"2.79";"11154.36";"123.94";"2062.62";"614.64";"49.98";"86.95";"5.3";"701.59";"55.28";"108.72";"2.3";"98.12";"13.13";"1.27";"0.23";"40.08"
"Hauke Wahl";"H. Wahl";"19486";"1994-04-15";"FC St. Pauli";"122";"GER - Bundesliga";"6";"2025/2026";"129";"RCB";"Central Defender";"99.71";"12";"0";"11342.83";"113.76";"1526.83";"496.67";"44.17";"128.5";"7.0";"625.17";"51.17";"28.02";"29.04";"116.67";"5.25";"97.08";"14.83";"3.67";"0.74";"0.75";"0.92";"1.52";"null";"31.58";"1.87";"2.84";"10238.7";"113.76";"1378.21";"448.32";"39.87";"115.99";"6.32";"564.31";"46.19";"105.31";"4.74";"87.63";"13.39";"3.31";"0.83";"28.51"
"Patrick Mainka";"P. Mainka";"19496";"1994-11-06";"1. FC Heidenheim 1846";"763";"GER - Bundesliga";"6";"2025/2026";"129";"RCB";"Central Defender";"98.3";"15";"0";"10731.8";"109.18";"1346.4";"418.6";"38.2";"103.13";"5.8";"521.73";"44.0";"27.67";"28.78";"109.53";"4.53";"89.4";"13.07";"2.93";"0.78";"0.9";"1.07";"1.66";"1.83";"27.6";"2.19";"2.85";"9826.1";"109.18";"1232.77";"383.27";"34.98";"94.43";"5.31";"477.7";"40.29";"100.29";"4.15";"81.86";"11.96";"2.69";"0.98";"25.27"
"Robert Andrich";"R. Andrich";"19498";"1994-09-22";"Bayer 04 Leverkusen";"102";"GER - Bundesliga";"6";"2025/2026";"129";"RCB";"Central Defender";"99.58";"8";"0";"11210.12";"112.57";"1458.12";"420.25";"38.38";"85.25";"5.5";"505.5";"43.88";"27.55";"28.36";"112.12";"3.12";"94.5";"9.75";"2.0";"0.79";"null";"0.75";"1.8";"null";"23.88";"2.09";"3.03";"10131.54";"112.57";"1317.83";"379.82";"34.68";"77.05";"4.97";"456.86";"39.65";"101.34";"2.82";"85.41";"8.81";"1.81";"0.68";"21.58"
"Ante Budimir";"A. Budimir";"19640";"1991-07-22";"CA Osasuna";"259";"ESP - LaLiga";"4";"2025/2026";"129";"CF";"Center Forward";"89.72";"20";"0";"9496.6";"105.85";"1157.55";"499.45";"51.75";"144.55";"9.25";"644.0";"61.0";"28.63";"29.82";"100.2";"6.95";"83.15";"17.1";"4.75";"0.63";"0.67";"1.1";"1.37";"1.63";"42.8";"1.86";"2.59";"9526.5";"105.85";"1161.19";"501.02";"51.91";"145.01";"9.28";"646.03";"61.19";"100.52";"6.97";"83.41";"17.15";"4.76";"1.1";"42.93"
"Stefano Moreo";"S. Moreo";"19677";"1993-06-30";"Pisa Sporting Club";"1453";"ITA - Serie A";"5";"2025/2026";"129";"CF";"Center Forward";"77.34";"8";"0";"9073.5";"117.32";"1351.75";"598.5";"58.75";"212.12";"12.38";"810.62";"71.12";"28.6";"29.06";"90.12";"7.12";"72.88";"18.38";"6.0";"0.79";"0.81";"1.88";"1.59";"null";"45.12";"1.96";"2.88";"10559.11";"117.32";"1573.07";"696.49";"68.37";"246.86";"14.4";"943.35";"82.77";"104.88";"8.29";"84.81";"21.38";"6.98";"2.18";"52.51"
"Antonino Gallo";"A. Gallo";"19684";"2000-01-05";"Lecce";"147";"ITA - Serie A";"5";"2025/2026";"129";"LB";"Full Back";"96.52";"19";"0";"10151.0";"105.17";"1319.05";"666.74";"73.0";"364.58";"18.42";"1031.32";"91.42";"30.97";"32.1";"113.58";"9.79";"91.26";"25.74";"7.89";"0.62";"0.66";"3.47";"1.28";"1.38";"40.53";"1.86";"2.51";"9465.36";"105.17";"1229.96";"621.7";"68.07";"339.95";"17.18";"961.66";"85.25";"105.91";"9.13";"85.1";"24.0";"7.36";"3.24";"37.79"
"Antonio Caracciolo";"A. Caracciolo";"19687";"1990-06-30";"Pisa Sporting Club";"1453";"ITA - Serie A";"5";"2025/2026";"129";"CB";"Central Defender";"96.76";"16";"0";"9664.44";"99.88";"1016.25";"342.19";"33.88";"131.19";"6.44";"473.38";"40.31";"29.34";"30.96";"96.75";"4.19";"73.69";"9.62";"2.81";"0.78";"0.79";"1.12";"1.36";"null";"24.5";"1.97";"2.78";"8989.01";"99.88";"945.23";"318.27";"31.51";"122.02";"5.99";"440.29";"37.5";"89.99";"3.89";"68.54";"8.95";"2.62";"1.05";"22.79"
"Santiago Colombatto";"S. Colombatto";"19696";"1997-01-17";"Real Oviedo";"776";"ESP - LaLiga";"4";"2025/2026";"129";"LDM";"Midfield";"87.61";"8";"0";"10929.25";"124.75";"1854.12";"514.12";"42.38";"58.0";"4.0";"572.12";"46.38";"25.73";"26.5";"108.12";"3.75";"95.5";"13.12";"2.12";"0.82";"0.94";"0.12";"null";"null";"31.38";"2.08";"2.79";"11227.35";"124.75";"1904.7";"528.15";"43.53";"59.58";"4.11";"587.73";"47.64";"111.07";"3.85";"98.1";"13.48";"2.18";"0.13";"32.23"
"Mattia Zaccagni";"M. Zaccagni";"19698";"1995-06-16";"Lazio";"133";"ITA - Serie A";"5";"2025/2026";"129";"LF";"Wide Attacker";"93.72";"14";"0";"9545.57";"101.85";"1290.93";"609.0";"62.14";"226.36";"12.5";"835.36";"74.64";"29.44";"31.54";"99.5";"9.0";"82.0";"20.21";"6.5";"0.6";"0.67";"1.64";"1.21";"1.73";"50.57";"1.82";"2.62";"9166.89";"101.85";"1239.72";"584.84";"59.68";"217.38";"12.0";"802.22";"71.68";"95.55";"8.64";"78.75";"19.41";"6.24";"1.58";"48.57"
"Sandro Tonali";"S. Tonali";"19844";"2000-05-08";"Newcastle United";"32";"ENG - Premier League";"1";"2025/2026";"129";"DM";"Midfield";"89.24";"16";"0";"10880.06";"121.92";"1864.5";"613.44";"56.25";"212.31";"11.12";"825.75";"67.38";"29.52";"31.56";"108.0";"4.62";"95.5";"13.56";"2.81";"0.67";"0.72";"1.06";"1.26";"1.46";"43.5";"1.99";"2.56";"10973.03";"121.92";"1880.43";"618.68";"56.73";"214.13";"11.22";"832.81";"67.95";"108.92";"4.66";"96.32";"13.68";"2.84";"1.07";"43.87"
"Luca Ranieri";"L. Ranieri";"19893";"1999-04-23";"Fiorentina";"138";"ITA - Serie A";"5";"2025/2026";"129";"LCB";"Central Defender";"88.34";"14";"0";"9542.93";"108.02";"1172.64";"400.14";"32.57";"98.14";"4.79";"498.29";"37.36";"28.77";"30.78";"90.0";"4.57";"70.86";"9.29";"3.43";"0.66";"0.67";"0.79";"1.34";"1.5";"25.43";"1.96";"2.74";"9721.94";"108.02";"1194.64";"407.65";"33.18";"99.98";"4.88";"507.63";"38.06";"91.69";"4.66";"72.19";"9.46";"3.49";"0.8";"25.91"
"Federico Bonazzoli";"F. Bonazzoli";"19930";"1997-05-21";"US Cremonese";"771";"ITA - Serie A";"5";"2025/2026";"129";"CF";"Center Forward";"77.16";"16";"0";"9061.44";"117.44";"1342.81";"465.5";"41.12";"99.88";"6.31";"565.38";"47.44";"27.2";"28.62";"82.12";"4.62";"63.56";"11.88";"3.25";"0.72";"0.75";"0.62";"1.55";"null";"36.12";"2.0";"2.65";"10569.7";"117.44";"1566.32";"542.98";"47.97";"116.5";"7.36";"659.48";"55.33";"95.79";"5.39";"74.14";"13.85";"3.79";"0.73";"42.14"
"Alessandro Buongiorno";"A. Buongiorno";"19942";"1999-06-06";"Napoli";"143";"ITA - Serie A";"5";"2025/2026";"129";"LCB";"Central Defender";"94.25";"13";"0";"10318.23";"109.47";"1325.15";"351.77";"34.31";"85.46";"4.92";"437.23";"39.23";"27.83";"29.54";"97.0";"3.38";"81.15";"8.62";"2.08";"0.71";"0.71";"0.54";"1.35";"null";"28.0";"1.99";"2.7";"9852.68";"109.47";"1265.36";"335.9";"32.76";"81.61";"4.7";"417.5";"37.46";"92.62";"3.23";"77.49";"8.23";"1.98";"0.51";"26.74"
"Sebastian Walukiewicz";"S. Walukiewicz";"20019";"2000-04-05";"Sassuolo";"158";"ITA - Serie A";"5";"2025/2026";"129";"RB";"Full Back";"96.56";"21";"0";"10445.33";"108.17";"1403.14";"641.0";"63.05";"219.19";"12.62";"860.19";"75.67";"29.09";"30.5";"126.9";"8.86";"106.48";"22.43";"6.71";"0.59";"0.63";"2.57";"1.21";"1.3";"37.43";"1.89";"2.61";"9735.68";"108.17";"1307.81";"597.45";"58.76";"204.3";"11.76";"801.75";"70.53";"118.28";"8.26";"99.24";"20.9";"6.26";"2.4";"34.89"
"Khéphren Thuram-Ulien";"K. Thuram";"20191";"2001-03-26";"Juventus";"139";"ITA - Serie A";"5";"2025/2026";"129";"LM";"Midfield";"90.69";"17";"0";"10829.71";"119.42";"1728.94";"542.18";"45.24";"134.12";"6.35";"676.29";"51.59";"28.37";"30.06";"96.53";"2.94";"82.59";"7.29";"1.65";"0.61";"0.61";"0.82";"1.3";"1.3";"35.35";"1.95";"2.75";"10747.75";"119.42";"1715.86";"538.07";"44.89";"133.1";"6.3";"671.18";"51.2";"95.8";"2.92";"81.96";"7.24";"1.63";"0.82";"35.09"
"Bafodé Diakité";"B. Diakité";"20199";"2001-01-06";"Bournemouth";"63";"ENG - Premier League";"1";"2025/2026";"129";"RCB";"Central Defender";"101.7";"11";"0";"9971.18";"98.04";"1276.09";"431.64";"40.55";"144.27";"7.45";"575.91";"48.0";"29.31";"31.02";"100.55";"6.82";"80.55";"12.27";"4.91";"0.66";"0.69";"1.27";"1.26";"1.42";"21.27";"2.11";"3.01";"8823.79";"98.04";"1129.25";"381.97";"35.88";"127.67";"6.6";"509.64";"42.48";"88.98";"6.03";"71.28";"10.86";"4.34";"1.13";"18.82"
"Jordi Osei-Tutu";"J. Osei-Tutu";"20207";"1998-10-02";"Bolton Wanderers";"45";"ENG - League One";"101";"2025/2026";"129";"RB";"Full Back";"87.28";"9";"0";"9602.0";"110.02";"1316.67";"600.11";"63.22";"261.0";"14.22";"861.11";"77.44";"30.33";"31.1";"112.56";"9.78";"93.56";"18.22";"7.67";"0.6";"0.66";"3.56";"1.13";"1.18";"36.0";"2.02";"2.7";"9901.7";"110.02";"1357.76";"618.84";"65.2";"269.15";"14.67";"887.99";"79.86";"116.07";"10.08";"96.48";"18.79";"7.91";"3.67";"37.12"
"Bukayo Saka";"B. Saka";"20208";"2001-09-05";"Arsenal Football Club";"3";"ENG - Premier League";"1";"2025/2026";"129";"RF";"Wide Attacker";"98.65";"8";"0";"10533.25";"106.78";"1574.25";"684.88";"62.88";"210.12";"12.5";"895.0";"75.38";"28.79";"30.04";"120.5";"10.62";"100.12";"18.5";"8.0";"0.63";"0.63";"2.0";"1.35";"1.62";"46.5";"2.24";"2.89";"9609.86";"106.78";"1436.24";"624.84";"57.36";"191.7";"11.4";"816.54";"68.77";"109.94";"9.69";"91.35";"16.88";"7.3";"1.82";"42.42"
"Bukayo Saka";"B. Saka";"20208";"2001-09-05";"Arsenal Football Club";"3";"ENG - Premier League";"1";"2025/2026";"129";"RW";"Wide Attacker";"89.05";"8";"0";"9558.12";"107.33";"1435.5";"659.88";"61.75";"221.0";"12.38";"880.88";"74.12";"29.2";"30.14";"107.0";"7.5";"88.25";"17.0";"5.88";"0.64";"0.73";"2.12";"1.3";"1.63";"39.88";"2.38";"2.72";"9659.87";"107.33";"1450.78";"666.9";"62.41";"223.35";"12.51";"890.25";"74.91";"108.14";"7.58";"89.19";"17.18";"5.94";"2.15";"40.3"
"Imran Louza";"I. Louza";"20229";"1999-05-01";"Watford";"64";"ENG - Championship";"31";"2025/2026";"129";"RM";"Midfield";"96.62";"11";"0";"11421.55";"118.21";"2118.64";"655.27";"51.45";"94.55";"5.0";"749.82";"56.45";"26.31";"27.26";"126.27";"4.73";"108.09";"14.45";"2.45";"0.75";"0.79";"0.82";"1.48";"null";"41.27";"1.88";"2.78";"10638.86";"118.21";"1973.45";"610.37";"47.93";"88.07";"4.66";"698.44";"52.59";"117.62";"4.4";"100.68";"13.46";"2.29";"0.76";"38.44"
"Robin Aime Robert Robin Le Normand";"Robin Le Normand";"20233";"1996-11-11";"Atlético Madrid";"275";"ESP - LaLiga";"4";"2025/2026";"129";"RCB";"Central Defender";"99.07";"9";"0";"10080.0";"101.75";"1152.44";"393.56";"36.89";"113.44";"6.22";"507.0";"43.11";"28.84";"29.54";"106.56";"4.22";"88.56";"11.0";"3.33";"0.71";"0.73";"1.67";"1.25";"1.37";"22.67";"2.25";"2.86";"9157.13";"101.75";"1046.93";"357.52";"33.51";"103.06";"5.65";"460.58";"39.16";"96.8";"3.84";"80.45";"9.99";"3.03";"1.51";"20.59"
"James Garner";"J. Garner";"20237";"2001-03-13";"Everton";"41";"ENG - Premier League";"1";"2025/2026";"129";"RDM";"Midfield";"99.46";"8";"0";"11777.38";"118.42";"1889.25";"595.12";"60.38";"187.0";"11.12";"782.12";"71.5";"28.91";"29.26";"125.62";"5.88";"104.75";"17.75";"4.12";"0.65";"0.72";"1.25";"1.24";"null";"46.25";"1.94";"2.83";"10657.36";"118.42";"1709.59";"538.53";"54.63";"169.22";"10.07";"707.75";"64.7";"113.68";"5.32";"94.79";"16.06";"3.73";"1.13";"41.85"
"Mason Greenwood";"M. Greenwood";"20238";"2001-10-01";"Olympique de Marseille";"80";"FRA - Ligue 1";"3";"2025/2026";"129";"RW";"Wide Attacker";"96.07";"11";"0";"9827.82";"102.3";"1241.45";"487.0";"49.64";"154.27";"9.27";"641.27";"58.91";"28.05";"29.16";"95.09";"5.91";"82.45";"11.27";"4.73";"0.68";"0.73";"1.91";"1.26";"1.3";"42.82";"2.12";"2.72";"9207.33";"102.3";"1163.07";"456.25";"46.5";"144.53";"8.69";"600.79";"55.19";"89.09";"5.54";"77.25";"10.56";"4.43";"1.79";"40.11"
"Felix Kalu Nmecha";"F. Nmecha";"20239";"2000-10-10";"Borussia Dortmund";"103";"GER - Bundesliga";"6";"2025/2026";"129";"LM";"Midfield";"90.51";"17";"0";"11051.06";"122.1";"1912.76";"631.24";"60.41";"221.53";"10.88";"852.76";"71.29";"29.74";"31.66";"112.35";"5.94";"96.35";"11.29";"4.18";"0.61";"0.63";"1.41";"1.13";"1.16";"55.06";"1.82";"2.57";"10988.81";"122.1";"1901.99";"627.68";"60.07";"220.28";"10.82";"847.96";"70.89";"111.72";"5.91";"95.81";"11.23";"4.15";"1.4";"54.75"
"Max Kilman";"M. Kilman";"20262";"1997-05-23";"West Ham United";"37";"ENG - Premier League";"1";"2025/2026";"129";"LCB";"Central Defender";"101.29";"10";"0";"9468.1";"93.47";"980.4";"369.9";"32.4";"102.7";"5.4";"472.6";"37.8";"28.85";"30.38";"93.9";"4.5";"74.2";"10.6";"2.2";"0.72";"null";"0.3";"null";"null";"17.7";"2.49";"3.04";"8412.49";"93.47";"871.09";"328.66";"28.79";"91.25";"4.8";"419.91";"33.59";"83.43";"4.0";"65.93";"9.42";"1.95";"0.27";"15.73"
"Kayne Ramsay";"K. Ramsay";"20263";"2000-10-10";"Charlton Athletic";"877";"ENG - Championship";"31";"2025/2026";"129";"RCB";"Central Defender";"99.47";"14";"0";"9554.57";"96.05";"998.5";"410.0";"42.07";"182.07";"9.43";"592.07";"51.5";"30.64";"32.14";"102.29";"6.29";"78.79";"13.5";"4.07";"0.61";"0.73";"2.57";"1.3";"1.37";"21.71";"2.07";"2.76";"8644.7";"96.05";"903.41";"370.96";"38.07";"164.73";"8.53";"535.69";"46.6";"92.55";"5.69";"71.28";"12.21";"3.68";"2.33";"19.65"
"Bryan Gil Salvatierra";"Bryan Gil";"20969";"2001-02-11";"Girona FC";"348";"ESP - LaLiga";"4";"2025/2026";"129";"LW";"Wide Attacker";"75.48";"11";"0";"9253.0";"122.6";"1427.09";"605.64";"61.0";"185.73";"11.27";"791.36";"72.27";"29.04";"30.16";"97.36";"8.55";"80.18";"17.45";"6.73";"0.62";"0.69";"2.0";"1.29";"1.41";"62.18";"1.79";"2.62";"11033.61";"122.6";"1701.71";"722.18";"72.74";"221.47";"13.44";"943.65";"86.18";"116.1";"10.19";"95.61";"20.81";"8.02";"2.38";"74.15"
"Max Sanders";"M. Sanders";"21739";"1999-01-04";"Crewe Alexandra FC";"1726";"ENG - League Two";"204";"2025/2026";"129";"LDM";"Midfield";"93.78";"15";"0";"10866.2";"115.87";"1796.27";"563.8";"45.93";"88.07";"5.0";"651.87";"50.93";"27.31";"29.18";"115.13";"3.8";"97.0";"12.33";"2.2";"0.7";"0.79";"0.27";"1.64";"null";"31.0";"2.0";"2.83";"10428.21";"115.87";"1723.86";"541.07";"44.08";"84.52";"4.8";"625.59";"48.88";"110.49";"3.65";"93.09";"11.84";"2.11";"0.26";"29.75"
"Max Sanders";"M. Sanders";"21739";"1999-01-04";"Crewe Alexandra FC";"1726";"ENG - League Two";"204";"2025/2026";"129";"RDM";"Midfield";"99.52";"8";"0";"11602.88";"116.59";"2047.75";"596.38";"49.75";"95.88";"5.75";"692.25";"55.5";"26.82";"27.66";"120.5";"5.5";"100.25";"14.88";"3.0";"0.76";"0.82";"0.5";"1.74";"null";"37.62";"1.88";"2.72";"10492.87";"116.59";"1851.85";"539.32";"44.99";"86.7";"5.2";"626.02";"50.19";"108.97";"4.97";"90.66";"13.45";"2.71";"0.45";"34.03"
"Iván Martín Núñez";"Iván Martín";"22099";"1999-02-14";"Girona FC";"348";"ESP - LaLiga";"4";"2025/2026";"129";"RM";"Midfield";"92.6";"11";"0";"11453.45";"123.69";"1944.64";"711.09";"61.36";"188.36";"10.0";"899.45";"71.36";"28.45";"29.3";"121.18";"3.36";"101.27";"18.64";"2.27";"0.72";"0.78";"0.64";"1.55";"1.86";"51.27";"1.9";"2.51";"11131.87";"123.69";"1890.04";"691.13";"59.64";"183.07";"9.72";"874.2";"69.36";"117.78";"3.27";"98.43";"18.11";"2.21";"0.62";"49.83"
"Karlan Ahearne-Grant";"K. Grant";"22116";"1997-09-18";"West Bromwich Albion";"34";"ENG - Championship";"31";"2025/2026";"129";"LW";"Wide Attacker";"94.6";"13";"0";"11207.62";"118.47";"1671.23";"791.54";"84.77";"399.85";"19.23";"1191.38";"104.0";"31.39";"32.1";"119.54";"9.08";"93.69";"22.69";"7.15";"0.64";"0.69";"2.46";"1.28";"1.29";"57.15";"1.86";"2.88";"10662.64";"118.47";"1589.97";"753.05";"80.65";"380.4";"18.3";"1133.45";"98.94";"113.73";"8.64";"89.14";"21.59";"6.81";"2.34";"54.37"
"Florentino Ibrain Morris Luís";"Florentino";"22135";"1999-08-19";"Burnley";"53";"ENG - Premier League";"1";"2025/2026";"129";"LM";"Midfield";"85.98";"13";"0";"11295.23";"131.37";"2294.46";"754.92";"57.62";"92.31";"5.62";"847.23";"63.23";"26.18";"27.22";"121.38";"4.77";"101.08";"15.62";"2.92";"0.71";"0.73";"0.38";"1.77";"1.94";"63.23";"1.95";"2.59";"11823.59";"131.37";"2401.79";"790.24";"60.31";"96.63";"5.88";"886.86";"66.19";"127.06";"4.99";"105.8";"16.35";"3.06";"0.4";"66.19"
"Thierry Rendall Correia";"Thierry Correia";"22152";"1999-03-09";"Valencia CF";"257";"ESP - LaLiga";"4";"2025/2026";"129";"RB";"Full Back";"85.89";"9";"0";"9084.22";"105.77";"1123.11";"554.78";"60.33";"257.22";"14.56";"812.0";"74.89";"30.73";"31.74";"111.44";"9.78";"90.33";"22.44";"7.44";"0.57";"0.62";"3.0";"1.14";"1.25";"33.22";"1.99";"2.69";"9519.25";"105.77";"1176.89";"581.35";"63.22";"269.54";"15.25";"850.89";"78.48";"116.78";"10.25";"94.66";"23.52";"7.8";"3.14";"34.81"
"Cameron Humphreys";"C. Humphreys";"22191";"1998-08-22";"Port Vale FC";"2543";"ENG - League One";"101";"2025/2026";"129";"RCB";"Central Defender";"99.47";"13";"0";"10088.23";"101.42";"1252.54";"461.38";"44.62";"143.62";"8.31";"605.0";"52.92";"28.75";"29.68";"119.08";"8.62";"94.85";"14.54";"6.08";"0.59";"0.7";"1.85";"1.11";"1.29";"24.15";"2.08";"2.79";"9128.09";"101.42";"1133.33";"417.47";"40.37";"129.95";"7.52";"547.42";"47.89";"107.74";"7.8";"85.82";"13.15";"5.5";"1.67";"21.86"
"Sebastiano Esposito";"S. Esposito";"22196";"2002-07-02";"Cagliari";"132";"ITA - Serie A";"5";"2025/2026";"129";"CF";"Center Forward";"78.05";"16";"0";"9585.94";"122.82";"1548.5";"680.38";"56.75";"175.5";"9.69";"855.88";"66.44";"27.73";"28.44";"91.56";"5.0";"76.12";"10.81";"3.5";"0.72";"0.86";"1.0";"1.55";"null";"50.25";"1.85";"2.65";"11054.05";"122.82";"1785.66";"784.58";"65.44";"202.38";"11.17";"986.95";"76.61";"105.59";"5.77";"87.78";"12.47";"4.04";"1.15";"57.95"
"Lyle Foster";"L. Foster";"22199";"2000-09-03";"Burnley";"53";"ENG - Premier League";"1";"2025/2026";"129";"CF";"Center Forward";"85.55";"9";"0";"9695.56";"113.33";"1232.56";"567.56";"62.11";"331.67";"15.33";"899.22";"77.44";"31.4";"32.32";"100.78";"7.44";"78.56";"18.33";"6.0";"0.64";"0.64";"2.33";"1.3";"1.4";"39.89";"1.91";"2.69";"10199.66";"113.33";"1296.64";"597.06";"65.34";"348.91";"16.13";"945.98";"81.47";"106.02";"7.83";"82.64";"19.29";"6.31";"2.45";"41.96"
"Lucas Tolentino Coelho de Lima";"Lucas Paquetà";"22224";"1997-08-27";"West Ham United";"37";"ENG - Premier League";"1";"2025/2026";"129";"AM";"Midfield";"87.26";"9";"0";"9687.0";"111.02";"1341.22";"508.44";"46.22";"184.89";"8.0";"693.33";"54.22";"28.84";"30.06";"102.22";"4.33";"87.33";"13.22";"3.33";"0.69";"0.73";"0.89";"1.44";"null";"37.89";"2.09";"2.74";"9991.68";"111.02";"1383.41";"524.44";"47.68";"190.7";"8.25";"715.14";"55.93";"105.44";"4.47";"90.08";"13.64";"3.44";"0.92";"39.08"
"Andrei Rațiu";"A. Rațiu";"22242";"1998-06-20";"Rayo Vallecano";"284";"ESP - LaLiga";"4";"2025/2026";"129";"RB";"Full Back";"99.43";"16";"0";"10792.12";"108.54";"1369.19";"620.88";"69.19";"353.06";"16.75";"973.94";"85.94";"31.82";"33.36";"116.06";"9.12";"95.0";"19.38";"7.12";"0.57";"0.57";"2.75";"1.11";"1.13";"41.12";"1.93";"2.89";"9768.37";"108.54";"1239.3";"561.98";"62.62";"319.57";"15.16";"881.55";"77.79";"105.05";"8.26";"85.99";"17.54";"6.45";"2.49";"37.22"
"Anthony Driscoll-Glennon";"A. Driscoll-Glennon";"22250";"1999-11-26";"Newport County AFC";"2815";"ENG - League Two";"204";"2025/2026";"129";"LB";"Full Back";"97.93";"8";"0";"10912.62";"111.43";"1581.88";"613.62";"55.62";"204.0";"10.25";"817.62";"65.88";"29.16";"29.68";"111.0";"4.88";"95.0";"14.38";"4.25";"0.71";"0.74";"1.62";"1.44";"null";"20.5";"2.21";"null";"10028.83";"111.43";"1453.76";"563.93";"51.12";"187.48";"9.42";"751.41";"60.54";"102.01";"4.48";"87.31";"13.21";"3.91";"1.49";"18.84"
"Kouadio Manu Koné";"M. Koné";"22324";"2001-05-17";"Roma";"142";"ITA - Serie A";"5";"2025/2026";"129";"LM";"Midfield";"97.38";"17";"0";"11098.0";"113.97";"2002.06";"609.82";"51.35";"116.94";"6.41";"726.76";"57.76";"27.11";"28.34";"107.82";"4.41";"90.88";"14.29";"2.88";"0.63";"0.68";"0.82";"1.34";"1.45";"43.06";"1.94";"2.68";"10256.89";"113.97";"1850.32";"563.61";"47.46";"108.08";"5.93";"671.68";"53.39";"99.65";"4.08";"83.99";"13.21";"2.66";"0.76";"39.8"
"Przemysław Płacheta";"P. Płacheta";"22882";"1998-03-23";"Oxford United";"1588";"ENG - Championship";"31";"2025/2026";"129";"RW";"Wide Attacker";"71.74";"9";"0";"8478.44";"118.18";"1296.78";"631.33";"65.0";"267.78";"15.22";"899.11";"80.22";"30.49";"31.72";"102.33";"12.56";"86.22";"21.0";"9.89";"0.61";"0.66";"4.78";"1.21";"1.26";"46.33";"2.03";"2.66";"10635.81";"118.18";"1626.75";"791.98";"81.54";"335.91";"19.1";"1127.89";"100.63";"128.37";"15.75";"108.16";"26.34";"12.41";"5.99";"58.12"
"Rafael Mir Vicente";"Rafa Mir";"22883";"1997-06-18";"Elche CF";"286";"ESP - LaLiga";"4";"2025/2026";"129";"CF";"Center Forward";"84.49";"11";"0";"9265.73";"109.67";"1155.55";"510.64";"49.82";"203.36";"10.64";"714.0";"60.45";"29.48";"31.04";"88.82";"6.0";"72.36";"12.91";"5.0";"0.67";"0.68";"1.36";"1.42";"1.55";"33.09";"1.95";"2.77";"9869.88";"109.67";"1230.89";"543.93";"53.07";"216.62";"11.33";"760.56";"64.4";"94.61";"6.39";"77.08";"13.75";"5.33";"1.45";"35.25"
"Christoph Baumgartner";"C. Baumgartner";"22891";"1999-08-01";"RB Leipzig";"312";"GER - Bundesliga";"6";"2025/2026";"129";"LM";"Midfield";"90.21";"11";"0";"11392.09";"126.29";"2034.64";"615.45";"50.36";"121.55";"6.18";"737.0";"56.55";"27.44";"28.68";"116.73";"3.73";"105.36";"12.82";"2.0";"0.76";"0.89";"0.27";"1.87";"null";"38.64";"1.94";"2.75";"11365.69";"126.29";"2029.92";"614.03";"50.25";"121.26";"6.17";"735.29";"56.41";"116.46";"3.72";"105.12";"12.79";"2.0";"0.27";"38.55"
"Hicham Boudaoui";"H. Boudaoui";"22949";"1999-09-23";"OGC Nice";"70";"FRA - Ligue 1";"3";"2025/2026";"129";"RM";"Midfield";"93.38";"8";"0";"11254.62";"120.52";"1891.62";"709.25";"62.75";"190.12";"11.12";"899.38";"73.88";"28.77";"29.46";"121.38";"5.0";"97.0";"17.38";"3.12";"0.76";"0.79";"1.0";"1.3";"1.44";"56.12";"1.98";"2.74";"10846.86";"120.52";"1823.09";"683.55";"60.48";"183.24";"10.72";"866.79";"71.2";"116.98";"4.82";"93.49";"16.75";"3.01";"0.96";"54.09"
"Lucas da Cunha";"L. da Cunha";"23101";"2001-06-09";"Como 1907";"1948";"ITA - Serie A";"5";"2025/2026";"129";"LDM";"Midfield";"86.58";"11";"0";"9906.09";"114.42";"1535.82";"579.82";"51.0";"189.64";"9.82";"769.45";"60.82";"29.41";"30.44";"103.82";"4.73";"86.0";"11.27";"2.73";"0.66";"0.76";"1.18";"1.37";"1.49";"33.09";"2.04";"2.67";"10297.72";"114.42";"1596.53";"602.74";"53.02";"197.13";"10.21";"799.87";"63.22";"107.92";"4.91";"89.4";"11.72";"2.84";"1.23";"34.4"
"Harvey White";"H. White";"23107";"2001-09-19";"Stevenage FC";"2817";"ENG - League One";"101";"2025/2026";"129";"LDM";"Midfield";"93.28";"14";"0";"10275.79";"110.16";"1805.64";"500.07";"42.14";"67.64";"3.64";"567.71";"45.79";"26.7";"28.82";"103.21";"4.36";"87.86";"10.14";"2.43";"0.6";"0.82";"0.07";"null";"null";"29.71";"1.87";"2.78";"9914.74";"110.16";"1742.2";"482.5";"40.66";"65.27";"3.51";"547.77";"44.18";"99.59";"4.2";"84.77";"9.79";"2.34";"0.07";"28.67"
"Raoul Bellanova";"R. Bellanova";"23118";"2000-05-17";"Atalanta";"130";"ITA - Serie A";"5";"2025/2026";"129";"RWB";"Full Back";"95.96";"8";"0";"10708.0";"111.59";"1450.0";"777.62";"84.62";"507.0";"22.5";"1284.62";"107.12";"33.38";"33.98";"116.12";"13.25";"97.25";"28.88";"11.0";"0.57";"0.58";"6.62";"1.08";"1.18";"34.25";"2.05";"2.77";"10042.67";"111.59";"1359.91";"729.31";"79.37";"475.5";"21.1";"1204.81";"100.47";"108.91";"12.43";"91.21";"27.08";"10.32";"6.21";"32.12"
"Joris Jean-Claude Jacques Chotard";"J. Chotard";"23121";"2001-09-24";"Stade Brestois 29";"89";"FRA - Ligue 1";"3";"2025/2026";"129";"RDM";"Midfield";"97.78";"13";"0";"11521.08";"117.83";"1686.85";"534.08";"46.15";"95.46";"6.23";"629.54";"52.38";"27.02";"27.74";"112.62";"3.31";"90.15";"13.54";"2.0";"0.69";"0.69";"0.31";"1.62";"null";"45.38";"1.92";"2.78";"10604.58";"117.83";"1552.66";"491.59";"42.48";"87.87";"5.74";"579.46";"48.22";"103.66";"3.04";"82.98";"12.46";"1.84";"0.28";"41.77"
"Lilian Brassier";"L. Brassier";"23150";"1999-11-02";"Stade Rennais FC";"79";"FRA - Ligue 1";"3";"2025/2026";"129";"LCB";"Central Defender";"92.85";"13";"0";"10204.85";"109.91";"1402.69";"572.15";"55.38";"232.15";"12.15";"804.31";"67.54";"29.62";"30.32";"120.77";"6.92";"92.62";"15.54";"5.31";"0.64";"0.67";"2.31";"1.18";"1.35";"35.0";"2.0";"2.78";"9891.48";"109.91";"1359.62";"554.58";"53.68";"225.02";"11.78";"779.61";"65.46";"117.06";"6.71";"89.77";"15.06";"5.14";"2.24";"33.93"
"Jack Stacey";"J. Stacey";"23152";"1996-04-06";"Norwich City";"57";"ENG - Championship";"31";"2025/2026";"129";"RB";"Full Back";"95.14";"10";"0";"11063.8";"116.29";"1689.3";"771.9";"74.6";"304.7";"16.9";"1076.6";"91.5";"30.19";"31.18";"122.8";"7.3";"93.7";"21.9";"4.7";"0.64";"0.75";"1.5";"1.35";"1.87";"46.7";"1.96";"2.71";"10466.07";"116.29";"1598.03";"730.2";"70.57";"288.24";"15.99";"1018.44";"86.56";"116.17";"6.91";"88.64";"20.72";"4.45";"1.42";"44.18"
"Dan Nlundulu";"D. Nlundulu";"23197";"1999-02-05";"St. Mirren";"249";"SCO - Premiership";"18";"2025/2026";"129";"CF";"Center Forward";"80.34";"10";"0";"8295.9";"103.26";"1102.5";"522.5";"52.5";"165.3";"11.3";"687.8";"63.8";"28.23";"28.96";"89.3";"8.5";"72.3";"16.7";"5.5";"0.61";"0.73";"2.1";"1.28";"1.44";"37.3";"1.88";"2.85";"9293.58";"103.26";"1235.09";"585.34";"58.81";"185.18";"12.66";"770.52";"71.47";"100.04";"9.52";"80.99";"18.71";"6.16";"2.35";"41.79"
"Stephy Alvaro Mavididi";"S. Mavididi";"23199";"1998-05-31";"Leicester City";"62";"ENG - Championship";"31";"2025/2026";"129";"LW";"Wide Attacker";"82.85";"18";"0";"9000.0";"108.63";"1319.06";"579.39";"59.33";"185.28";"11.5";"764.67";"70.83";"29.21";"30.48";"100.22";"8.39";"79.5";"19.94";"6.06";"0.58";"0.58";"1.39";"1.13";"1.15";"39.72";"1.87";"2.65";"9776.6";"108.63";"1432.87";"629.38";"64.45";"201.27";"12.49";"830.65";"76.95";"108.87";"9.11";"86.36";"21.67";"6.58";"1.51";"43.15"
"Pau Francisco Torres";"Pau Torres";"23203";"1997-01-16";"Aston Villa";"39";"ENG - Premier League";"1";"2025/2026";"129";"LCB";"Central Defender";"95.96";"14";"0";"9748.14";"101.59";"1320.71";"410.07";"36.43";"106.93";"5.93";"517.0";"42.36";"28.64";"29.54";"112.29";"4.86";"89.79";"11.5";"2.0";"0.78";"0.81";"0.93";"1.5";"1.6";"18.71";"2.14";"2.89";"9142.85";"101.59";"1238.71";"384.61";"34.17";"100.29";"5.56";"484.9";"39.73";"105.31";"4.56";"84.21";"10.79";"1.88";"0.87";"17.55"
"Antonio José Raíllo Arenas";"Antonio Raíllo";"23739";"1991-10-08";"RCD Mallorca";"258";"ESP - LaLiga";"4";"2025/2026";"129";"LCB";"Central Defender";"99.0";"14";"0";"9812.07";"99.11";"991.57";"330.93";"30.79";"83.93";"4.86";"414.86";"35.64";"27.84";"29.36";"102.07";"3.21";"81.0";"9.14";"2.21";"0.78";"0.82";"0.79";"1.49";"null";"23.36";"2.03";"2.96";"8919.96";"99.11";"901.42";"300.84";"27.99";"76.3";"4.42";"377.14";"32.4";"92.79";"2.92";"73.64";"8.31";"2.01";"0.71";"21.23"
"Aleix Febas Pérez";"Aleix Febas";"23743";"1996-02-02";"Elche CF";"286";"ESP - LaLiga";"4";"2025/2026";"129";"LM";"Midfield";"97.15";"13";"0";"11067.08";"113.92";"1454.38";"459.62";"45.62";"189.38";"9.38";"649.0";"55.0";"29.79";"31.36";"99.69";"4.85";"85.85";"12.31";"3.38";"0.6";"0.62";"1.31";"1.23";"1.51";"33.77";"2.06";"2.88";"10252.84";"113.92";"1347.38";"425.8";"42.26";"175.45";"8.69";"601.25";"50.95";"92.36";"4.49";"79.53";"11.4";"3.14";"1.21";"31.28"
"Takefusa Kubo";"T. Kubo";"23745";"2001-06-04";"Real Sociedad";"282";"ESP - LaLiga";"4";"2025/2026";"129";"RW";"Wide Attacker";"84.12";"12";"0";"8643.42";"102.75";"1156.17";"617.75";"64.42";"302.83";"14.92";"920.58";"79.33";"29.76";"30.94";"95.67";"8.25";"75.75";"17.83";"7.08";"0.59";"0.59";"3.08";"1.25";"1.34";"44.92";"1.81";"2.63";"9247.65";"102.75";"1236.99";"660.94";"68.92";"324.0";"15.96";"984.94";"84.88";"102.35";"8.83";"81.05";"19.08";"7.58";"3.3";"48.06"
"Nico Schlotterbeck";"N. Schlotterbeck";"23758";"1999-12-01";"Borussia Dortmund";"103";"GER - Bundesliga";"6";"2025/2026";"129";"LCB";"Central Defender";"99.41";"12";"0";"11005.17";"110.71";"1534.33";"515.75";"44.33";"162.17";"7.83";"677.92";"52.17";"29.82";"31.4";"115.83";"4.42";"92.33";"12.75";"3.08";"0.7";"null";"1.0";"1.44";"null";"29.42";"1.95";"2.59";"9963.6";"110.71";"1389.12";"466.94";"40.14";"146.82";"7.09";"613.76";"47.23";"104.87";"4.0";"83.59";"11.54";"2.79";"0.91";"26.63"
"Domingos Sousa Coutinho Meneses Duarte";"Domingos Duarte";"23765";"1995-03-10";"Getafe CF";"268";"ESP - LaLiga";"4";"2025/2026";"129";"CB";"Central Defender";"99.57";"8";"0";"9422.38";"94.63";"992.12";"413.62";"43.38";"163.38";"8.62";"577.0";"52.0";"29.18";"29.58";"105.12";"5.5";"84.25";"14.12";"3.5";"0.85";"0.9";"0.62";"null";"null";"24.25";"1.97";"2.82";"8516.87";"94.63";"896.78";"373.87";"39.21";"147.67";"7.8";"521.55";"47.0";"95.02";"4.97";"76.15";"12.77";"3.16";"0.56";"21.92"
"Domingos Sousa Coutinho Meneses Duarte";"Domingos Duarte";"23765";"1995-03-10";"Getafe CF";"268";"ESP - LaLiga";"4";"2025/2026";"129";"RCB";"Central Defender";"98.05";"8";"0";"9858.0";"100.54";"1169.75";"416.5";"38.38";"112.25";"6.38";"528.75";"44.75";"28.09";"29.14";"105.88";"5.62";"84.62";"14.5";"3.75";"0.74";"0.97";"0.75";"null";"null";"26.5";"2.01";"3.0";"9048.65";"100.54";"1073.71";"382.3";"35.22";"103.03";"5.85";"485.34";"41.08";"97.18";"5.16";"77.68";"13.31";"3.44";"0.69";"24.32"
"Ignacio Vidal Miralles";"Nacho Vidal";"23778";"1995-01-24";"Real Oviedo";"776";"ESP - LaLiga";"4";"2025/2026";"129";"RB";"Full Back";"93.63";"11";"0";"10362.82";"110.68";"1445.18";"685.18";"65.45";"235.09";"12.82";"920.27";"78.27";"28.94";"29.6";"117.82";"8.27";"97.45";"22.36";"5.73";"0.64";"0.72";"1.55";"1.31";"1.39";"41.09";"2.05";"2.67";"9961.02";"110.68";"1389.15";"658.62";"62.92";"225.98";"12.32";"884.59";"75.24";"113.25";"7.95";"93.68";"21.5";"5.51";"1.49";"39.5"
"Marc Guéhi";"M. Guéhi";"23841";"2000-07-13";"Crystal Palace";"60";"ENG - Premier League";"1";"2025/2026";"129";"LCB";"Central Defender";"100.39";"20";"0";"10587.2";"105.46";"1374.65";"485.25";"46.9";"147.7";"8.7";"632.95";"55.6";"29.02";"30.72";"120.85";"7.85";"99.45";"14.6";"5.15";"0.59";"0.6";"1.7";"1.11";"1.13";"28.7";"1.96";"2.72";"9491.23";"105.46";"1232.35";"435.02";"42.04";"132.41";"7.8";"567.43";"49.84";"108.34";"7.04";"89.16";"13.09";"4.62";"1.52";"25.73"
"Edmond Fayçal Tapsoba";"E. Tapsoba";"23964";"1999-02-02";"Bayer 04 Leverkusen";"102";"GER - Bundesliga";"6";"2025/2026";"129";"LCB";"Central Defender";"100.15";"14";"0";"10520.93";"105.05";"1146.64";"345.29";"34.57";"110.86";"6.0";"456.14";"40.57";"29.19";"30.88";"111.5";"4.07";"91.07";"13.71";"2.64";"0.87";"0.88";"0.5";"1.61";"1.66";"22.57";"1.99";"2.86";"9454.54";"105.05";"1030.42";"310.29";"31.07";"99.62";"5.39";"409.91";"36.46";"100.2";"3.66";"81.84";"12.32";"2.37";"0.45";"20.28"
"Omar Federico Alderete Fernández";"O. Alderete";"23977";"1996-12-26";"Sunderland";"35";"ENG - Premier League";"1";"2025/2026";"129";"LCB";"Central Defender";"99.27";"20";"0";"10080.45";"101.54";"1284.8";"419.5";"37.1";"116.9";"6.15";"536.4";"43.25";"29.12";"30.76";"110.0";"6.3";"85.15";"13.7";"4.25";"0.68";"0.78";"1.35";"1.35";"1.52";"21.85";"2.06";"2.82";"9138.81";"101.54";"1164.78";"380.31";"33.63";"105.98";"5.58";"486.29";"39.21";"99.72";"5.71";"77.2";"12.42";"3.85";"1.22";"19.81"
"Marcos Senesi";"M. Senesi";"24011";"1997-05-10";"Bournemouth";"63";"ENG - Premier League";"1";"2025/2026";"129";"LCB";"Central Defender";"98.81";"23";"0";"9953.3";"100.74";"1251.7";"375.35";"34.91";"122.22";"6.48";"497.57";"41.39";"28.86";"31.2";"103.91";"6.17";"80.09";"11.52";"3.26";"0.69";"0.72";"1.52";"1.26";"1.29";"24.87";"1.9";"2.65";"9066.18";"100.74";"1140.13";"341.89";"31.8";"111.32";"5.9";"453.22";"37.7";"94.65";"5.62";"72.95";"10.49";"2.97";"1.39";"22.65"
"Luis Fernando Díaz Marulanda";"L. Díaz";"24012";"1997-01-13";"FC Bayern Munchen";"100";"GER - Bundesliga";"6";"2025/2026";"129";"LW";"Wide Attacker";"97.37";"18";"0";"10517.39";"108.01";"1433.67";"750.28";"74.11";"350.89";"17.83";"1101.17";"91.94";"30.84";"31.9";"113.44";"9.17";"99.89";"19.94";"7.28";"0.61";"0.65";"2.78";"1.13";"1.25";"43.83";"1.86";"2.61";"9721.1";"108.01";"1325.12";"693.47";"68.5";"324.32";"16.48";"1017.8";"84.98";"104.86";"8.47";"92.33";"18.43";"6.73";"2.57";"40.51"
"Strahinja Pavlović";"S. Pavlović";"24030";"2001-05-24";"Milan";"140";"ITA - Serie A";"5";"2025/2026";"129";"LCB";"Central Defender";"96.06";"18";"0";"10312.94";"107.36";"1131.89";"400.89";"42.67";"216.94";"10.11";"617.83";"52.78";"30.41";"32.1";"101.94";"5.22";"84.22";"10.5";"3.94";"0.63";"0.64";"1.72";"1.19";"1.25";"30.56";"1.97";"2.62";"9661.96";"107.36";"1060.44";"375.58";"39.97";"203.25";"9.47";"578.83";"49.45";"95.51";"4.89";"78.91";"9.84";"3.7";"1.61";"28.63"
"Yukinari Sugawara";"Y. Sugawara";"24035";"2000-06-28";"SV Werder Bremen";"111";"GER - Bundesliga";"6";"2025/2026";"129";"RB";"Full Back";"96.04";"13";"0";"10921.77";"113.73";"1635.23";"691.15";"61.85";"235.31";"12.15";"926.46";"74.0";"28.88";"29.7";"110.92";"7.23";"97.15";"19.23";"5.15";"0.66";"0.69";"1.62";"1.23";"1.36";"36.38";"2.02";"2.88";"10235.33";"113.73";"1532.46";"647.71";"57.96";"220.52";"11.39";"868.23";"69.35";"103.95";"6.78";"91.05";"18.02";"4.83";"1.51";"34.1"
"Ilia Gruev";"I. Gruev";"24044";"2000-05-06";"Leeds United";"787";"ENG - Premier League";"1";"2025/2026";"129";"LM";"Midfield";"87.67";"8";"0";"10480.5";"119.54";"1849.88";"606.38";"53.88";"161.0";"8.38";"767.38";"62.25";"27.82";"28.52";"120.88";"4.88";"97.25";"14.75";"3.5";"0.75";"0.83";"1.25";"1.44";"1.73";"45.62";"2.05";"2.84";"10758.68";"119.54";"1898.98";"622.47";"55.3";"165.27";"8.6";"787.74";"63.9";"124.08";"5.0";"99.83";"15.14";"3.59";"1.28";"46.84"
"Matteo Gabbia";"M. Gabbia";"24046";"1999-10-21";"Milan";"140";"ITA - Serie A";"5";"2025/2026";"129";"CB";"Central Defender";"95.54";"20";"0";"9861.3";"103.22";"1023.75";"283.75";"26.65";"56.55";"3.75";"340.3";"30.4";"27.07";"29.2";"96.8";"3.95";"79.4";"10.05";"2.1";"0.72";"0.79";"0.25";"1.56";"null";"21.75";"2.0";"2.74";"9289.8";"103.22";"964.42";"267.31";"25.11";"53.27";"3.53";"320.58";"28.64";"91.19";"3.72";"74.8";"9.47";"1.98";"0.24";"20.49"
"Luis Jesús Rioja González";"Luis Rioja";"24051";"1993-10-16";"Valencia CF";"257";"ESP - LaLiga";"4";"2025/2026";"129";"RW";"Wide Attacker";"86.36";"14";"0";"9533.14";"110.38";"1328.71";"598.64";"59.79";"303.5";"14.29";"902.14";"74.07";"30.86";"32.0";"103.0";"8.07";"80.29";"20.14";"5.57";"0.59";"0.6";"2.36";"1.21";"1.25";"36.79";"1.89";"2.57";"9934.46";"110.38";"1384.65";"623.84";"62.3";"316.28";"14.89";"940.12";"77.19";"107.34";"8.41";"83.67";"20.99";"5.81";"2.46";"38.33"
"Oihan Sancet Tirapu";"Oihan Sancet";"24120";"2000-04-25";"Athletic Club de Bilbao";"273";"ESP - LaLiga";"4";"2025/2026";"129";"AM";"Midfield";"80.07";"8";"0";"9176.12";"114.6";"1332.38";"508.25";"49.12";"99.38";"6.62";"607.62";"55.75";"27.45";"28.18";"98.75";"5.0";"83.5";"14.12";"3.75";"0.67";"0.73";"0.62";"1.54";"null";"42.38";"2.09";"2.81";"10313.74";"114.6";"1497.56";"571.26";"55.22";"111.7";"7.45";"682.96";"62.66";"110.99";"5.62";"93.85";"15.88";"4.21";"0.7";"47.63"
"Ander Barrenetxea Muguruza";"Ander Barrenetxea";"24122";"2001-12-27";"Real Sociedad";"282";"ESP - LaLiga";"4";"2025/2026";"129";"LW";"Wide Attacker";"85.53";"8";"0";"9129.75";"106.75";"1321.25";"582.0";"60.0";"200.12";"11.5";"782.12";"71.5";"29.09";"29.98";"94.88";"9.0";"73.75";"21.75";"7.12";"0.62";"0.64";"3.0";"1.17";"1.17";"50.12";"1.97";"2.66";"9607.45";"106.75";"1390.38";"612.45";"63.14";"210.6";"12.1";"823.05";"75.24";"99.84";"9.47";"77.61";"22.89";"7.5";"3.16";"52.75"
"Kieffer Moore";"K. Moore";"24138";"1992-08-08";"Wrexham FC";"3139";"ENG - Championship";"31";"2025/2026";"129";"CF";"Center Forward";"94.38";"23";"0";"10273.87";"108.85";"1375.65";"636.48";"63.87";"224.96";"12.65";"861.43";"76.52";"29.27";"30.56";"116.43";"11.35";"93.3";"20.48";"8.22";"0.63";"0.66";"1.43";"1.29";"1.38";"49.48";"1.78";"2.83";"9796.73";"108.85";"1311.76";"606.92";"60.9";"214.51";"12.06";"821.43";"72.97";"111.03";"10.82";"88.97";"19.53";"7.84";"1.37";"47.18"
"Rassoul Ndiaye";"R. Ndiaye";"24224";"2001-12-11";"Le Havre AC";"69";"FRA - Ligue 1";"3";"2025/2026";"129";"LM";"Midfield";"85.77";"10";"0";"10487.9";"122.29";"2110.3";"617.2";"50.5";"106.6";"6.8";"723.8";"57.3";"26.65";"27.16";"104.4";"2.8";"85.3";"9.2";"1.6";"0.75";"0.81";"0.3";"null";"null";"47.4";"1.88";"2.85";"11005.78";"122.29";"2214.5";"647.68";"52.99";"111.86";"7.14";"759.54";"60.13";"109.56";"2.94";"89.51";"9.65";"1.68";"0.31";"49.74"
"Jorge De Frutos Sebastián";"Jorge de Frutos";"24247";"1997-02-20";"Rayo Vallecano";"284";"ESP - LaLiga";"4";"2025/2026";"129";"CF";"Center Forward";"81.45";"8";"0";"8926.75";"109.6";"1070.38";"556.0";"59.62";"266.5";"13.5";"822.5";"73.12";"30.39";"31.12";"85.62";"7.5";"71.5";"11.75";"6.62";"0.66";"0.71";"2.25";"1.31";"1.48";"42.12";"1.91";"2.91";"9864.06";"109.6";"1182.77";"614.38";"65.89";"294.48";"14.92";"908.86";"80.8";"94.62";"8.29";"79.01";"12.98";"7.32";"2.49";"46.55"
"Jorge De Frutos Sebastián";"Jorge de Frutos";"24247";"1997-02-20";"Rayo Vallecano";"284";"ESP - LaLiga";"4";"2025/2026";"129";"RW";"Wide Attacker";"79.24";"9";"0";"8749.33";"110.41";"1093.44";"570.44";"61.11";"312.89";"15.89";"883.33";"77.0";"30.57";"31.3";"87.67";"6.33";"72.56";"14.0";"5.0";"0.68";"0.68";"2.78";"1.25";"1.32";"38.44";"1.76";"2.78";"9936.85";"110.41";"1241.85";"647.87";"69.41";"355.36";"18.05";"1003.22";"87.45";"99.57";"7.19";"82.4";"15.9";"5.68";"3.15";"43.66"
"Riccardo Calafiori";"R. Calafiori";"24271";"2002-05-19";"Arsenal Football Club";"3";"ENG - Premier League";"1";"2025/2026";"129";"LB";"Full Back";"87.72";"16";"0";"10424.25";"118.84";"1684.56";"640.19";"55.0";"180.94";"10.25";"821.12";"65.25";"28.12";"29.12";"121.0";"6.44";"97.69";"18.56";"4.75";"0.73";"0.73";"1.5";"1.41";"1.53";"44.5";"1.82";"2.57";"10695.6";"118.84";"1728.41";"656.85";"56.43";"185.65";"10.52";"842.5";"66.95";"124.15";"6.61";"100.23";"19.05";"4.87";"1.54";"45.66"
"Taylor Perry";"T. Perry";"24277";"2001-07-15";"Shrewsbury Town";"882";"ENG - League Two";"204";"2025/2026";"129";"RM";"Midfield";"94.21";"11";"0";"9991.36";"106.05";"1440.09";"490.45";"45.18";"101.73";"6.18";"592.18";"51.36";"28.11";"29.06";"105.0";"4.73";"84.64";"13.45";"2.55";"0.63";"0.92";"0.91";"1.34";"1.73";"45.18";"1.88";"2.57";"9544.51";"106.05";"1375.68";"468.52";"43.16";"97.18";"5.91";"565.7";"49.07";"100.3";"4.52";"80.85";"12.85";"2.43";"0.87";"43.16"
"Darlin Zidane Yongwa Ngameni";"D. Yongwa";"24288";"2000-09-21";"FC Lorient";"72";"FRA - Ligue 1";"3";"2025/2026";"129";"LCB";"Central Defender";"99.57";"8";"0";"10866.0";"109.13";"1358.88";"480.38";"48.38";"175.0";"10.38";"655.38";"58.75";"29.39";"29.98";"115.25";"7.88";"90.88";"16.5";"5.12";"0.73";"0.79";"1.75";"1.42";"1.62";"33.5";"2.03";"2.73";"9821.35";"109.13";"1228.23";"434.19";"43.72";"158.18";"9.38";"592.37";"53.1";"104.17";"7.12";"82.14";"14.91";"4.63";"1.58";"30.28"
"Nick Woltemade";"N. Woltemade";"24295";"2002-02-14";"Newcastle United";"32";"ENG - Premier League";"1";"2025/2026";"129";"CF";"Center Forward";"85.06";"16";"0";"9093.25";"106.91";"1180.25";"508.38";"48.31";"137.06";"8.44";"645.44";"56.75";"28.07";"29.26";"98.06";"6.62";"78.88";"16.38";"4.56";"0.71";"0.81";"1.25";"1.42";"1.72";"31.62";"2.03";"2.89";"9621.54";"106.91";"1248.82";"537.91";"51.12";"145.03";"8.93";"682.94";"60.05";"103.76";"7.01";"83.46";"17.33";"4.83";"1.32";"33.46"
"Sergio Carreira Vilariño";"Sergio Carreira";"24300";"2000-10-13";"RC Celta de Vigo";"285";"ESP - LaLiga";"4";"2025/2026";"129";"LWB";"Full Back";"97.11";"13";"0";"11152.15";"114.84";"1675.08";"660.08";"63.85";"176.85";"11.15";"836.92";"75.0";"28.72";"29.9";"134.54";"9.23";"108.08";"28.38";"6.69";"0.65";"0.67";"2.0";"1.21";"1.21";"58.08";"1.97";"2.63";"10335.88";"114.84";"1552.47";"611.76";"59.17";"163.9";"10.34";"775.67";"69.51";"124.69";"8.56";"100.17";"26.31";"6.2";"1.85";"53.83"
"Roberto Piccoli";"R. Piccoli";"24304";"2001-01-27";"Fiorentina";"138";"ITA - Serie A";"5";"2025/2026";"129";"CF";"Center Forward";"85.61";"10";"0";"9102.1";"106.31";"1025.5";"507.0";"56.1";"236.9";"13.4";"743.9";"69.5";"30.13";"30.86";"87.4";"7.2";"73.6";"15.5";"5.8";"0.67";"0.67";"2.5";"1.34";"1.42";"35.4";"1.94";"2.69";"9568.29";"106.31";"1078.02";"532.97";"58.97";"249.03";"14.09";"782.0";"73.06";"91.88";"7.57";"77.37";"16.29";"6.1";"2.63";"37.21"
"Amad Diallo Traoré";"A. Diallo";"24305";"2002-07-11";"Manchester United";"31";"ENG - Premier League";"1";"2025/2026";"129";"RWB";"Full Back";"93.95";"9";"0";"10310.78";"109.75";"1596.11";"799.33";"79.56";"380.78";"21.22";"1180.11";"100.78";"30.43";"31.06";"123.22";"13.67";"101.56";"20.78";"10.33";"0.66";"0.68";"4.56";"1.19";"1.29";"46.78";"2.14";"2.69";"9877.28";"109.75";"1529.0";"765.73";"76.21";"364.77";"20.33";"1130.49";"96.54";"118.04";"13.09";"97.29";"19.9";"9.9";"4.36";"44.81"
"Thomas Glyn Doyle";"T. Doyle";"24324";"2001-10-17";"Birmingham City";"51";"ENG - Championship";"31";"2025/2026";"129";"RDM";"Midfield";"93.61";"11";"0";"11156.45";"119.18";"1825.0";"516.36";"43.09";"106.0";"4.73";"622.36";"47.82";"27.18";"28.74";"106.91";"3.27";"93.27";"9.82";"2.0";"0.69";"0.72";"0.27";"1.55";"null";"27.18";"2.13";"2.83";"10725.8";"119.18";"1754.55";"496.43";"41.43";"101.91";"4.54";"598.34";"45.97";"102.78";"3.15";"89.67";"9.44";"1.92";"0.26";"26.13"
"Anthony Gordon";"A. Gordon";"24344";"2001-02-24";"Newcastle United";"32";"ENG - Premier League";"1";"2025/2026";"129";"LF";"Wide Attacker";"74.22";"10";"0";"8023.9";"108.11";"1134.3";"536.4";"60.3";"339.5";"15.8";"875.9";"76.1";"31.91";"33.26";"84.1";"11.0";"66.5";"16.4";"9.1";"0.58";"0.59";"4.3";"1.09";"1.14";"44.1";"1.98";"2.56";"9729.65";"108.11";"1375.43";"650.43";"73.12";"411.67";"19.16";"1062.1";"92.28";"101.98";"13.34";"80.64";"19.89";"11.03";"5.21";"53.47"
"Manuel Sánchez De La Peña";"Manu Sánchez";"24453";"2000-08-24";"Levante UD";"281";"ESP - LaLiga";"4";"2025/2026";"129";"LB";"Full Back";"96.24";"16";"0";"10836.38";"112.6";"1645.69";"802.31";"77.44";"293.75";"17.25";"1096.06";"94.69";"29.44";"30.44";"129.44";"10.12";"101.31";"30.69";"7.06";"0.62";"0.64";"2.06";"1.36";"1.47";"55.62";"1.86";"2.49";"10134.03";"112.6";"1539.02";"750.31";"72.42";"274.71";"16.13";"1025.02";"88.55";"121.05";"9.47";"94.75";"28.7";"6.6";"1.93";"52.02"
"Vivaldo Borges dos Santos Neto";"Neto Borges";"24465";"1996-09-13";"Bristol City";"753";"ENG - Championship";"31";"2025/2026";"129";"LWB";"Full Back";"88.52";"15";"0";"10138.13";"114.53";"1547.4";"735.53";"69.53";"274.53";"14.47";"1010.07";"84.0";"29.11";"30.58";"129.73";"8.47";"104.4";"24.0";"5.0";"0.74";"0.84";"1.93";"1.39";"1.63";"41.0";"2.05";"2.68";"10307.38";"114.53";"1573.23";"747.81";"70.69";"279.12";"14.71";"1026.93";"85.4";"131.9";"8.61";"106.14";"24.4";"5.08";"1.97";"41.68"
"Jurriën Timber Maduro";"J. Timber";"24466";"2001-06-17";"Arsenal Football Club";"3";"ENG - Premier League";"1";"2025/2026";"129";"RB";"Full Back";"97.68";"19";"0";"10008.89";"102.46";"1370.42";"592.26";"55.63";"211.79";"11.11";"804.05";"66.74";"29.72";"30.86";"123.63";"8.89";"100.79";"18.53";"6.21";"0.65";"0.68";"1.68";"1.18";"1.42";"33.21";"1.92";"2.74";"9221.64";"102.46";"1262.63";"545.68";"51.26";"195.13";"10.23";"740.81";"61.49";"113.91";"8.2";"92.86";"17.07";"5.72";"1.55";"30.6"
"Teden Mengi";"T. Mengi";"24472";"2002-04-30";"Luton Town";"879";"ENG - League One";"101";"2025/2026";"129";"LCB";"Central Defender";"96.57";"8";"0";"9287.25";"96.17";"1119.5";"373.38";"39.0";"130.5";"8.0";"503.88";"47.0";"30.07";"31.04";"106.0";"5.62";"77.5";"11.0";"3.62";"0.73";"0.85";"0.62";"1.44";"null";"16.38";"2.18";"2.99";"8655.52";"96.17";"1043.35";"347.98";"36.35";"121.62";"7.46";"469.6";"43.8";"98.79";"5.24";"72.23";"10.25";"3.38";"0.58";"15.26"
"Teden Mengi";"T. Mengi";"24472";"2002-04-30";"Luton Town";"879";"ENG - League One";"101";"2025/2026";"129";"RCB";"Central Defender";"97.72";"11";"0";"9550.73";"97.74";"1145.09";"369.09";"38.45";"118.82";"6.45";"487.91";"44.91";"29.79";"31.24";"105.45";"4.55";"77.27";"9.73";"3.27";"0.67";"0.74";"1.27";"1.35";"1.43";"13.82";"2.26";"2.97";"8796.24";"97.74";"1054.63";"339.93";"35.42";"109.43";"5.94";"449.37";"41.36";"97.12";"4.19";"71.17";"8.96";"3.01";"1.17";"12.73"
"Ethan Galbraith";"E. Galbraith";"24474";"2001-05-11";"Swansea City";"55";"ENG - Championship";"31";"2025/2026";"129";"RB";"Full Back";"93.04";"11";"0";"10336.45";"111.09";"1649.73";"688.91";"69.09";"252.45";"15.36";"941.36";"84.45";"29.32";"30.08";"123.27";"9.27";"101.45";"21.0";"6.0";"0.6";"0.61";"1.73";"1.24";"1.41";"43.27";"2.12";"2.68";"9998.46";"111.09";"1595.78";"666.38";"66.83";"244.2";"14.86";"910.58";"81.69";"119.24";"8.97";"98.14";"20.31";"5.8";"1.67";"41.86"
"Scott Robertson";"S. Robertson";"24489";"2001-07-27";"Notts County FC";"1563";"ENG - League Two";"204";"2025/2026";"129";"LM";"Midfield";"92.32";"11";"0";"10359.45";"112.21";"1528.55";"418.64";"38.91";"89.55";"4.55";"508.18";"43.45";"27.66";"28.62";"109.73";"5.36";"95.09";"16.73";"3.64";"0.62";"0.67";"1.09";"1.41";"1.41";"31.18";"2.02";"2.58";"10098.99";"112.21";"1490.11";"408.11";"37.93";"87.29";"4.43";"495.4";"42.36";"106.97";"5.23";"92.7";"16.31";"3.54";"1.06";"30.4"
"Issa Soumaré";"I. Soumaré";"24490";"2000-10-10";"Le Havre AC";"69";"FRA - Ligue 1";"3";"2025/2026";"129";"CF";"Center Forward";"99.17";"10";"0";"10646.4";"107.36";"1428.8";"573.8";"59.9";"218.5";"11.7";"792.3";"71.6";"30.36";"31.5";"107.2";"8.9";"84.7";"19.5";"6.8";"0.61";"0.65";"1.9";"1.25";"null";"51.9";"1.82";"2.8";"9662.12";"107.36";"1296.7";"520.75";"54.36";"198.3";"10.62";"719.05";"64.98";"97.29";"8.08";"76.87";"17.7";"6.17";"1.72";"47.1"
"Gavin Kilkenny";"G. Kilkenny";"24494";"2000-02-01";"Swindon Town";"1587";"ENG - League Two";"204";"2025/2026";"129";"LM";"Midfield";"100.05";"12";"0";"11490.5";"114.84";"1829.0";"659.58";"59.17";"138.42";"9.25";"798.0";"68.42";"27.95";"29.18";"117.5";"7.25";"97.08";"15.33";"4.33";"0.61";"0.61";"1.0";"1.31";"null";"53.33";"1.82";"2.56";"10335.99";"114.84";"1645.23";"593.31";"53.22";"124.51";"8.32";"717.82";"61.54";"105.69";"6.52";"87.33";"13.79";"3.9";"0.9";"47.97"
"Georges Mikautadze";"G. Mikautadze";"24504";"2000-10-31";"Villarreal CF";"260";"ESP - LaLiga";"4";"2025/2026";"129";"CF";"Center Forward";"85.44";"10";"0";"9717.2";"113.73";"1302.7";"581.0";"61.5";"238.4";"14.5";"819.4";"76.0";"29.81";"30.98";"100.8";"9.1";"84.4";"15.2";"6.3";"0.6";"0.6";"2.9";"1.23";"1.32";"49.8";"1.92";"2.77";"10235.61";"113.73";"1372.2";"612.0";"64.78";"251.12";"15.27";"863.12";"80.05";"106.18";"9.59";"88.9";"16.01";"6.64";"3.05";"52.46"
"Ben Cabango";"B. Cabango";"24521";"2000-05-30";"Swansea City";"55";"ENG - Championship";"31";"2025/2026";"129";"RCB";"Central Defender";"97.93";"30";"0";"10222.77";"104.39";"1354.33";"442.23";"42.03";"119.73";"6.93";"561.97";"48.97";"28.76";"31.06";"119.17";"5.87";"91.77";"13.87";"3.83";"0.66";"0.72";"0.87";"1.41";"1.41";"26.53";"1.96";"2.76";"9395.13";"104.39";"1244.69";"406.43";"38.63";"110.04";"6.37";"516.47";"45.0";"109.52";"5.39";"84.34";"12.74";"3.52";"0.8";"24.39"
"Billy Mitchell";"B. Mitchell";"24522";"2001-04-07";"Millwall FC";"751";"ENG - Championship";"31";"2025/2026";"129";"LDM";"Midfield";"90.31";"8";"0";"10535.12";"116.66";"2006.62";"512.5";"47.25";"99.88";"6.25";"612.38";"53.5";"27.3";"28.12";"115.62";"4.12";"98.12";"9.88";"2.0";"0.67";"0.72";"0.75";"1.45";"null";"41.88";"1.81";"2.9";"10499.16";"116.66";"1999.77";"510.75";"47.09";"99.53";"6.23";"610.28";"53.32";"115.23";"4.11";"97.79";"9.84";"1.99";"0.75";"41.73"
"Marc Bola";"M. Bola";"24525";"1997-12-09";"Watford";"64";"ENG - Championship";"31";"2025/2026";"129";"LB";"Full Back";"99.59";"21";"0";"10321.29";"103.64";"1339.81";"512.43";"51.05";"210.67";"10.0";"723.1";"61.05";"29.8";"32.1";"113.52";"7.05";"93.9";"19.38";"5.33";"0.61";"0.62";"2.19";"1.24";"1.4";"26.67";"2.12";"2.74";"9327.35";"103.64";"1210.79";"463.08";"46.13";"190.38";"9.04";"653.46";"55.17";"102.59";"6.37";"84.86";"17.51";"4.82";"1.98";"24.1"
"Hayden Coulson";"H. Coulson";"24526";"1998-06-17";"Blackpool";"54";"ENG - League One";"101";"2025/2026";"129";"LB";"Full Back";"93.18";"9";"0";"9683.67";"103.93";"1123.33";"411.11";"42.44";"138.22";"7.89";"549.33";"50.33";"29.36";"30.46";"106.56";"6.89";"88.33";"16.89";"4.33";"0.61";"0.69";"1.67";"1.54";"1.55";"27.67";"2.14";"2.99";"9353.41";"103.93";"1085.02";"397.09";"41.0";"133.51";"7.62";"530.6";"48.62";"102.92";"6.65";"85.32";"16.31";"4.19";"1.61";"26.72"
"Callum Elder";"C. Elder";"24527";"1995-01-27";"Derby County FC";"359";"ENG - Championship";"31";"2025/2026";"129";"LWB";"Full Back";"96.13";"14";"0";"10385.71";"108.04";"1545.21";"634.93";"60.64";"202.36";"11.14";"837.29";"71.79";"29.39";"30.26";"123.0";"10.93";"97.14";"27.29";"7.14";"0.67";"0.69";"2.29";"1.4";"1.55";"39.57";"1.94";"2.6";"9723.7";"108.04";"1446.72";"594.46";"56.78";"189.46";"10.43";"783.92";"67.21";"115.16";"10.23";"90.95";"25.55";"6.69";"2.14";"37.05"
"Tom Eaves";"T. Eaves";"24528";"1992-01-14";"Northampton Town FC";"2811";"ENG - League One";"101";"2025/2026";"129";"CF";"Center Forward";"89.04";"10";"0";"9274.9";"104.17";"1194.9";"585.8";"54.8";"231.2";"11.4";"817.0";"66.2";"29.8";"30.72";"92.1";"7.9";"72.6";"15.7";"4.8";"0.62";"0.83";"2.1";"1.17";"1.92";"28.5";"1.98";"2.92";"9375.07";"104.17";"1207.81";"592.13";"55.39";"233.7";"11.52";"825.82";"66.91";"93.09";"7.99";"73.38";"15.87";"4.85";"2.12";"28.81"
"Ryan Tafazolli";"R. Tafazolli";"24529";"1991-09-28";"Swindon Town";"1587";"ENG - League Two";"204";"2025/2026";"129";"CB";"Central Defender";"88.68";"8";"0";"8702.12";"98.13";"1018.38";"282.0";"23.5";"45.25";"2.38";"327.25";"25.88";"26.54";"27.24";"104.0";"3.88";"78.38";"6.25";"1.88";"0.72";"0.94";"0.38";"null";"null";"12.12";"2.7";"null";"8831.32";"98.13";"1033.49";"286.19";"23.85";"45.92";"2.41";"332.11";"26.26";"105.54";"3.93";"79.54";"6.34";"1.9";"0.38";"12.31"
"George Honeyman";"G. Honeyman";"24531";"1994-09-08";"Blackpool";"54";"ENG - League One";"101";"2025/2026";"129";"LM";"Midfield";"95.57";"10";"0";"11520.3";"120.54";"2070.0";"821.6";"71.8";"177.5";"12.2";"999.1";"84.0";"28.32";"28.86";"123.5";"5.3";"102.8";"14.5";"3.4";"0.62";"0.69";"1.2";"1.11";"1.3";"59.7";"1.92";"2.59";"10848.69";"120.54";"1949.32";"773.7";"67.61";"167.15";"11.49";"940.85";"79.1";"116.3";"4.99";"96.81";"13.65";"3.2";"1.13";"56.22"
"Matty Pearson";"M. Pearson";"24535";"1993-08-03";"Doncaster Rovers FC";"1725";"ENG - League One";"101";"2025/2026";"129";"LCB";"Central Defender";"92.55";"8";"0";"9619.88";"103.94";"1233.0";"427.88";"40.5";"91.75";"6.0";"519.62";"46.5";"28.31";"29.14";"108.38";"4.38";"78.0";"12.5";"2.5";"0.8";"0.91";"0.38";"null";"null";"20.5";"2.04";"null";"9354.61";"103.94";"1199.0";"416.08";"39.38";"89.22";"5.83";"505.3";"45.22";"105.39";"4.25";"75.85";"12.16";"2.43";"0.36";"19.93"
"Sonny Bradley";"S. Bradley";"24536";"1991-09-13";"Lincoln City FC";"1721";"ENG - League One";"101";"2025/2026";"129";"LCB";"Central Defender";"99.77";"24";"0";"10502.79";"105.27";"1296.96";"406.79";"37.79";"106.17";"5.29";"512.96";"43.08";"27.8";"29.32";"116.75";"4.83";"85.92";"9.71";"2.88";"0.66";"0.82";"1.12";"1.42";"1.6";"22.79";"2.07";"2.71";"9474.03";"105.27";"1169.92";"366.95";"34.09";"95.77";"4.77";"462.71";"38.86";"105.31";"4.36";"77.5";"8.76";"2.59";"1.01";"20.56"
"Lloyd Jones";"L. Jones";"24538";"1995-10-07";"Charlton Athletic";"877";"ENG - Championship";"31";"2025/2026";"129";"CB";"Central Defender";"99.94";"21";"0";"10048.48";"100.54";"1206.9";"379.52";"31.9";"99.81";"5.0";"479.33";"36.9";"27.85";"30.06";"108.43";"5.1";"90.0";"9.86";"3.0";"0.72";"0.74";"0.62";"1.47";"null";"22.14";"2.03";"2.75";"9049.01";"100.54";"1086.86";"341.77";"28.73";"89.88";"4.5";"431.66";"33.23";"97.64";"4.59";"81.05";"8.88";"2.7";"0.56";"19.94"
"Lloyd Jones";"L. Jones";"24538";"1995-10-07";"Charlton Athletic";"877";"ENG - Championship";"31";"2025/2026";"129";"RCB";"Central Defender";"97.9";"8";"0";"10021.88";"102.37";"1254.12";"374.25";"31.38";"68.12";"3.62";"442.38";"35.0";"26.6";"27.12";"103.5";"4.25";"78.38";"9.12";"2.25";"0.71";"0.92";"0.38";"null";"null";"19.88";"2.35";"null";"9213.56";"102.37";"1152.97";"344.06";"28.84";"62.63";"3.33";"406.7";"32.18";"95.15";"3.91";"72.05";"8.39";"2.07";"0.34";"18.27"
"Ben Purrington";"B. Purrington";"24546";"1996-05-20";"Cambridge United";"1871";"ENG - League Two";"204";"2025/2026";"129";"LB";"Full Back";"99.24";"14";"0";"11010.57";"110.95";"1462.43";"553.14";"47.14";"133.21";"7.07";"686.36";"54.21";"28.66";"30.18";"112.21";"6.64";"85.93";"14.14";"4.21";"0.54";"0.68";"0.71";"1.44";"null";"27.79";"2.01";"2.71";"9985.24";"110.95";"1326.24";"501.63";"42.75";"120.81";"6.41";"622.44";"49.17";"101.76";"6.02";"77.93";"12.83";"3.82";"0.65";"25.2"
"Abdulyussuf Adedeji Adeniyi Oshilaja";"A. Oshilaja";"24550";"1993-03-02";"Mansfield Town FC";"2819";"ENG - League One";"101";"2025/2026";"129";"RCB";"Central Defender";"99.18";"17";"0";"10165.12";"102.49";"1241.94";"357.35";"33.24";"69.65";"4.47";"427.0";"37.71";"27.04";"28.38";"121.06";"3.71";"89.76";"10.24";"2.47";"0.7";"0.81";"1.0";"1.45";"1.67";"20.76";"2.13";"2.81";"9224.39";"102.49";"1127.01";"324.28";"30.16";"63.2";"4.06";"387.48";"34.22";"109.86";"3.36";"81.46";"9.29";"2.24";"0.91";"18.84"
"Albie Morgan";"A. Morgan";"24554";"2000-02-02";"Blackpool";"54";"ENG - League One";"101";"2025/2026";"129";"LM";"Midfield";"91.88";"10";"0";"10752.5";"117.03";"1751.8";"540.9";"48.6";"112.2";"5.4";"653.1";"54.0";"28.98";"30.2";"98.2";"5.0";"84.1";"11.1";"3.2";"0.7";"0.77";"0.7";"1.62";"null";"45.1";"1.86";"2.79";"10532.68";"117.03";"1715.99";"529.84";"47.61";"109.91";"5.29";"639.75";"52.9";"96.19";"4.9";"82.38";"10.87";"3.13";"0.69";"44.18"
"Dominic Thompson";"D. Thompson";"24557";"2000-07-26";"Kilmarnock";"244";"SCO - Premiership";"18";"2025/2026";"129";"LWB";"Full Back";"94.0";"12";"0";"10381.5";"110.44";"1428.42";"561.83";"54.08";"216.0";"11.67";"777.83";"65.75";"29.44";"30.56";"116.67";"8.83";"95.92";"15.67";"6.67";"0.6";"0.6";"2.75";"1.27";"1.27";"40.58";"1.91";"2.84";"9939.29";"110.44";"1367.57";"537.9";"51.78";"206.8";"11.17";"744.7";"62.95";"111.7";"8.46";"91.83";"15.0";"6.38";"2.63";"38.85"
"Antoine Semenyo";"A. Semenyo";"24562";"2000-01-07";"Bournemouth";"63";"ENG - Premier League";"1";"2025/2026";"129";"LW";"Wide Attacker";"100.81";"14";"0";"10463.93";"103.8";"1306.0";"604.0";"66.14";"300.57";"15.43";"904.57";"81.57";"31.03";"32.04";"100.79";"9.0";"82.14";"18.64";"7.14";"0.62";"0.62";"3.07";"1.14";"1.15";"41.0";"1.85";"2.67";"9341.69";"103.8";"1165.93";"539.22";"59.05";"268.34";"13.77";"807.56";"72.82";"89.98";"8.03";"73.33";"16.64";"6.38";"2.74";"36.6"
"Joe Rafferty";"J. Rafferty";"24564";"1993-10-06";"Rotherham United";"750";"ENG - League One";"101";"2025/2026";"129";"RCB";"Central Defender";"92.53";"18";"0";"9571.83";"103.45";"1271.78";"376.72";"34.5";"97.22";"4.78";"473.94";"39.28";"28.05";"29.66";"105.33";"5.67";"80.61";"11.67";"2.89";"0.65";"0.83";"0.39";"1.3";"null";"18.0";"1.98";"2.84";"9310.06";"103.45";"1237.0";"366.42";"33.56";"94.56";"4.65";"460.98";"38.2";"102.45";"5.51";"78.41";"11.35";"2.81";"0.38";"17.51"
"Alex Mowatt";"A. Mowatt";"24568";"1995-02-13";"West Bromwich Albion";"34";"ENG - Championship";"31";"2025/2026";"129";"LDM";"Midfield";"88.14";"12";"0";"11123.33";"126.2";"2254.08";"553.33";"42.67";"61.58";"3.33";"614.92";"46.0";"25.77";"26.64";"123.33";"3.25";"103.17";"12.5";"1.42";"0.9";"null";"0.08";"null";"null";"40.58";"2.03";"2.72";"11358.21";"126.2";"2301.68";"565.02";"43.57";"62.88";"3.4";"627.9";"46.97";"125.94";"3.32";"105.35";"12.76";"1.45";"0.09";"41.44"
"Alex Mowatt";"A. Mowatt";"24568";"1995-02-13";"West Bromwich Albion";"34";"ENG - Championship";"31";"2025/2026";"129";"LM";"Midfield";"88.95";"8";"0";"11220.5";"126.15";"2255.25";"558.38";"43.12";"76.62";"4.0";"635.0";"47.12";"25.93";"26.62";"121.25";"2.5";"98.88";"11.75";"0.75";"0.93";"1.0";"0.12";"null";"null";"40.38";"2.05";"2.74";"11353.48";"126.15";"2281.98";"564.99";"43.64";"77.53";"4.05";"642.53";"47.68";"122.69";"2.53";"100.05";"11.89";"0.76";"0.13";"40.85"
"Toby Sibbick";"T. Sibbick";"24570";"1999-05-23";"Burton Albion";"1874";"ENG - League One";"101";"2025/2026";"129";"CB";"Central Defender";"96.92";"8";"0";"10155.38";"104.78";"1303.0";"521.62";"50.38";"179.88";"9.88";"701.5";"60.25";"31.06";"32.14";"122.62";"7.5";"90.75";"15.25";"4.25";"0.68";"0.71";"2.0";"1.23";"null";"26.75";"2.2";"2.99";"9430.61";"104.78";"1210.01";"484.4";"46.78";"167.04";"9.17";"651.44";"55.95";"113.87";"6.96";"84.27";"14.16";"3.95";"1.86";"24.84"
"Mads Juel Andersen";"M. Andersen";"24574";"1997-12-27";"Luton Town";"879";"ENG - League One";"101";"2025/2026";"129";"RCB";"Central Defender";"95.52";"12";"0";"9653.42";"101.06";"1231.92";"422.0";"40.75";"83.67";"5.67";"505.67";"46.42";"27.96";"28.74";"108.83";"4.33";"82.42";"9.42";"2.5";"0.75";"0.84";"0.5";"1.96";"null";"25.17";"2.17";"2.9";"9095.74";"101.06";"1160.75";"397.62";"38.4";"78.83";"5.34";"476.45";"43.74";"102.55";"4.08";"77.66";"8.87";"2.36";"0.47";"23.71"
"Conor Chaplin";"C. Chaplin";"24579";"1997-02-16";"Portsmouth";"50";"ENG - Championship";"31";"2025/2026";"129";"AM";"Midfield";"87.18";"14";"0";"10110.57";"115.98";"1770.86";"628.57";"53.71";"128.29";"7.64";"756.86";"61.36";"27.44";"28.9";"118.93";"5.43";"95.79";"17.79";"3.14";"0.72";"0.85";"1.0";"1.4";"null";"37.07";"1.96";"2.8";"10437.79";"115.98";"1828.17";"648.91";"55.45";"132.44";"7.89";"781.35";"63.34";"122.78";"5.6";"98.89";"18.36";"3.24";"1.03";"38.27"
"Jude Bellingham";"J. Bellingham";"24583";"2003-06-29";"Real Madrid CF";"262";"ESP - LaLiga";"4";"2025/2026";"129";"LM";"Midfield";"95.84";"9";"0";"10499.11";"109.55";"1583.67";"743.33";"71.0";"240.33";"14.33";"983.67";"85.33";"28.6";"29.66";"117.0";"8.78";"94.11";"23.67";"6.44";"0.63";"0.68";"2.0";"1.21";"1.49";"56.78";"1.94";"2.51";"9859.84";"109.55";"1487.24";"698.07";"66.68";"225.7";"13.46";"923.77";"80.14";"109.88";"8.24";"88.38";"22.23";"6.05";"1.88";"53.32"
"Taylor Harwood-Bellis";"T. Harwood-Bellis";"24589";"2002-01-30";"Southampton";"58";"ENG - Championship";"31";"2025/2026";"129";"RCB";"Central Defender";"98.77";"19";"0";"10285.32";"104.13";"1290.79";"446.11";"39.26";"143.74";"6.89";"589.84";"46.16";"28.66";"30.56";"106.0";"4.84";"81.42";"12.26";"3.05";"0.67";"0.76";"0.79";"1.31";"1.47";"20.32";"2.08";"2.74";"9371.63";"104.13";"1176.12";"406.48";"35.78";"130.97";"6.28";"537.44";"42.06";"96.58";"4.41";"74.19";"11.17";"2.78";"0.72";"18.51"
"Karamoko Kader Dembélé";"K. Dembélé";"24596";"2003-02-22";"Queens Park Rangers";"56";"ENG - Championship";"31";"2025/2026";"129";"RW";"Wide Attacker";"79.02";"13";"0";"8027.15";"101.58";"1082.0";"470.0";"44.38";"146.54";"7.77";"616.54";"52.15";"28.34";"29.98";"97.85";"7.46";"76.38";"14.15";"5.15";"0.61";"0.64";"1.38";"1.19";"1.23";"34.23";"2.04";"2.69";"9142.63";"101.58";"1232.36";"535.31";"50.55";"166.9";"8.85";"702.21";"59.4";"111.44";"8.5";"87.0";"16.12";"5.87";"1.58";"38.99"
"Loïc Badé";"L. Badé";"24611";"2000-04-11";"Bayer 04 Leverkusen";"102";"GER - Bundesliga";"6";"2025/2026";"129";"CB";"Central Defender";"98.2";"13";"0";"10986.08";"111.88";"1389.23";"390.92";"36.77";"110.46";"6.0";"501.38";"42.77";"28.84";"30.68";"109.08";"4.62";"89.46";"11.85";"3.0";"0.7";"0.82";"1.23";"1.34";"null";"28.54";"1.95";"2.81";"10068.84";"111.88";"1273.24";"358.28";"33.7";"101.24";"5.5";"459.52";"39.2";"99.97";"4.23";"81.99";"10.86";"2.75";"1.13";"26.16"
"Neco Williams";"N. Williams";"24614";"2001-04-13";"Nottingham Forest";"747";"ENG - Premier League";"1";"2025/2026";"129";"LB";"Full Back";"99.42";"17";"0";"10735.59";"107.99";"1466.88";"601.88";"59.82";"201.71";"12.41";"803.59";"72.24";"29.45";"30.78";"115.94";"7.29";"90.71";"19.82";"4.59";"0.63";"0.64";"1.29";"1.24";"1.26";"40.59";"1.93";"2.73";"9718.82";"107.99";"1327.95";"544.88";"54.16";"182.6";"11.24";"727.48";"65.39";"104.96";"6.6";"82.12";"17.95";"4.15";"1.17";"36.74"
"Tyrick Mitchell";"T. Mitchell";"24623";"1999-09-01";"Crystal Palace";"60";"ENG - Premier League";"1";"2025/2026";"129";"LWB";"Full Back";"98.23";"25";"0";"11036.8";"112.35";"1725.04";"868.04";"83.4";"333.48";"19.88";"1201.52";"103.28";"30.03";"31.86";"136.96";"12.76";"108.28";"35.12";"9.28";"0.63";"0.64";"3.36";"1.17";"1.26";"49.04";"1.94";"2.51";"10111.76";"112.35";"1580.46";"795.29";"76.41";"305.53";"18.21";"1100.82";"94.62";"125.48";"11.69";"99.2";"32.18";"8.5";"3.08";"44.93"
"Marcus Browne";"M. Browne";"24635";"1997-12-18";"AFC Wimbledon";"1873";"ENG - League One";"101";"2025/2026";"129";"CF";"Center Forward";"86.34";"11";"0";"9079.45";"105.15";"1310.09";"549.27";"54.55";"169.45";"9.73";"718.73";"64.27";"28.56";"29.52";"104.82";"8.18";"82.82";"19.18";"5.45";"0.67";"0.72";"1.18";"1.44";"1.88";"37.64";"1.81";"2.58";"9463.91";"105.15";"1365.56";"572.53";"56.86";"176.63";"10.14";"749.16";"66.99";"109.26";"8.53";"86.32";"19.99";"5.69";"1.23";"39.23"
"Nathan Collins";"N. Collins";"24638";"2001-04-30";"Brentford FC";"754";"ENG - Premier League";"1";"2025/2026";"129";"RCB";"Central Defender";"101.44";"12";"0";"10183.5";"100.39";"1343.33";"452.83";"37.17";"112.75";"5.92";"565.58";"43.08";"27.65";"28.92";"111.75";"6.5";"87.33";"11.58";"3.33";"0.75";"0.87";"0.33";"null";"null";"21.58";"2.34";"2.86";"9035.39";"100.39";"1191.88";"401.78";"32.98";"100.04";"5.25";"501.82";"38.23";"99.15";"5.77";"77.49";"10.28";"2.96";"0.3";"19.15"
"Germán Valera Karabinaite";"Germán Valera";"24667";"2002-03-16";"Elche CF";"286";"ESP - LaLiga";"4";"2025/2026";"129";"LWB";"Full Back";"88.7";"11";"0";"9866.09";"111.23";"1391.18";"735.09";"75.18";"363.82";"18.91";"1098.91";"94.09";"31.18";"32.02";"113.09";"10.82";"93.64";"25.82";"9.18";"0.59";"0.6";"3.0";"1.18";"1.25";"41.45";"1.98";"2.74";"10011.03";"111.23";"1411.62";"745.89";"76.29";"369.16";"19.19";"1115.05";"95.47";"114.75";"10.98";"95.01";"26.2";"9.32";"3.04";"42.06"
"Michel Ndary Adopo";"M. Adopo";"24668";"2000-07-19";"Cagliari";"132";"ITA - Serie A";"5";"2025/2026";"129";"RM";"Midfield";"93.81";"20";"0";"11129.7";"118.64";"1727.9";"634.85";"61.3";"199.85";"10.85";"834.7";"72.15";"29.13";"30.54";"121.8";"5.3";"106.8";"15.35";"3.75";"0.64";"0.68";"1.2";"1.15";"1.36";"47.75";"1.77";"2.64";"10677.87";"118.64";"1657.75";"609.08";"58.81";"191.74";"10.41";"800.81";"69.22";"116.86";"5.08";"102.46";"14.73";"3.6";"1.15";"45.81"
"Memeh Caleb Okoli";"C. Okoli";"24670";"2001-07-13";"Leicester City";"62";"ENG - Championship";"31";"2025/2026";"129";"RCB";"Central Defender";"97.52";"14";"0";"9704.86";"99.52";"1206.29";"393.36";"41.21";"143.29";"8.71";"536.64";"49.93";"29.32";"30.72";"110.14";"6.0";"86.29";"13.71";"3.0";"0.69";"0.71";"1.14";"1.3";"null";"25.57";"1.91";"3.02";"8956.58";"99.52";"1113.28";"363.03";"38.04";"132.24";"8.04";"495.27";"46.08";"101.65";"5.54";"79.63";"12.66";"2.77";"1.05";"23.6"
"Oliver Casey";"O. Casey";"24672";"2000-12-19";"Blackpool";"54";"ENG - League One";"101";"2025/2026";"129";"LCB";"Central Defender";"99.88";"17";"0";"10303.47";"103.16";"1283.24";"381.47";"33.82";"75.88";"4.35";"457.35";"38.18";"27.99";"30.12";"109.18";"4.88";"82.06";"11.24";"2.82";"0.62";"0.65";"0.88";"1.51";"1.63";"21.88";"2.07";"2.86";"9284.23";"103.16";"1156.29";"343.73";"30.48";"68.38";"3.92";"412.11";"34.4";"98.38";"4.4";"73.94";"10.12";"2.54";"0.8";"19.72"
"Oliver Casey";"O. Casey";"24672";"2000-12-19";"Blackpool";"54";"ENG - League One";"101";"2025/2026";"129";"RCB";"Central Defender";"101.6";"8";"0";"10515.88";"103.5";"1206.62";"353.88";"33.38";"79.25";"4.12";"433.12";"37.5";"28.01";"28.54";"114.12";"5.38";"86.12";"11.75";"3.0";"0.74";"0.96";"0.75";"null";"null";"23.5";"1.92";"3.3";"9314.86";"103.5";"1068.82";"313.46";"29.56";"70.2";"3.65";"383.66";"33.22";"101.09";"4.76";"76.29";"10.41";"2.66";"0.66";"20.82"
"Leif Davis";"L. Davis";"24673";"1999-12-31";"Ipswich Town";"752";"ENG - Championship";"31";"2025/2026";"129";"LB";"Full Back";"95.77";"25";"0";"10404.64";"108.64";"1383.84";"629.6";"67.84";"409.04";"18.32";"1038.64";"86.16";"32.54";"34.14";"105.48";"7.32";"87.44";"16.68";"6.16";"0.63";"0.66";"3.04";"1.15";"1.18";"28.44";"1.96";"2.64";"9777.84";"108.64";"1300.47";"591.67";"63.75";"384.4";"17.22";"976.07";"80.97";"99.13";"6.88";"82.17";"15.68";"5.79";"2.86";"26.73"
"Jeremy Ngakia";"J. Ngakia";"24677";"2000-09-07";"Watford";"64";"ENG - Championship";"31";"2025/2026";"129";"RB";"Full Back";"94.43";"20";"0";"9821.4";"104.01";"1278.55";"524.5";"53.65";"163.0";"9.95";"687.5";"63.6";"28.6";"30.14";"107.8";"9.45";"90.75";"18.2";"6.75";"0.55";"0.64";"1.8";"1.25";"1.5";"34.0";"2.09";"2.74";"9360.9";"104.01";"1218.6";"499.91";"51.13";"155.36";"9.48";"655.26";"60.62";"102.75";"9.01";"86.49";"17.35";"6.43";"1.72";"32.41"
"Kell Watts";"K. Watts";"24680";"1999-11-03";"Cambridge United";"1871";"ENG - League Two";"204";"2025/2026";"129";"LCB";"Central Defender";"99.65";"23";"0";"10391.91";"104.29";"1258.35";"375.96";"32.52";"59.17";"3.13";"435.13";"35.65";"27.46";"30.0";"114.04";"4.26";"86.09";"8.96";"1.87";"0.63";"0.69";"0.35";"1.31";"null";"19.52";"1.88";"2.91";"9385.78";"104.29";"1136.52";"339.56";"29.37";"53.44";"2.83";"393.0";"32.2";"103.0";"3.85";"77.75";"8.09";"1.69";"0.31";"17.63"
"Lewis Gibson";"L. Gibson";"24695";"2000-07-19";"Preston North End";"748";"ENG - Championship";"31";"2025/2026";"129";"CB";"Central Defender";"98.37";"11";"0";"10432.82";"106.06";"1368.0";"432.27";"40.18";"112.55";"6.27";"544.82";"46.45";"28.72";"30.08";"110.36";"5.27";"85.45";"9.91";"2.45";"0.72";"0.93";"0.64";"1.63";"null";"17.27";"2.1";"3.15";"9545.59";"106.06";"1251.66";"395.51";"36.76";"102.97";"5.74";"498.49";"42.5";"100.98";"4.82";"78.19";"9.07";"2.25";"0.58";"15.8"
"João Pedro Junqueira de Jesus";"João Pedro";"24703";"2001-09-26";"Chelsea";"49";"ENG - Premier League";"1";"2025/2026";"129";"CF";"Center Forward";"86.62";"14";"0";"9330.93";"107.72";"1305.93";"570.57";"61.0";"268.36";"13.36";"838.93";"74.36";"30.61";"32.52";"107.07";"11.86";"87.93";"20.71";"9.36";"0.61";"0.67";"3.0";"1.18";"1.4";"43.43";"1.86";"2.74";"9694.74";"107.72";"1356.85";"592.82";"63.38";"278.82";"13.88";"871.64";"77.26";"111.25";"12.32";"91.36";"21.52";"9.72";"3.12";"45.12"
"Christian Saydee";"C. Saydee";"24705";"2002-05-10";"Wigan Athletic";"38";"ENG - League One";"101";"2025/2026";"129";"CF";"Center Forward";"85.0";"18";"0";"8677.83";"102.09";"1076.89";"387.44";"40.22";"112.11";"6.11";"499.56";"46.33";"28.69";"30.16";"94.61";"7.5";"75.67";"18.06";"5.28";"0.58";"0.76";"1.11";"1.29";"1.61";"25.22";"2.05";"2.64";"9188.39";"102.09";"1140.25";"410.24";"42.59";"118.71";"6.47";"528.95";"49.06";"100.18";"7.94";"80.12";"19.12";"5.59";"1.18";"26.71"
"Donald Love";"D. Love";"24724";"1994-12-02";"Accrington Stanley";"1586";"ENG - League Two";"204";"2025/2026";"129";"RCB";"Central Defender";"99.62";"10";"0";"10893.6";"109.35";"1385.5";"494.2";"45.3";"140.6";"8.3";"634.8";"53.6";"28.41";"29.34";"120.5";"5.7";"87.4";"12.6";"3.6";"0.67";"0.85";"1.1";"1.39";"null";"30.5";"2.16";"2.66";"9841.31";"109.35";"1251.66";"446.46";"40.92";"127.02";"7.5";"573.48";"48.42";"108.86";"5.15";"78.96";"11.38";"3.25";"0.99";"27.55"
"Donald Love";"D. Love";"24724";"1994-12-02";"Accrington Stanley";"1586";"ENG - League Two";"204";"2025/2026";"129";"RWB";"Full Back";"99.0";"9";"0";"10831.44";"109.41";"1534.33";"591.67";"53.0";"191.67";"8.67";"783.33";"61.67";"29.46";"30.42";"123.44";"8.56";"94.67";"19.78";"5.44";"0.62";"0.73";"1.22";"1.44";"1.78";"33.0";"2.05";"2.7";"9847.14";"109.41";"1394.9";"537.9";"48.18";"174.25";"7.88";"712.15";"56.06";"112.23";"7.78";"86.06";"17.98";"4.95";"1.11";"30.0"
"Oliver Norburn";"O. Norburn";"24725";"1992-10-26";"Notts County FC";"1563";"ENG - League Two";"204";"2025/2026";"129";"RM";"Midfield";"95.54";"14";"0";"9764.36";"102.21";"1538.5";"457.5";"42.21";"89.21";"4.36";"546.71";"46.57";"27.64";"29.32";"121.43";"6.71";"103.29";"17.43";"3.21";"0.64";"0.73";"0.57";"1.39";"1.7";"34.29";"1.95";"2.95";"9198.57";"102.21";"1449.35";"430.99";"39.77";"84.04";"4.1";"515.04";"43.87";"114.39";"6.33";"97.3";"16.42";"3.03";"0.54";"32.3"
"Josh Laurent";"J. Laurent";"24726";"1995-05-06";"Burnley";"53";"ENG - Premier League";"1";"2025/2026";"129";"RCB";"Central Defender";"94.49";"9";"0";"10312.22";"109.13";"1464.67";"586.0";"51.11";"202.11";"10.89";"788.11";"62.0";"28.89";"29.6";"120.67";"7.0";"96.0";"14.0";"5.44";"0.74";"0.79";"1.78";"1.35";"null";"34.22";"2.0";"2.85";"9821.93";"109.13";"1395.03";"558.14";"48.68";"192.5";"10.37";"750.64";"59.05";"114.93";"6.67";"91.44";"13.33";"5.19";"1.69";"32.6"
"Shaun Whalley";"S. Whalley";"24728";"1987-08-07";"Accrington Stanley";"1586";"ENG - League Two";"204";"2025/2026";"129";"AM";"Midfield";"88.65";"8";"0";"10204.0";"115.11";"1568.25";"721.62";"64.38";"196.5";"12.25";"918.12";"76.62";"28.8";"29.48";"106.75";"8.0";"86.0";"14.0";"5.12";"0.73";"0.95";"1.0";"1.71";"null";"41.88";"1.91";"2.74";"10359.63";"115.11";"1592.17";"732.63";"65.36";"199.5";"12.44";"932.13";"77.79";"108.38";"8.12";"87.31";"14.21";"5.2";"1.02";"42.51"
"Shaun Whalley";"S. Whalley";"24728";"1987-08-07";"Accrington Stanley";"1586";"ENG - League Two";"204";"2025/2026";"129";"CF";"Center Forward";"94.21";"8";"0";"10840.62";"115.07";"1639.62";"684.38";"64.25";"182.12";"12.75";"866.5";"77.0";"28.36";"28.78";"107.25";"8.38";"90.88";"12.88";"5.0";"0.61";"0.72";"1.75";"1.51";"null";"42.75";"1.97";"3.06";"10355.91";"115.07";"1566.31";"653.77";"61.38";"173.98";"12.18";"827.76";"73.56";"102.45";"8.0";"86.81";"12.3";"4.78";"1.67";"40.84"
"Omar Beckles";"O. Beckles";"24730";"1991-10-25";"Leyton Orient FC";"2821";"ENG - League One";"101";"2025/2026";"129";"RCB";"Central Defender";"96.28";"20";"0";"9831.8";"102.11";"1224.45";"397.55";"36.65";"96.25";"5.75";"493.8";"42.4";"28.06";"30.36";"105.1";"5.75";"76.25";"10.8";"3.35";"0.66";"0.68";"0.6";"1.31";"null";"18.8";"1.86";"2.54";"9190.03";"102.11";"1144.52";"371.6";"34.26";"89.97";"5.37";"461.57";"39.63";"98.24";"5.37";"71.27";"10.1";"3.13";"0.56";"17.57"
"Daniel Udoh";"D. Udoh";"24733";"1996-08-30";"Salford City FC";"2816";"ENG - League Two";"204";"2025/2026";"129";"CF";"Center Forward";"99.07";"21";"0";"9951.81";"100.46";"1264.76";"600.24";"61.57";"210.33";"12.62";"810.57";"74.19";"29.34";"31.38";"113.43";"13.38";"90.9";"19.71";"8.43";"0.57";"0.58";"2.14";"1.19";"1.5";"35.38";"1.91";"2.73";"9041.08";"100.46";"1149.02";"545.31";"55.94";"191.08";"11.46";"736.39";"67.4";"103.05";"12.16";"82.59";"17.91";"7.66";"1.95";"32.14"
"Cristhian Sleiker Cásseres Yepes";"C. Cásseres";"24742";"2000-01-20";"Toulouse FC";"74";"FRA - Ligue 1";"3";"2025/2026";"129";"RM";"Midfield";"95.3";"15";"0";"10917.47";"114.56";"1824.47";"612.6";"53.33";"154.67";"8.07";"767.27";"61.4";"28.71";"30.58";"121.4";"4.47";"95.87";"15.0";"3.07";"0.61";"0.66";"0.8";"1.25";"1.54";"43.13";"1.82";"2.69";"10310.79";"114.56";"1723.08";"578.56";"50.37";"146.07";"7.62";"724.63";"57.99";"114.65";"4.22";"90.54";"14.17";"2.9";"0.76";"40.74"
"Lassine Sinayoko";"L. Sinayoko";"24771";"1999-12-08";"AJ Auxerre";"65";"FRA - Ligue 1";"3";"2025/2026";"129";"CF";"Center Forward";"92.1";"11";"0";"9800.73";"106.42";"1271.18";"545.91";"61.91";"233.27";"13.09";"779.18";"75.0";"30.06";"30.94";"107.45";"9.36";"84.18";"24.64";"6.09";"0.66";"0.78";"1.82";"1.29";"1.87";"50.55";"1.92";"2.75";"9577.42";"106.42";"1242.22";"533.47";"60.5";"227.96";"12.79";"761.43";"73.29";"105.01";"9.15";"82.26";"24.08";"5.95";"1.78";"49.39"
"Martín Zubimendi Ibañez";"Martín Zubimendi";"24776";"1999-02-02";"Arsenal Football Club";"3";"ENG - Premier League";"1";"2025/2026";"129";"DM";"Midfield";"94.4";"14";"0";"11322.07";"119.94";"1803.29";"481.71";"43.86";"108.93";"6.36";"590.64";"50.21";"27.71";"28.86";"113.43";"3.36";"100.86";"10.71";"2.36";"0.71";"0.75";"0.79";"1.42";"1.6";"37.93";"2.01";"2.59";"10794.48";"119.94";"1719.26";"459.27";"41.81";"103.85";"6.06";"563.12";"47.87";"108.14";"3.2";"96.16";"10.22";"2.25";"0.75";"36.16"
"Martín Zubimendi Ibañez";"Martín Zubimendi";"24776";"1999-02-02";"Arsenal Football Club";"3";"ENG - Premier League";"1";"2025/2026";"129";"RDM";"Midfield";"91.55";"8";"0";"10665.12";"116.49";"1635.75";"487.0";"43.88";"116.0";"6.62";"603.0";"50.5";"27.69";"28.68";"103.25";"3.88";"86.38";"12.62";"2.0";"0.67";"0.67";"0.62";"1.53";"null";"38.0";"2.09";"2.73";"10484.32";"116.49";"1608.02";"478.74";"43.13";"114.03";"6.51";"592.78";"49.64";"101.5";"3.81";"84.91";"12.41";"1.97";"0.61";"37.36"
"Pierre Kalulu Kyatengwa";"P. Kalulu";"24786";"2000-06-05";"Juventus";"139";"ITA - Serie A";"5";"2025/2026";"129";"RCB";"Central Defender";"98.8";"15";"0";"11133.87";"112.69";"1673.4";"639.67";"52.93";"189.73";"9.87";"829.4";"62.8";"28.99";"30.56";"123.13";"7.33";"102.4";"15.53";"5.47";"0.58";"0.58";"1.93";"1.22";"1.24";"40.0";"1.9";"2.51";"10141.73";"112.69";"1524.28";"582.67";"48.22";"172.83";"8.99";"755.49";"57.2";"112.16";"6.68";"93.28";"14.15";"4.98";"1.76";"36.44"
"Alexis Mac Allister";"A. Mac Allister";"24818";"1998-12-24";"Liverpool Football Club";"2";"ENG - Premier League";"1";"2025/2026";"129";"LDM";"Midfield";"83.89";"14";"0";"9793.79";"116.74";"1597.36";"522.29";"45.86";"142.29";"7.14";"664.57";"53.0";"27.96";"29.6";"99.93";"5.07";"80.43";"14.14";"3.36";"0.67";"0.78";"0.86";"1.51";"1.61";"32.21";"2.01";"2.91";"10506.74";"116.74";"1713.64";"560.31";"49.2";"152.64";"7.66";"712.95";"56.86";"107.2";"5.44";"86.28";"15.17";"3.6";"0.92";"34.56"
"Bruno Guimarães Rodriguez Moura";"Bruno Guimarães";"24870";"1997-11-16";"Newcastle United";"32";"ENG - Premier League";"1";"2025/2026";"129";"RM";"Midfield";"101.61";"16";"0";"12355.56";"121.6";"2286.25";"652.56";"50.62";"101.62";"6.06";"754.19";"56.69";"26.76";"27.94";"121.31";"2.69";"105.0";"12.81";"1.38";"0.81";"0.92";"0.38";"1.66";"null";"45.94";"1.89";"2.76";"10943.65";"121.6";"2024.99";"577.99";"44.84";"90.01";"5.37";"668.0";"50.21";"107.45";"2.38";"93.0";"11.35";"1.22";"0.33";"40.69"
"Karim Adeyemi";"K. Adeyemi";"24892";"2002-01-18";"Borussia Dortmund";"103";"GER - Bundesliga";"6";"2025/2026";"129";"AM";"Midfield";"75.69";"9";"0";"8663.44";"114.46";"1215.33";"578.33";"64.22";"284.56";"15.56";"862.89";"79.78";"31.42";"32.14";"92.56";"6.78";"81.0";"12.67";"5.11";"0.67";"0.7";"1.67";"1.24";"1.31";"52.33";"1.92";"2.65";"10301.76";"114.46";"1445.16";"687.7";"76.37";"338.37";"18.5";"1026.07";"94.86";"110.06";"8.06";"96.32";"15.06";"6.08";"1.98";"62.23"
"Maxim De Cuyper";"M. De Cuyper";"24894";"2000-12-22";"Brighton and Hove Albion";"308";"ENG - Premier League";"1";"2025/2026";"129";"LB";"Full Back";"80.6";"8";"0";"9061.38";"112.43";"1412.0";"642.75";"54.12";"171.12";"10.12";"813.88";"64.25";"28.31";"28.94";"104.12";"7.25";"86.5";"17.88";"4.75";"0.72";"0.75";"1.0";"1.65";"null";"33.38";"2.17";"2.59";"10118.42";"112.43";"1576.72";"717.73";"60.44";"191.09";"11.31";"908.82";"71.75";"116.27";"8.1";"96.59";"19.96";"5.3";"1.12";"37.27"
"Vítor Machado Ferreira";"Vitinha";"24901";"2000-02-13";"Paris Saint-Germain";"76";"FRA - Ligue 1";"3";"2025/2026";"129";"DM";"Midfield";"95.68";"16";"0";"11861.06";"123.97";"1755.38";"674.31";"60.5";"155.62";"9.69";"829.94";"70.19";"27.97";"29.3";"106.19";"3.81";"84.69";"12.56";"3.31";"0.67";"0.76";"0.94";"1.36";"1.61";"41.62";"1.98";"2.87";"11157.03";"123.97";"1651.18";"634.29";"56.91";"146.39";"9.11";"780.68";"66.02";"99.88";"3.59";"79.66";"11.82";"3.12";"0.88";"39.15"
"Azor Matusiwa";"A. Matusiwa";"24912";"1998-04-28";"Ipswich Town";"752";"ENG - Championship";"31";"2025/2026";"129";"RDM";"Midfield";"95.58";"26";"0";"10967.54";"114.75";"1830.77";"495.96";"45.96";"114.77";"6.85";"610.73";"52.81";"27.62";"29.68";"114.96";"5.73";"101.42";"17.96";"3.31";"0.61";"0.61";"1.08";"1.11";"1.11";"38.12";"2.04";"2.53";"10327.58";"114.75";"1723.94";"467.02";"43.28";"108.07";"6.45";"575.09";"49.73";"108.25";"5.4";"95.51";"16.91";"3.11";"1.01";"35.89"
"Gabriel Gudmundsson";"G. Gudmundsson";"24913";"1999-04-29";"Leeds United";"787";"ENG - Premier League";"1";"2025/2026";"129";"LB";"Full Back";"94.67";"11";"0";"10499.64";"110.9";"1463.73";"644.18";"65.45";"242.36";"13.55";"886.55";"79.0";"29.89";"30.92";"114.91";"9.55";"95.36";"20.18";"6.55";"0.64";"0.64";"2.0";"1.21";"1.29";"45.91";"1.82";"2.5";"9981.25";"110.9";"1391.46";"612.38";"62.22";"230.4";"12.88";"842.78";"75.1";"109.24";"9.07";"90.66";"19.19";"6.22";"1.9";"43.64"
"Gabriel Gudmundsson";"G. Gudmundsson";"24913";"1999-04-29";"Leeds United";"787";"ENG - Premier League";"1";"2025/2026";"129";"LWB";"Full Back";"98.58";"10";"0";"10974.8";"111.33";"1628.5";"710.2";"69.0";"280.5";"13.9";"990.7";"82.9";"30.76";"31.82";"119.0";"10.1";"98.9";"23.2";"7.1";"0.65";"0.7";"2.5";"1.34";"1.52";"48.9";"2.04";"2.54";"10019.94";"111.33";"1486.81";"648.41";"63.0";"256.1";"12.69";"904.5";"75.69";"108.65";"9.22";"90.3";"21.18";"6.48";"2.28";"44.65"
"David Mota Veiga Teixeira Carmo";"David Carmo";"24933";"1999-07-19";"Real Oviedo";"776";"ESP - LaLiga";"4";"2025/2026";"129";"LCB";"Central Defender";"95.04";"14";"0";"9789.36";"103.0";"1148.43";"344.5";"32.43";"112.79";"6.14";"457.29";"38.57";"28.44";"29.84";"102.0";"4.36";"80.79";"9.93";"2.64";"0.68";"0.79";"1.0";"1.27";"1.49";"23.86";"2.1";"2.93";"9270.29";"103.0";"1087.54";"326.23";"30.71";"106.81";"5.82";"433.04";"36.53";"96.59";"4.13";"76.5";"9.4";"2.5";"0.95";"22.59"
"Julián Álvarez";"J. Álvarez";"24955";"2000-01-31";"Atlético Madrid";"275";"ESP - LaLiga";"4";"2025/2026";"129";"CF";"Center Forward";"83.49";"18";"0";"9557.39";"114.47";"1302.33";"559.61";"53.72";"194.22";"10.56";"753.83";"64.28";"29.28";"31.32";"88.61";"5.5";"75.22";"10.17";"4.33";"0.66";"0.68";"1.33";"1.27";"1.32";"50.5";"1.8";"2.78";"10302.06";"114.47";"1403.81";"603.21";"57.91";"209.36";"11.38";"812.57";"69.29";"95.52";"5.93";"81.08";"10.96";"4.67";"1.44";"54.43"
"Craig Halkett";"C. Halkett";"24976";"1995-05-29";"Heart of Midlothian";"242";"SCO - Premiership";"18";"2025/2026";"129";"RCB";"Central Defender";"96.08";"17";"0";"8906.65";"92.7";"831.47";"270.53";"27.18";"68.24";"3.65";"338.76";"30.82";"27.58";"29.7";"98.24";"4.94";"76.35";"9.88";"3.12";"0.76";"0.79";"0.41";"1.55";"null";"17.18";"2.14";"3.04";"8342.65";"92.7";"778.82";"253.4";"25.46";"63.91";"3.42";"317.31";"28.87";"92.01";"4.63";"71.52";"9.26";"2.92";"0.39";"16.09"
"Malick Thiaw";"M. Thiaw";"24996";"2001-08-08";"Newcastle United";"32";"ENG - Premier League";"1";"2025/2026";"129";"RCB";"Central Defender";"101.12";"18";"0";"10259.0";"101.45";"1189.67";"449.89";"40.78";"154.33";"7.94";"604.22";"48.72";"29.16";"30.98";"106.78";"4.83";"85.89";"12.33";"2.78";"0.67";"0.72";"0.83";"1.51";"2.11";"19.89";"2.26";"3.14";"9130.55";"101.45";"1058.81";"400.4";"36.29";"137.36";"7.07";"537.76";"43.36";"95.03";"4.3";"76.44";"10.98";"2.47";"0.74";"17.7"
"Armando Broja";"A. Broja";"24999";"2001-09-10";"Burnley";"53";"ENG - Premier League";"1";"2025/2026";"129";"CF";"Center Forward";"84.34";"8";"0";"9588.5";"113.68";"1266.25";"574.12";"59.75";"219.62";"12.25";"793.75";"72.0";"30.0";"30.78";"104.88";"6.88";"84.12";"14.88";"5.0";"0.67";"0.79";"3.0";"1.23";"1.47";"35.25";"2.09";"2.91";"10231.52";"113.68";"1351.17";"612.63";"63.76";"234.35";"13.07";"846.98";"76.83";"111.91";"7.34";"89.77";"15.87";"5.34";"3.2";"37.61"
"Gideon Mensah";"G. Mensah";"25063";"1998-07-18";"AJ Auxerre";"65";"FRA - Ligue 1";"3";"2025/2026";"129";"LWB";"Full Back";"91.03";"8";"0";"9417.5";"103.46";"1233.38";"575.0";"60.12";"247.62";"13.5";"822.62";"73.62";"30.02";"30.5";"108.38";"10.75";"82.25";"23.88";"8.62";"0.56";"0.56";"3.75";"1.25";"1.4";"40.62";"2.16";"2.46";"9311.45";"103.46";"1219.49";"568.53";"59.45";"244.84";"13.35";"813.36";"72.8";"107.15";"10.63";"81.32";"23.61";"8.53";"3.71";"40.17"
"Billy Koumetio";"B. Koumetio";"25322";"2002-11-14";"Dundee FC";"254";"SCO - Premiership";"18";"2025/2026";"129";"LCB";"Central Defender";"97.84";"9";"0";"10084.33";"103.07";"1218.33";"417.67";"40.11";"139.22";"7.56";"556.89";"47.67";"28.51";"29.42";"105.33";"6.44";"82.22";"11.78";"4.56";"0.63";"0.69";"1.11";"1.39";"null";"22.11";"2.0";"3.32";"9276.55";"103.07";"1120.74";"384.21";"36.9";"128.07";"6.95";"512.28";"43.85";"96.9";"5.93";"75.64";"10.83";"4.19";"1.02";"20.34"
"Nicolas Seiwald";"N. Seiwald";"25329";"2001-05-04";"RB Leipzig";"312";"GER - Bundesliga";"6";"2025/2026";"129";"DM";"Midfield";"93.64";"15";"0";"11400.27";"121.75";"1765.47";"529.2";"51.6";"146.07";"8.13";"675.27";"59.73";"28.87";"30.5";"116.13";"4.47";"100.8";"13.07";"3.2";"0.65";"0.65";"1.07";"1.32";"1.33";"43.13";"1.97";"2.75";"10957.63";"121.75";"1696.92";"508.65";"49.6";"140.4";"7.82";"649.05";"57.41";"111.62";"4.29";"96.89";"12.56";"3.08";"1.03";"41.46"
"David Affengruber";"D. Affengruber";"25330";"2001-03-19";"Elche CF";"286";"ESP - LaLiga";"4";"2025/2026";"129";"CB";"Central Defender";"94.92";"11";"0";"9507.09";"100.16";"1116.36";"397.09";"39.27";"132.45";"8.18";"529.55";"47.45";"29.65";"30.4";"107.64";"6.73";"85.45";"13.0";"4.64";"0.62";"0.67";"1.64";"1.3";"1.32";"26.18";"1.91";"2.77";"9014.34";"100.16";"1058.5";"376.51";"37.24";"125.59";"7.76";"502.1";"44.99";"102.06";"6.38";"81.03";"12.33";"4.4";"1.55";"24.82"
"David Affengruber";"D. Affengruber";"25330";"2001-03-19";"Elche CF";"286";"ESP - LaLiga";"4";"2025/2026";"129";"RCB";"Central Defender";"94.6";"9";"0";"9700.56";"102.54";"1154.44";"444.0";"42.44";"149.56";"9.22";"593.56";"51.67";"28.7";"29.5";"114.78";"6.22";"89.78";"14.56";"4.67";"0.68";"0.69";"0.89";"1.48";"null";"29.11";"2.01";"2.88";"9228.86";"102.54";"1098.31";"422.41";"40.38";"142.28";"8.77";"564.69";"49.15";"109.2";"5.92";"85.41";"13.85";"4.44";"0.85";"27.7"
"Víctor Parada González";"Víctor Parada";"25336";"2002-04-04";"Deportivo Alavés";"313";"ESP - LaLiga";"4";"2025/2026";"129";"LB";"Full Back";"85.98";"9";"0";"9613.56";"111.82";"1260.22";"566.78";"52.78";"216.67";"10.67";"783.44";"63.44";"29.64";"30.52";"105.78";"6.44";"86.89";"16.67";"4.78";"0.71";"0.74";"1.67";"1.38";"1.68";"36.56";"1.97";"2.64";"10063.51";"111.82";"1319.21";"593.31";"55.25";"226.81";"11.17";"820.11";"66.41";"110.73";"6.75";"90.96";"17.45";"5.0";"1.74";"38.27"
"Benjamin Šeško";"B. Šeško";"25340";"2003-05-31";"Manchester United";"31";"ENG - Premier League";"1";"2025/2026";"129";"CF";"Center Forward";"89.98";"10";"0";"10107.2";"112.33";"1306.1";"608.2";"64.5";"269.1";"13.8";"877.3";"78.3";"31.47";"32.92";"101.3";"10.3";"80.1";"17.7";"8.3";"0.6";"0.64";"3.7";"1.16";"1.17";"49.9";"1.83";"2.82";"10109.26";"112.33";"1306.37";"608.32";"64.51";"269.15";"13.8";"877.48";"78.32";"101.32";"10.3";"80.12";"17.7";"8.3";"3.7";"49.91"
"Will Ferry";"W. Ferry";"25370";"2000-12-07";"Dundee United";"251";"SCO - Premiership";"18";"2025/2026";"129";"LWB";"Full Back";"97.82";"17";"0";"10651.0";"108.88";"1509.35";"684.0";"63.18";"274.0";"14.24";"958.0";"77.41";"29.55";"30.8";"121.53";"10.29";"99.0";"20.59";"7.24";"0.59";"0.6";"3.53";"1.18";"1.27";"37.0";"1.9";"2.62";"9799.37";"108.88";"1388.67";"629.31";"58.13";"252.09";"13.1";"881.4";"71.22";"111.81";"9.47";"91.08";"18.94";"6.66";"3.25";"34.04"
"Dion Sanderson";"D. Sanderson";"25414";"1999-12-15";"Derby County FC";"359";"ENG - Championship";"31";"2025/2026";"129";"CB";"Central Defender";"97.31";"11";"0";"9788.18";"100.59";"1149.73";"403.45";"35.36";"130.91";"6.55";"534.36";"41.91";"28.93";"29.84";"100.0";"5.36";"77.55";"10.73";"3.0";"0.8";"0.88";"0.55";"1.69";"null";"22.18";"2.11";"2.79";"9052.97";"100.59";"1063.37";"373.15";"32.71";"121.08";"6.05";"494.23";"38.76";"92.49";"4.96";"71.72";"9.92";"2.77";"0.5";"20.52"
"Dion Sanderson";"D. Sanderson";"25414";"1999-12-15";"Derby County FC";"359";"ENG - Championship";"31";"2025/2026";"129";"RCB";"Central Defender";"98.18";"13";"0";"9906.23";"100.9";"1170.69";"385.46";"35.85";"102.77";"6.23";"488.23";"42.08";"28.17";"29.66";"108.15";"5.0";"83.38";"11.23";"2.46";"0.8";"0.9";"0.46";"1.63";"null";"24.69";"1.96";"2.9";"9080.93";"100.9";"1073.16";"353.35";"32.86";"94.21";"5.71";"447.56";"38.57";"99.14";"4.58";"76.44";"10.3";"2.26";"0.42";"22.64"
"Michael Olise";"M. Olise";"25419";"2001-12-12";"FC Bayern Munchen";"100";"GER - Bundesliga";"6";"2025/2026";"129";"RW";"Wide Attacker";"95.9";"17";"0";"11273.0";"117.56";"1729.65";"789.24";"76.35";"331.82";"18.0";"1121.06";"94.35";"30.01";"31.7";"121.29";"9.47";"100.94";"22.53";"7.06";"0.63";"0.66";"2.71";"1.28";"1.3";"58.53";"1.83";"2.63";"10580.0";"117.56";"1623.32";"740.72";"71.66";"311.42";"16.89";"1052.14";"88.55";"113.84";"8.89";"94.74";"21.14";"6.62";"2.54";"54.93"
"Chem Campbell";"C. Campbell";"25420";"2002-12-30";"Stevenage FC";"2817";"ENG - League One";"101";"2025/2026";"129";"LW";"Wide Attacker";"71.77";"10";"0";"7903.8";"110.12";"1113.4";"458.9";"38.9";"117.8";"7.0";"576.7";"45.9";"28.71";"29.84";"81.8";"5.7";"63.3";"11.4";"3.5";"0.73";"0.74";"1.0";"1.49";"1.77";"27.5";"2.0";"2.91";"9911.18";"110.12";"1396.18";"575.45";"48.78";"147.72";"8.78";"723.17";"57.56";"102.58";"7.15";"79.38";"14.3";"4.39";"1.25";"34.48"
"Terry Taylor";"T. Taylor";"25422";"2001-06-29";"Northampton Town FC";"2811";"ENG - League One";"101";"2025/2026";"129";"RM";"Midfield";"96.23";"27";"0";"10233.37";"106.34";"1422.63";"416.63";"36.19";"88.11";"3.67";"504.74";"39.85";"27.51";"29.16";"109.22";"4.41";"91.78";"9.85";"2.44";"0.62";"0.71";"0.56";"1.23";"null";"25.07";"1.94";"2.82";"9570.46";"106.34";"1330.47";"389.64";"33.84";"82.4";"3.43";"472.04";"37.27";"102.15";"4.12";"85.83";"9.21";"2.29";"0.52";"23.45"
"Florian Wirtz";"F. Wirtz";"25456";"2003-05-03";"Liverpool Football Club";"2";"ENG - Premier League";"1";"2025/2026";"129";"AM";"Midfield";"87.69";"10";"0";"10931.3";"124.65";"1875.9";"817.9";"77.7";"284.8";"16.9";"1102.7";"94.6";"29.42";"30.2";"115.6";"5.1";"92.2";"15.6";"3.6";"0.71";"0.78";"1.5";"1.39";"1.88";"66.1";"1.9";"2.65";"11218.62";"124.65";"1925.21";"839.4";"79.74";"292.29";"17.34";"1131.68";"97.09";"118.64";"5.23";"94.62";"16.01";"3.69";"1.54";"67.84"
"Luca Netz";"L. Netz";"25460";"2003-05-15";"Borussia Mönchengladbach";"114";"GER - Bundesliga";"6";"2025/2026";"129";"LWB";"Full Back";"93.14";"8";"0";"10717.62";"115.07";"1507.88";"624.0";"62.62";"225.38";"12.75";"849.38";"75.38";"29.26";"30.16";"117.75";"7.25";"96.75";"21.75";"5.12";"0.64";"0.74";"1.62";"1.37";"null";"40.25";"2.05";"2.58";"10355.89";"115.07";"1456.98";"602.94";"60.51";"217.77";"12.32";"820.71";"72.83";"113.78";"7.01";"93.48";"21.02";"4.95";"1.57";"38.89"
"Amos Pieper";"A. Pieper";"25507";"1998-01-17";"SV Werder Bremen";"111";"GER - Bundesliga";"6";"2025/2026";"129";"RCB";"Central Defender";"98.84";"9";"0";"11312.44";"114.45";"1570.11";"494.44";"44.11";"111.33";"6.33";"605.78";"50.44";"28.32";"29.42";"109.67";"5.0";"86.56";"11.89";"2.67";"0.79";"0.92";"1.0";"1.43";"null";"33.22";"2.3";"2.82";"10300.42";"114.45";"1429.65";"450.21";"40.16";"101.37";"5.77";"551.58";"45.93";"99.86";"4.55";"78.81";"10.83";"2.43";"0.91";"30.25"
"Leo Skiri Østigård";"L. Østigård";"25512";"1999-11-28";"Genoa";"135";"ITA - Serie A";"5";"2025/2026";"129";"CB";"Central Defender";"99.69";"11";"0";"10352.36";"103.84";"1197.18";"401.18";"33.91";"117.0";"6.0";"518.18";"39.91";"27.85";"29.02";"103.64";"5.36";"80.36";"9.64";"3.55";"0.69";"0.8";"1.45";"1.39";"1.55";"24.09";"2.26";"3.13";"9346.01";"103.84";"1080.8";"362.18";"30.61";"105.63";"5.42";"467.81";"36.03";"93.56";"4.84";"72.55";"8.7";"3.2";"1.31";"21.75"
"Tim Lemperle";"T. Lemperle";"25551";"2002-02-05";"TSG 1899 Hoffenheim";"113";"GER - Bundesliga";"6";"2025/2026";"129";"CF";"Center Forward";"81.78";"12";"0";"9738.5";"119.09";"1478.5";"731.08";"77.67";"306.25";"19.0";"1037.33";"96.67";"30.15";"31.16";"108.75";"10.75";"87.17";"22.67";"8.0";"0.6";"0.61";"3.25";"1.18";"1.24";"68.83";"1.82";"2.63";"10717.82";"119.09";"1627.18";"804.6";"85.48";"337.05";"20.91";"1141.65";"106.39";"119.69";"11.83";"95.93";"24.95";"8.8";"3.58";"75.76"
"Luis Milla Manzanares";"Luis Milla";"25592";"1994-10-07";"Getafe CF";"268";"ESP - LaLiga";"4";"2025/2026";"129";"DM";"Midfield";"100.04";"15";"0";"11577.93";"115.73";"1916.73";"633.47";"55.47";"135.8";"8.67";"769.27";"64.13";"27.15";"28.66";"116.27";"4.6";"103.87";"13.13";"2.27";"0.6";"0.63";"0.67";"1.34";"1.46";"51.8";"1.88";"2.69";"10415.51";"115.73";"1724.29";"569.87";"49.9";"122.17";"7.8";"692.03";"57.69";"104.59";"4.14";"93.44";"11.81";"2.04";"0.6";"46.6"
"Lucas Ahijado Quintana";"Lucas Ahijado";"25661";"1995-01-30";"Real Oviedo";"776";"ESP - LaLiga";"4";"2025/2026";"129";"RB";"Full Back";"94.38";"9";"0";"10668.67";"113.04";"1458.56";"722.22";"71.11";"276.78";"15.33";"999.0";"86.44";"29.93";"30.46";"121.22";"10.11";"98.11";"24.11";"7.44";"0.68";"0.7";"2.44";"1.19";"1.33";"46.22";"1.99";"2.71";"10173.19";"113.04";"1390.82";"688.68";"67.81";"263.92";"14.62";"952.6";"82.43";"115.59";"9.64";"93.55";"22.99";"7.1";"2.33";"44.08"
"Pedro González López";"Pedri";"25738";"2002-11-25";"FC Barcelona";"264";"ESP - LaLiga";"4";"2025/2026";"129";"LDM";"Midfield";"91.19";"8";"0";"10988.12";"120.5";"1860.25";"456.5";"38.75";"82.62";"4.5";"539.12";"43.25";"27.26";"28.28";"91.5";"3.25";"76.5";"7.62";"2.0";"0.68";"0.89";"0.38";"1.72";"null";"50.75";"2.06";"2.7";"10844.78";"120.5";"1835.98";"450.54";"38.24";"81.55";"4.44";"532.09";"42.69";"90.31";"3.21";"75.5";"7.53";"1.97";"0.37";"50.09"
"Iñigo  Ruiz de Galarreta Etxeberria";"Iñigo Ruiz de Galarreta";"25739";"1993-08-06";"Athletic Club de Bilbao";"273";"ESP - LaLiga";"4";"2025/2026";"129";"RDM";"Midfield";"72.18";"9";"0";"8980.78";"124.43";"1531.56";"468.78";"37.0";"48.0";"3.44";"516.78";"40.44";"25.84";"26.46";"81.0";"2.67";"67.78";"10.33";"1.33";"0.84";"0.89";"0.44";"1.71";"null";"44.33";"2.02";"2.73";"11198.61";"124.43";"1909.78";"584.54";"46.14";"59.85";"4.3";"644.4";"50.43";"101.0";"3.33";"84.52";"12.89";"1.66";"0.55";"55.28"
"Santiago Ignacio Bueno Sciutto";"S. Bueno";"25750";"1998-11-09";"Wolverhampton Wanderers";"52";"ENG - Premier League";"1";"2025/2026";"129";"CB";"Central Defender";"98.79";"8";"0";"9810.5";"99.3";"1086.25";"343.12";"32.25";"108.0";"5.12";"451.12";"37.38";"28.9";"29.3";"112.38";"4.75";"89.62";"10.38";"3.12";"0.82";"1.0";"1.0";"1.72";"null";"21.38";"2.17";"null";"8937.26";"99.3";"989.56";"312.58";"29.38";"98.39";"4.67";"410.97";"34.05";"102.37";"4.33";"81.65";"9.45";"2.85";"0.91";"19.47"
"Jon Pacheco Dozagarat";"Jon Pacheco";"25803";"2001-01-08";"Deportivo Alavés";"313";"ESP - LaLiga";"4";"2025/2026";"129";"LCB";"Central Defender";"98.19";"14";"0";"9816.71";"99.98";"1094.79";"363.21";"36.79";"109.29";"6.29";"472.5";"43.07";"28.33";"29.84";"101.93";"5.14";"80.36";"11.71";"3.07";"0.67";"0.67";"0.71";"1.42";"null";"23.64";"1.99";"3.11";"8997.75";"99.98";"1003.45";"332.91";"33.72";"100.17";"5.76";"433.08";"39.48";"93.43";"4.71";"73.65";"10.74";"2.82";"0.65";"21.67"
"Chris Richards";"C. Richards";"25828";"2000-03-28";"Crystal Palace";"60";"ENG - Premier League";"1";"2025/2026";"129";"RCB";"Central Defender";"99.63";"19";"0";"10910.26";"109.51";"1454.63";"447.58";"40.63";"138.26";"6.63";"585.84";"47.26";"28.68";"30.04";"110.11";"5.26";"84.53";"10.89";"3.58";"0.68";"0.7";"1.32";"1.22";"1.51";"31.58";"2.09";"2.68";"9855.55";"109.51";"1314.01";"404.31";"36.7";"124.9";"5.99";"529.21";"42.69";"99.46";"4.75";"76.35";"9.84";"3.23";"1.19";"28.53"
"Alejandro Catena Marugán";"Alejandro Catena";"25875";"1994-10-28";"CA Osasuna";"259";"ESP - LaLiga";"4";"2025/2026";"129";"CB";"Central Defender";"99.58";"12";"0";"10335.0";"103.79";"1312.33";"363.5";"34.0";"91.92";"5.83";"455.42";"39.83";"27.62";"28.84";"111.67";"4.42";"88.17";"12.42";"2.75";"0.72";"0.76";"0.5";"1.72";"null";"31.17";"1.91";"3.02";"9341.07";"103.79";"1186.12";"328.54";"30.73";"83.08";"5.27";"411.62";"36.0";"100.93";"3.99";"79.69";"11.22";"2.49";"0.45";"28.17"
"Nikola Tavares";"N. Tavares";"25900";"1999-01-17";"Barnet FC";"3940";"ENG - League Two";"204";"2025/2026";"129";"CB";"Central Defender";"93.34";"9";"0";"9059.33";"97.05";"1008.67";"372.33";"39.22";"137.0";"8.22";"509.33";"47.44";"29.71";"30.26";"101.44";"4.33";"75.67";"9.0";"2.44";"0.62";"0.65";"1.0";"1.22";"1.52";"21.0";"2.06";"3.05";"8734.92";"97.05";"972.55";"359.0";"37.82";"132.09";"7.93";"491.09";"45.75";"97.81";"4.18";"72.96";"8.68";"2.36";"0.96";"20.25"
"Nikola Tavares";"N. Tavares";"25900";"1999-01-17";"Barnet FC";"3940";"ENG - League Two";"204";"2025/2026";"129";"LCB";"Central Defender";"93.02";"13";"0";"9225.69";"99.18";"1074.46";"436.92";"42.77";"132.08";"8.23";"569.0";"51.0";"28.52";"29.66";"107.08";"5.23";"79.77";"10.92";"2.69";"0.62";"0.67";"0.69";"1.5";"null";"17.38";"2.33";"3.07";"8926.0";"99.18";"1039.56";"422.73";"41.38";"127.79";"7.96";"550.52";"49.34";"103.6";"5.06";"77.18";"10.57";"2.6";"0.67";"16.82"
"Lorenzo Colombo";"L. Colombo";"26008";"2002-03-08";"Genoa";"135";"ITA - Serie A";"5";"2025/2026";"129";"CF";"Center Forward";"77.44";"17";"0";"8832.59";"114.06";"1306.76";"519.59";"49.82";"162.53";"9.29";"682.12";"59.12";"29.46";"30.76";"88.18";"7.71";"71.53";"15.47";"5.29";"0.67";"0.76";"1.65";"1.31";"1.38";"39.29";"1.9";"2.92";"10265.12";"114.06";"1518.71";"603.86";"57.9";"188.89";"10.8";"792.75";"68.71";"102.48";"8.96";"83.13";"17.98";"6.15";"1.91";"45.67"
"Jimmy Dunne";"J. Dunne";"26010";"1997-10-19";"Queens Park Rangers";"56";"ENG - Championship";"31";"2025/2026";"129";"RB";"Full Back";"96.2";"12";"0";"10636.25";"110.57";"1435.75";"483.92";"47.83";"166.25";"8.42";"650.17";"56.25";"28.99";"30.12";"122.5";"8.08";"98.5";"16.92";"5.42";"0.57";"0.57";"1.92";"1.23";"1.44";"34.0";"2.21";"2.69";"9951.04";"110.57";"1343.26";"452.74";"44.75";"155.54";"7.87";"608.28";"52.63";"114.61";"7.56";"92.15";"15.83";"5.07";"1.79";"31.81"
"Jimmy Dunne";"J. Dunne";"26010";"1997-10-19";"Queens Park Rangers";"56";"ENG - Championship";"31";"2025/2026";"129";"RCB";"Central Defender";"100.44";"17";"0";"10438.59";"103.93";"1297.53";"420.24";"38.53";"104.65";"6.53";"524.88";"45.06";"28.15";"29.7";"117.35";"6.65";"91.53";"11.59";"3.88";"0.67";"0.75";"1.18";"1.3";"1.65";"26.71";"2.16";"2.61";"9353.74";"103.93";"1162.68";"376.56";"34.53";"93.77";"5.85";"470.33";"40.38";"105.16";"5.96";"82.02";"10.38";"3.48";"1.05";"23.93"
"Bobby Thomas";"B. Thomas";"26012";"2001-01-30";"Coventry City Football Club";"1545";"ENG - Championship";"31";"2025/2026";"129";"RCB";"Central Defender";"99.74";"22";"0";"10358.5";"103.86";"1324.82";"448.14";"41.5";"134.32";"7.73";"582.45";"49.23";"28.85";"31.04";"113.5";"5.77";"84.05";"11.05";"3.59";"0.68";"0.68";"1.18";"1.35";"1.47";"31.64";"1.89";"2.69";"9347.29";"103.86";"1195.49";"404.39";"37.45";"121.21";"6.97";"525.59";"44.42";"102.42";"5.21";"75.84";"9.97";"3.24";"1.07";"28.55"
"Jorge Cuenca Barreno";"Jorge Cuenca";"26024";"1999-11-17";"Fulham";"48";"ENG - Premier League";"1";"2025/2026";"129";"LCB";"Central Defender";"95.54";"10";"0";"9613.2";"100.62";"1196.2";"375.9";"36.6";"113.4";"7.3";"489.3";"43.9";"28.25";"28.96";"117.0";"5.2";"90.9";"12.2";"2.9";"0.78";"null";"1.3";"1.42";"null";"17.8";"2.25";"3.06";"9055.61";"100.62";"1126.82";"354.1";"34.48";"106.82";"6.88";"460.92";"41.35";"110.21";"4.9";"85.63";"11.49";"2.73";"1.22";"16.77"
"Tatsuki Seko";"T. Seko";"26046";"1997-12-22";"Stoke City";"46";"ENG - Championship";"31";"2025/2026";"129";"LDM";"Midfield";"88.25";"8";"0";"10403.0";"117.89";"2042.12";"550.75";"51.25";"111.0";"6.25";"661.75";"57.5";"27.41";"28.04";"112.62";"5.12";"91.75";"16.75";"2.12";"0.81";"0.87";"0.38";"2.02";"null";"41.0";"1.83";"2.83";"10609.79";"117.89";"2082.72";"561.7";"52.27";"113.21";"6.37";"674.9";"58.64";"114.86";"5.23";"93.57";"17.08";"2.17";"0.38";"41.82"
"Koki Saito";"K. Saito";"26050";"2001-08-10";"Queens Park Rangers";"56";"ENG - Championship";"31";"2025/2026";"129";"LW";"Wide Attacker";"84.3";"12";"0";"9805.08";"116.32";"1590.58";"665.33";"59.25";"165.17";"10.42";"830.5";"69.67";"27.91";"28.84";"110.92";"8.25";"92.5";"15.75";"5.92";"0.57";"0.61";"1.5";"1.27";"1.28";"51.25";"1.95";"2.73";"10468.58";"116.32";"1698.22";"710.36";"63.26";"176.34";"11.12";"886.7";"74.38";"118.42";"8.81";"98.76";"16.82";"6.32";"1.6";"54.72"
"Matthew Gerrard Smith";"M. Smith";"26149";"2000-10-05";"Wigan Athletic";"38";"ENG - League One";"101";"2025/2026";"129";"DM";"Midfield";"94.65";"8";"0";"10372.75";"109.59";"1717.38";"539.0";"48.5";"88.38";"5.88";"627.38";"54.38";"26.85";"27.34";"106.75";"5.12";"90.75";"14.25";"3.5";"0.68";"0.79";"0.75";"1.55";"null";"37.12";"2.16";"2.84";"9862.72";"109.59";"1632.93";"512.5";"46.12";"84.03";"5.59";"596.53";"51.7";"101.5";"4.87";"86.29";"13.55";"3.33";"0.71";"35.3"
"Jérémy Doku";"J. Doku";"26159";"2002-05-27";"Manchester City";"40";"ENG - Premier League";"1";"2025/2026";"129";"LW";"Wide Attacker";"82.22";"8";"0";"8774.88";"106.72";"1304.62";"544.12";"54.62";"174.88";"10.5";"719.0";"65.12";"29.57";"30.42";"98.38";"9.38";"82.0";"14.62";"6.75";"0.59";"0.61";"3.0";"1.18";"1.51";"44.62";"2.03";"2.73";"9604.85";"106.72";"1428.02";"595.59";"59.79";"191.42";"11.49";"787.01";"71.28";"107.68";"10.26";"89.76";"16.01";"7.39";"3.28";"48.85"
"Filippo Terracciano";"F. Terracciano";"26201";"2003-02-08";"US Cremonese";"771";"ITA - Serie A";"5";"2025/2026";"129";"RCB";"Central Defender";"96.77";"19";"0";"11017.63";"113.85";"1552.05";"492.05";"42.74";"126.26";"7.0";"618.32";"49.74";"28.09";"29.76";"114.74";"4.53";"92.63";"10.53";"2.68";"0.71";"0.75";"1.05";"1.37";"1.64";"33.11";"1.94";"2.64";"10246.45";"113.85";"1443.42";"457.61";"39.75";"117.43";"6.51";"575.04";"46.26";"106.71";"4.21";"86.15";"9.79";"2.5";"0.98";"30.79"
"Sondre Tronstad";"S. Tronstad";"26213";"1995-08-26";"Blackburn Rovers";"42";"ENG - Championship";"31";"2025/2026";"129";"RDM";"Midfield";"97.07";"8";"0";"11024.38";"113.57";"1679.62";"462.88";"42.0";"104.38";"4.75";"567.25";"46.75";"27.48";"28.36";"95.25";"5.5";"86.12";"9.88";"3.5";"0.69";"0.77";"0.75";"1.29";"null";"37.5";"1.96";"2.8";"10221.56";"113.57";"1557.31";"429.17";"38.94";"96.77";"4.4";"525.94";"43.35";"88.31";"5.1";"79.85";"9.16";"3.25";"0.7";"34.77"
"Facundo Nahuel Tenaglia";"N. Tenaglia";"26534";"1996-02-21";"Deportivo Alavés";"313";"ESP - LaLiga";"4";"2025/2026";"129";"RCB";"Central Defender";"98.31";"12";"0";"10026.25";"101.98";"1109.83";"391.75";"39.5";"140.58";"8.0";"532.33";"47.5";"29.62";"31.28";"107.83";"4.92";"83.92";"12.58";"2.42";"0.76";"0.8";"1.17";"1.43";"1.79";"30.17";"2.07";"2.78";"9178.51";"101.98";"1015.99";"358.63";"36.16";"128.7";"7.32";"487.32";"43.48";"98.72";"4.5";"76.82";"11.52";"2.21";"1.07";"27.62"
"Martín Ismael Payero";"M. Payero";"26545";"1998-09-11";"US Cremonese";"771";"ITA - Serie A";"5";"2025/2026";"129";"RM";"Midfield";"84.78";"9";"0";"9595.33";"113.17";"1530.0";"575.33";"52.11";"183.11";"9.67";"758.44";"61.78";"28.36";"29.04";"91.33";"3.0";"75.56";"12.33";"2.0";"0.68";"0.73";"0.67";"1.42";"null";"35.78";"1.89";"2.75";"10185.73";"113.17";"1624.14";"610.73";"55.32";"194.38";"10.26";"805.11";"65.58";"96.95";"3.18";"80.2";"13.09";"2.12";"0.71";"37.98"
"Luke Thomas";"L. Thomas";"26610";"2001-06-10";"Leicester City";"62";"ENG - Championship";"31";"2025/2026";"129";"LB";"Full Back";"95.13";"24";"0";"10082.38";"105.99";"1382.92";"563.96";"53.79";"156.54";"9.25";"720.5";"63.04";"28.39";"29.84";"113.96";"7.12";"94.71";"17.92";"5.17";"0.56";"0.6";"1.46";"1.29";"1.44";"33.92";"1.93";"2.69";"9538.89";"105.99";"1308.37";"533.56";"50.89";"148.1";"8.75";"681.66";"59.64";"107.82";"6.74";"89.6";"16.95";"4.89";"1.38";"32.09"
"George Hirst";"G. Hirst";"26612";"1999-02-15";"Ipswich Town";"752";"ENG - Championship";"31";"2025/2026";"129";"CF";"Center Forward";"77.95";"18";"0";"8130.0";"104.3";"993.22";"497.0";"53.17";"210.72";"12.89";"707.72";"66.06";"29.65";"31.5";"85.0";"7.44";"65.83";"13.56";"5.67";"0.62";"0.66";"2.67";"1.32";"1.44";"35.39";"1.78";"2.91";"9387.12";"104.3";"1146.8";"573.85";"61.39";"243.31";"14.88";"817.16";"76.27";"98.14";"8.6";"76.01";"15.65";"6.54";"3.08";"40.86"
"Crysencio Summerville";"C. Summerville";"26631";"2001-10-30";"West Ham United";"37";"ENG - Premier League";"1";"2025/2026";"129";"LW";"Wide Attacker";"92.15";"12";"0";"9624.08";"104.44";"1295.83";"570.67";"63.58";"267.33";"14.5";"838.0";"78.08";"30.63";"31.86";"104.83";"10.5";"83.42";"21.75";"7.92";"0.6";"0.61";"2.58";"1.17";"1.19";"38.33";"2.06";"2.8";"9399.96";"104.44";"1265.66";"557.38";"62.1";"261.11";"14.16";"818.49";"76.26";"102.39";"10.26";"81.47";"21.24";"7.73";"2.52";"37.44"
"Chris Willock";"C. Willock";"26648";"1998-01-31";"Cardiff City";"61";"ENG - League One";"101";"2025/2026";"129";"LW";"Wide Attacker";"82.68";"18";"0";"8660.17";"104.74";"1275.56";"574.61";"54.11";"178.5";"10.39";"753.11";"64.5";"28.49";"29.92";"98.11";"9.5";"81.94";"17.0";"6.67";"0.64";"0.69";"1.67";"1.38";"1.46";"36.89";"2.03";"2.67";"9426.51";"104.74";"1388.43";"625.46";"58.9";"194.3";"11.31";"819.75";"70.21";"106.79";"10.34";"89.2";"18.5";"7.26";"1.81";"40.15"
"Josh Davison";"J. Davison";"26651";"1999-09-16";"Tranmere Rovers FC";"2822";"ENG - League Two";"204";"2025/2026";"129";"CF";"Center Forward";"77.37";"8";"0";"8031.0";"103.8";"973.5";"430.62";"45.25";"153.75";"10.5";"584.38";"55.75";"29.84";"30.46";"89.25";"8.12";"63.75";"14.5";"6.5";"0.6";"0.73";"2.25";"1.28";"null";"29.38";"2.08";"3.16";"9342.4";"103.8";"1132.46";"500.94";"52.64";"178.86";"12.21";"679.8";"64.85";"103.82";"9.45";"74.16";"16.87";"7.56";"2.62";"34.17"
"Milan van Ewijk";"M. van Ewijk";"26740";"2000-09-08";"Coventry City Football Club";"1545";"ENG - Championship";"31";"2025/2026";"129";"RB";"Full Back";"96.43";"27";"0";"9637.19";"99.94";"1183.89";"579.52";"62.48";"318.85";"15.33";"898.37";"77.81";"31.57";"32.88";"112.11";"8.07";"87.56";"22.67";"5.7";"0.6";"0.67";"2.59";"1.13";"1.29";"30.7";"1.77";"2.47";"8994.38";"99.94";"1104.92";"540.86";"58.31";"297.58";"14.31";"838.45";"72.62";"104.63";"7.54";"81.72";"21.15";"5.32";"2.42";"28.66"
"Mats Knoester";"M. Knoester";"26754";"1998-11-19";"Aberdeen";"246";"SCO - Premiership";"18";"2025/2026";"129";"LCB";"Central Defender";"96.92";"21";"0";"10006.05";"103.24";"1202.19";"408.0";"37.48";"122.29";"6.24";"530.29";"43.71";"28.24";"30.14";"104.05";"5.19";"83.33";"11.33";"3.19";"0.81";"1.02";"0.81";"1.62";"null";"20.57";"1.89";"3.03";"9291.64";"103.24";"1116.36";"378.87";"34.8";"113.55";"5.79";"492.42";"40.59";"96.62";"4.82";"77.38";"10.52";"2.96";"0.75";"19.1"
"Haji Wright";"H. Wright";"26772";"1998-03-27";"Coventry City Football Club";"1545";"ENG - Championship";"31";"2025/2026";"129";"CF";"Center Forward";"84.09";"21";"0";"8559.24";"101.79";"1084.43";"483.52";"50.81";"184.0";"10.38";"667.52";"61.19";"29.89";"31.86";"93.9";"8.57";"74.33";"16.29";"6.38";"0.63";"0.68";"2.29";"1.35";"1.48";"35.38";"1.91";"2.85";"9160.66";"101.79";"1160.63";"517.5";"54.38";"196.93";"11.11";"714.43";"65.49";"100.5";"9.17";"79.56";"17.43";"6.83";"2.45";"37.87"
"Jordan Williams";"J. Williams";"26786";"1999-10-22";"Portsmouth";"50";"ENG - Championship";"31";"2025/2026";"129";"RB";"Full Back";"80.69";"8";"0";"8962.88";"111.08";"1315.62";"595.5";"54.62";"266.38";"11.12";"861.88";"65.75";"30.46";"31.52";"107.38";"8.12";"84.25";"17.0";"7.25";"0.62";"0.7";"4.25";"1.36";"1.36";"31.62";"2.2";"2.74";"9996.8";"111.08";"1467.39";"664.19";"60.93";"297.1";"12.41";"961.3";"73.33";"119.76";"9.06";"93.97";"18.96";"8.09";"4.74";"35.27"
"Callum Styles";"C. Styles";"26788";"2000-03-27";"West Bromwich Albion";"34";"ENG - Championship";"31";"2025/2026";"129";"LB";"Full Back";"98.3";"19";"0";"11554.05";"117.54";"1784.42";"710.05";"66.16";"214.58";"12.0";"924.63";"78.16";"29.03";"30.16";"116.95";"6.79";"98.26";"18.21";"4.95";"0.61";"0.74";"1.84";"1.34";"1.5";"46.05";"1.79";"2.61";"10578.76";"117.54";"1633.8";"650.12";"60.57";"196.47";"10.99";"846.58";"71.56";"107.08";"6.22";"89.97";"16.67";"4.53";"1.69";"42.17"
"Morgan Whittaker";"M. Whittaker";"26797";"2001-01-07";"Middlesbrough";"43";"ENG - Championship";"31";"2025/2026";"129";"AM";"Midfield";"83.66";"8";"0";"9673.25";"115.63";"1489.75";"691.5";"63.25";"221.12";"12.0";"912.62";"75.25";"29.02";"29.76";"100.5";"5.12";"80.25";"14.62";"3.75";"0.77";"0.81";"0.5";"1.67";"null";"42.88";"1.89";"2.64";"10406.52";"115.63";"1602.68";"743.92";"68.04";"237.89";"12.91";"981.81";"80.95";"108.12";"5.51";"86.33";"15.73";"4.03";"0.54";"46.13"
"Morgan Whittaker";"M. Whittaker";"26797";"2001-01-07";"Middlesbrough";"43";"ENG - Championship";"31";"2025/2026";"129";"RW";"Wide Attacker";"87.08";"10";"0";"10187.6";"116.99";"1556.3";"770.5";"72.1";"269.0";"15.5";"1039.5";"87.6";"28.79";"29.4";"103.0";"6.5";"81.6";"19.5";"4.7";"0.68";"0.68";"1.1";"1.55";"1.75";"43.3";"1.94";"2.71";"10529.42";"116.99";"1608.52";"796.35";"74.52";"278.03";"16.02";"1074.38";"90.54";"106.46";"6.72";"84.34";"20.15";"4.86";"1.14";"44.75"
"Jason Knight";"J. Knight";"26798";"2001-02-13";"Bristol City";"753";"ENG - Championship";"31";"2025/2026";"129";"RM";"Midfield";"93.88";"15";"0";"10918.47";"116.3";"1923.67";"515.47";"45.53";"92.4";"5.07";"607.87";"50.6";"27.17";"28.5";"126.6";"4.8";"103.87";"14.0";"2.87";"0.7";"0.74";"0.67";"1.43";"1.67";"38.87";"1.91";"2.76";"10466.84";"116.3";"1844.1";"494.15";"43.65";"88.58";"4.86";"582.72";"48.51";"121.36";"4.6";"99.57";"13.42";"2.75";"0.64";"37.26"
"Sean McLoughlin";"S. McLoughlin";"26800";"1996-11-13";"Blackburn Rovers";"42";"ENG - Championship";"31";"2025/2026";"129";"CB";"Central Defender";"98.72";"12";"0";"10360.58";"104.95";"1279.75";"414.33";"40.67";"126.17";"7.25";"540.5";"47.92";"29.05";"30.06";"105.25";"5.58";"81.25";"11.75";"4.25";"0.68";"0.84";"0.67";"1.67";"null";"25.33";"1.94";"2.88";"9445.88";"104.95";"1166.76";"377.75";"37.08";"115.03";"6.61";"492.78";"43.69";"95.96";"5.09";"74.08";"10.71";"3.87";"0.61";"23.1"
"Sean McLoughlin";"S. McLoughlin";"26800";"1996-11-13";"Blackburn Rovers";"42";"ENG - Championship";"31";"2025/2026";"129";"LCB";"Central Defender";"98.87";"15";"0";"10605.27";"107.27";"1438.67";"544.53";"48.47";"121.93";"6.87";"666.47";"55.33";"28.17";"29.8";"110.8";"5.87";"84.2";"12.4";"3.73";"0.66";"0.68";"0.6";"1.42";"1.78";"28.87";"1.85";"2.84";"9653.94";"107.27";"1309.61";"495.69";"44.12";"111.0";"6.25";"606.68";"50.37";"100.86";"5.34";"76.65";"11.29";"3.4";"0.55";"26.28"
"Bright Osayi-Samuel";"B. Osayi-Samuel";"26806";"1997-12-31";"Birmingham City";"51";"ENG - Championship";"31";"2025/2026";"129";"RB";"Full Back";"86.79";"8";"0";"8652.88";"99.7";"984.62";"438.25";"48.88";"225.38";"11.12";"663.62";"60.0";"31.3";"32.14";"101.5";"9.0";"83.88";"16.12";"8.0";"0.62";"0.66";"3.25";"1.1";"1.42";"27.88";"2.03";"2.88";"8972.74";"99.7";"1021.02";"454.45";"50.68";"233.71";"11.54";"688.16";"62.22";"105.25";"9.33";"86.98";"16.72";"8.3";"3.37";"28.91"
"Dara O'Shea";"D. O'Shea";"26811";"1999-03-04";"Ipswich Town";"752";"ENG - Championship";"31";"2025/2026";"129";"RCB";"Central Defender";"99.06";"28";"0";"10149.68";"102.46";"1316.07";"399.89";"38.5";"122.14";"6.71";"522.04";"45.21";"29.17";"31.36";"109.43";"6.61";"83.18";"11.75";"3.46";"0.63";"0.68";"0.68";"1.19";"1.57";"21.71";"1.97";"2.82";"9221.44";"102.46";"1195.71";"363.32";"34.98";"110.97";"6.1";"474.29";"41.08";"99.42";"6.0";"75.57";"10.68";"3.15";"0.62";"19.73"
"Ayumu Seko";"A. Seko";"26818";"2000-06-07";"Le Havre AC";"69";"FRA - Ligue 1";"3";"2025/2026";"129";"DM";"Midfield";"98.51";"11";"0";"12202.18";"123.87";"2446.36";"726.45";"62.82";"171.55";"9.64";"898.0";"72.45";"28.21";"29.66";"126.27";"6.09";"110.73";"16.0";"3.91";"0.66";"0.74";"1.0";"1.37";"null";"51.36";"1.93";"2.69";"11148.0";"123.87";"2235.02";"663.69";"57.39";"156.73";"8.8";"820.42";"66.19";"115.36";"5.56";"101.16";"14.62";"3.57";"0.91";"46.93"
"Reo Hatate";"R. Hatate";"26902";"1997-11-21";"Celtic FC";"248";"SCO - Premiership";"18";"2025/2026";"129";"LM";"Midfield";"80.23";"11";"0";"9649.73";"120.27";"1581.45";"487.45";"43.73";"97.64";"5.91";"585.09";"49.64";"26.96";"27.58";"96.27";"4.36";"83.18";"10.91";"3.45";"0.68";"0.79";"0.27";"1.86";"null";"31.55";"2.0";"2.84";"10824.17";"120.27";"1773.93";"546.78";"49.05";"109.52";"6.63";"656.3";"55.68";"107.99";"4.89";"93.31";"12.24";"3.87";"0.31";"35.38"
"Tomoki Iwata";"T. Iwata";"26929";"1997-04-07";"Birmingham City";"51";"ENG - Championship";"31";"2025/2026";"129";"RB";"Full Back";"94.79";"18";"0";"10558.89";"111.39";"1585.72";"722.06";"66.61";"277.61";"14.5";"999.67";"81.11";"29.18";"30.62";"121.28";"9.0";"98.28";"22.83";"6.89";"0.68";"0.73";"1.89";"1.29";"1.39";"35.94";"1.9";"2.61";"10025.24";"111.39";"1505.58";"685.56";"63.24";"263.58";"13.77";"949.14";"77.01";"115.15";"8.55";"93.31";"21.68";"6.54";"1.79";"34.13"
"Yuki Ohashi";"Y. Ohashi";"26990";"1996-07-27";"Blackburn Rovers";"42";"ENG - Championship";"31";"2025/2026";"129";"CF";"Center Forward";"90.47";"26";"0";"10042.04";"111.0";"1358.15";"652.73";"69.62";"280.08";"15.5";"932.81";"85.12";"29.83";"30.9";"112.19";"9.19";"92.46";"18.19";"6.58";"0.64";"0.7";"1.88";"1.25";"1.35";"47.88";"1.86";"2.78";"9989.74";"111.0";"1351.08";"649.33";"69.25";"278.62";"15.42";"927.95";"84.67";"111.61";"9.14";"91.98";"18.1";"6.54";"1.87";"47.64"
"Ransford Yeboah Königsdörffer";"R. Königsdörffer";"27068";"2001-09-13";"Hamburger SV";"101";"GER - Bundesliga";"6";"2025/2026";"129";"CF";"Center Forward";"78.84";"14";"0";"8849.14";"112.25";"1116.0";"560.71";"56.21";"250.71";"13.14";"811.43";"69.36";"30.31";"31.64";"87.57";"8.0";"76.43";"12.0";"5.29";"0.69";"0.73";"1.57";"1.26";"1.63";"35.21";"1.99";"2.73";"10102.31";"112.25";"1274.04";"640.12";"64.18";"286.22";"15.0";"926.34";"79.18";"99.97";"9.13";"87.25";"13.7";"6.03";"1.79";"40.2"
"Jamie Leweling";"J. Leweling";"27077";"2001-02-26";"VfB Stuttgart";"115";"GER - Bundesliga";"6";"2025/2026";"129";"LW";"Wide Attacker";"94.54";"10";"0";"10554.9";"111.65";"1431.7";"663.2";"66.5";"294.4";"15.3";"957.6";"81.8";"30.27";"31.36";"109.3";"11.4";"90.7";"24.3";"8.5";"0.58";"0.65";"3.1";"1.18";"1.28";"48.2";"1.97";"2.61";"10048.39";"111.65";"1362.99";"631.37";"63.31";"280.27";"14.57";"911.65";"77.87";"104.05";"10.85";"86.35";"23.13";"8.09";"2.95";"45.89"
"Clinton Mola";"C. Mola";"27079";"2001-03-15";"Bristol Rovers FC";"2540";"ENG - League Two";"204";"2025/2026";"129";"LCB";"Central Defender";"98.31";"12";"0";"9916.92";"100.88";"1050.25";"385.08";"42.33";"151.58";"9.08";"536.67";"51.42";"29.37";"30.74";"110.33";"6.67";"80.17";"13.75";"4.75";"0.67";"0.7";"1.75";"1.31";"null";"23.25";"2.15";"2.71";"9079.06";"100.88";"961.52";"352.55";"38.76";"138.78";"8.32";"491.33";"47.07";"101.01";"6.1";"73.39";"12.59";"4.35";"1.6";"21.29"
"George Campbell";"G. Campbell";"27089";"2001-06-22";"West Bromwich Albion";"34";"ENG - Championship";"31";"2025/2026";"129";"RB";"Full Back";"96.86";"17";"0";"10910.94";"112.64";"1476.41";"520.53";"49.88";"158.65";"8.71";"679.18";"58.59";"28.42";"29.92";"117.53";"6.53";"95.76";"15.12";"4.35";"0.68";"0.69";"1.06";"1.35";"1.35";"36.94";"1.98";"2.66";"10138.0";"112.64";"1371.82";"483.65";"46.35";"147.41";"8.09";"631.06";"54.44";"109.2";"6.07";"88.98";"14.05";"4.04";"0.98";"34.32"
"Danny Wilson";"D. Wilson";"27101";"1991-12-27";"Livingston FC";"1477";"SCO - Premiership";"18";"2025/2026";"129";"LCB";"Central Defender";"97.72";"16";"0";"9883.94";"101.14";"1110.25";"333.5";"26.56";"45.75";"2.69";"379.25";"29.25";"25.9";"26.7";"95.81";"4.44";"77.06";"8.0";"2.25";"0.67";"0.91";"0.12";"null";"null";"14.94";"2.32";"2.98";"9102.63";"101.14";"1022.49";"307.14";"24.46";"42.13";"2.48";"349.27";"26.94";"88.24";"4.09";"70.97";"7.37";"2.07";"0.12";"13.76"
"Tajon Trevor Buchanan";"T. Buchanan";"27156";"1999-02-08";"Villarreal CF";"260";"ESP - LaLiga";"4";"2025/2026";"129";"RW";"Wide Attacker";"86.4";"12";"0";"10436.92";"120.8";"1601.17";"703.25";"70.92";"310.75";"16.08";"1014.0";"87.0";"30.52";"31.58";"105.08";"7.83";"82.17";"19.67";"6.58";"0.59";"0.64";"2.67";"1.09";"1.14";"58.5";"1.88";"2.7";"10871.61";"120.8";"1667.86";"732.54";"73.87";"323.69";"16.75";"1056.23";"90.62";"109.46";"8.16";"85.59";"20.49";"6.86";"2.78";"60.94"
"James Sands";"J. Sands";"27166";"2000-07-06";"FC St. Pauli";"122";"GER - Bundesliga";"6";"2025/2026";"129";"RM";"Midfield";"93.07";"17";"0";"11809.82";"126.89";"2189.71";"589.47";"48.76";"72.71";"4.47";"662.18";"53.24";"26.17";"27.44";"125.53";"4.06";"111.94";"16.82";"2.65";"0.7";"0.71";"0.29";"1.65";"null";"50.53";"1.92";"2.56";"11419.95";"126.89";"2117.42";"570.01";"47.15";"70.31";"4.32";"640.32";"51.48";"121.39";"3.92";"108.25";"16.27";"2.56";"0.28";"48.86"
"Valentín Mariano José Castellanos Giménez";"Taty Castellanos";"27167";"1998-10-03";"Lazio";"133";"ITA - Serie A";"5";"2025/2026";"129";"CF";"Center Forward";"82.17";"8";"0";"9290.0";"113.06";"1410.12";"561.62";"56.38";"188.75";"12.25";"750.38";"68.62";"28.81";"29.78";"100.88";"8.62";"80.38";"18.5";"6.0";"0.72";"0.74";"2.88";"1.28";"1.31";"49.75";"2.0";"2.73";"10175.66";"113.06";"1544.56";"615.17";"61.75";"206.74";"13.42";"821.91";"75.17";"110.49";"9.45";"88.04";"20.26";"6.57";"3.15";"54.49"
"Antonio Martínez López";"Toni Martínez";"27263";"1997-06-30";"Deportivo Alavés";"313";"ESP - LaLiga";"4";"2025/2026";"129";"CF";"Center Forward";"82.01";"15";"0";"8784.0";"107.11";"1087.27";"489.27";"49.8";"174.87";"9.8";"664.13";"59.6";"29.41";"30.72";"89.2";"6.0";"68.87";"13.2";"4.4";"0.64";"0.64";"0.93";"1.22";"1.34";"35.2";"1.9";"2.72";"9639.93";"107.11";"1193.21";"536.94";"54.65";"191.91";"10.75";"728.85";"65.41";"97.89";"6.58";"75.58";"14.49";"4.83";"1.02";"38.63"
"Mathias Ross Jensen";"M. Ross";"27363";"2001-01-15";"Plymouth Argyle";"1728";"ENG - League One";"101";"2025/2026";"129";"RCB";"Central Defender";"100.85";"8";"0";"10513.0";"104.24";"1294.88";"408.5";"32.5";"67.5";"4.12";"476.0";"36.62";"28.19";"29.38";"109.0";"3.12";"78.75";"7.75";"1.5";"0.87";"null";"0.38";"null";"null";"20.0";"2.12";"3.0";"9381.57";"104.24";"1155.52";"364.54";"29.0";"60.24";"3.68";"424.77";"32.68";"97.27";"2.79";"70.27";"6.92";"1.34";"0.33";"17.85"
"Gustav Tang Isaksen";"G. Isaksen";"27434";"2001-04-19";"Lazio";"133";"ITA - Serie A";"5";"2025/2026";"129";"RF";"Wide Attacker";"77.3";"10";"0";"9565.1";"123.75";"1581.2";"700.7";"66.4";"228.0";"12.8";"928.7";"79.2";"29.53";"30.2";"97.9";"7.5";"80.2";"14.4";"5.3";"0.66";"0.69";"2.3";"1.35";"1.49";"49.9";"1.93";"2.59";"11137.08";"123.75";"1841.06";"815.86";"77.31";"265.47";"14.9";"1081.33";"92.22";"113.99";"8.73";"93.38";"16.77";"6.17";"2.68";"58.1"
"Emil Riis Jakobsen";"E. Riis";"27460";"1998-06-24";"Bristol City";"753";"ENG - Championship";"31";"2025/2026";"129";"CF";"Center Forward";"81.36";"22";"0";"8976.68";"110.34";"1245.45";"602.32";"61.77";"214.45";"13.0";"816.77";"74.77";"29.14";"30.78";"100.32";"8.64";"80.23";"18.36";"6.27";"0.58";"0.6";"2.23";"1.12";"1.22";"35.82";"1.85";"2.57";"9930.16";"110.34";"1377.74";"666.29";"68.33";"237.23";"14.38";"903.53";"82.71";"110.97";"9.55";"88.75";"20.31";"6.94";"2.46";"39.62"
"Anders Hagelskjær";"A. Hagelskjær";"27476";"1997-02-16";"Wycombe Wanderers";"1546";"ENG - League One";"101";"2025/2026";"129";"LCB";"Central Defender";"100.79";"14";"0";"10258.86";"101.78";"1308.14";"424.14";"39.21";"105.21";"6.0";"529.36";"45.21";"28.14";"29.56";"112.64";"5.36";"86.71";"11.57";"3.29";"0.68";"0.91";"0.57";"1.39";"null";"22.14";"2.04";"2.92";"9160.23";"101.78";"1168.05";"378.72";"35.01";"93.95";"5.36";"472.67";"40.37";"100.58";"4.78";"77.43";"10.33";"2.93";"0.51";"19.77"
"Enrico Del Prato";"E. Del Prato";"27588";"1999-11-10";"Parma";"152";"ITA - Serie A";"5";"2025/2026";"129";"RCB";"Central Defender";"99.42";"14";"0";"10349.14";"104.1";"1192.07";"389.29";"33.5";"121.0";"5.5";"510.29";"39.0";"28.37";"30.26";"100.07";"4.57";"80.07";"13.07";"3.14";"0.68";"0.68";"1.0";"1.47";"null";"26.21";"2.1";"2.75";"9368.99";"104.1";"1079.17";"352.42";"30.33";"109.54";"4.98";"461.96";"35.31";"90.59";"4.14";"72.49";"11.83";"2.85";"0.91";"23.73"
"Gennaro Borrelli";"G. Borrelli";"27596";"2000-03-10";"Cagliari";"132";"ITA - Serie A";"5";"2025/2026";"129";"CF";"Center Forward";"82.49";"9";"0";"9405.78";"114.03";"1262.67";"487.89";"48.89";"135.67";"8.78";"623.56";"57.67";"28.56";"29.28";"90.78";"5.89";"77.56";"14.44";"3.22";"0.71";"0.84";"0.44";"null";"null";"31.33";"2.01";"2.94";"10262.69";"114.03";"1377.7";"532.34";"53.34";"148.03";"9.58";"680.36";"62.92";"99.05";"6.43";"84.62";"15.76";"3.52";"0.48";"34.19"
"Tommaso Pobega";"T. Pobega";"27618";"1999-07-15";"Bologna";"141";"ITA - Serie A";"5";"2025/2026";"129";"LDM";"Midfield";"92.36";"10";"0";"11120.1";"120.41";"1930.3";"685.8";"62.4";"207.7";"11.4";"893.5";"73.8";"28.59";"29.42";"115.6";"4.3";"97.5";"16.4";"3.0";"0.73";"0.82";"1.4";"1.45";"1.54";"48.7";"1.98";"2.67";"10836.54";"120.41";"1881.08";"668.31";"60.81";"202.4";"11.11";"870.72";"71.92";"112.65";"4.19";"95.01";"15.98";"2.92";"1.36";"47.46"
"M'Bala Nzola";"M. Nzola";"27626";"1996-08-18";"Pisa Sporting Club";"1453";"ITA - Serie A";"5";"2025/2026";"129";"CF";"Center Forward";"89.66";"10";"0";"9104.9";"101.55";"1004.9";"468.5";"54.3";"241.2";"13.2";"709.7";"67.5";"30.56";"31.16";"98.4";"8.4";"78.4";"16.4";"5.9";"0.67";"0.71";"1.7";"1.26";"null";"32.5";"1.94";"2.82";"9139.09";"101.55";"1008.67";"470.26";"54.5";"242.11";"13.25";"712.36";"67.75";"98.77";"8.43";"78.69";"16.46";"5.92";"1.71";"32.62"
"Nadir Zortea";"N. Zortea";"27642";"1999-06-19";"Bologna";"141";"ITA - Serie A";"5";"2025/2026";"129";"RB";"Full Back";"93.17";"12";"0";"10594.92";"113.72";"1474.75";"667.5";"68.08";"304.0";"16.0";"971.5";"84.08";"30.43";"31.32";"114.58";"10.42";"95.42";"22.08";"8.17";"0.63";"0.66";"2.75";"1.28";"1.38";"41.08";"1.89";"2.51";"10234.5";"113.72";"1424.58";"644.79";"65.77";"293.66";"15.46";"938.45";"81.22";"110.69";"10.06";"92.17";"21.33";"7.89";"2.66";"39.69"
"Kristian Thorstvedt";"K. Thorstvedt";"27681";"1999-03-13";"Sassuolo";"158";"ITA - Serie A";"5";"2025/2026";"129";"RM";"Midfield";"92.49";"10";"0";"10848.2";"117.29";"1807.0";"733.5";"59.2";"164.2";"9.0";"897.7";"68.2";"27.3";"28.26";"121.6";"5.0";"103.1";"15.1";"2.8";"0.65";"0.69";"0.9";"1.59";"1.79";"39.2";"1.97";"2.85";"10556.15";"117.29";"1758.35";"713.75";"57.61";"159.78";"8.76";"873.53";"66.36";"118.33";"4.87";"100.32";"14.69";"2.72";"0.88";"38.14"
"Issa Kaboré";"I. Kaboré";"27691";"2001-05-12";"Wrexham FC";"3139";"ENG - Championship";"31";"2025/2026";"129";"RWB";"Full Back";"90.87";"14";"0";"9925.07";"109.23";"1409.29";"637.29";"65.43";"289.5";"15.36";"926.79";"80.79";"30.42";"31.46";"111.43";"10.43";"86.57";"20.79";"8.36";"0.6";"0.63";"3.64";"1.2";"1.38";"41.79";"1.95";"2.56";"9830.28";"109.23";"1395.83";"631.2";"64.8";"286.74";"15.21";"917.93";"80.01";"110.36";"10.33";"85.74";"20.59";"8.28";"3.61";"41.39"
"Patrick Wimmer";"P. Wimmer";"27750";"2001-05-30";"VfL Wolfsburg";"106";"GER - Bundesliga";"6";"2025/2026";"129";"LW";"Wide Attacker";"83.3";"12";"0";"9229.83";"110.8";"1146.42";"568.33";"63.5";"305.42";"15.5";"873.75";"79.0";"30.96";"31.46";"94.42";"9.25";"74.17";"23.0";"7.58";"0.61";"0.7";"3.58";"1.23";"1.7";"42.08";"1.87";"2.71";"9972.04";"110.8";"1238.6";"614.04";"68.61";"329.98";"16.75";"944.01";"85.35";"102.01";"9.99";"80.13";"24.85";"8.19";"3.87";"45.47"
"Christoph Klarer";"C. Klarer";"27797";"2000-06-14";"Birmingham City";"51";"ENG - Championship";"31";"2025/2026";"129";"LCB";"Central Defender";"99.09";"22";"0";"10136.0";"102.29";"1243.64";"403.91";"34.45";"89.32";"4.73";"493.23";"39.18";"27.67";"29.56";"110.09";"4.73";"81.55";"11.0";"2.73";"0.72";"0.73";"0.55";"1.41";"null";"18.95";"1.87";"2.77";"9206.44";"102.29";"1129.58";"366.87";"31.29";"81.13";"4.29";"447.99";"35.59";"99.99";"4.29";"74.07";"9.99";"2.48";"0.5";"17.22"
"Carl Starfelt";"C. Starfelt";"27819";"1995-06-01";"RC Celta de Vigo";"285";"ESP - LaLiga";"4";"2025/2026";"129";"CB";"Central Defender";"96.12";"13";"0";"10266.15";"106.8";"1201.38";"338.54";"36.38";"114.38";"6.69";"452.92";"43.08";"29.35";"30.92";"112.85";"5.15";"86.92";"12.62";"3.85";"0.61";"0.7";"1.46";"1.25";"1.62";"28.23";"2.0";"2.9";"9612.07";"106.8";"1124.84";"316.97";"34.07";"107.1";"6.27";"424.07";"40.33";"105.66";"4.83";"81.38";"11.81";"3.6";"1.37";"26.43"
"Ísak Bergmann Jóhannesson";"I. Jóhannesson";"28179";"2003-03-23";"1. FC Köln";"107";"GER - Bundesliga";"6";"2025/2026";"129";"RM";"Midfield";"82.84";"11";"0";"10548.82";"127.33";"1692.91";"648.73";"54.55";"188.55";"9.18";"837.27";"63.73";"28.51";"29.7";"101.36";"3.18";"85.91";"12.09";"2.36";"0.69";"0.7";"0.64";"1.66";"1.77";"42.27";"1.98";"2.89";"11460.03";"127.33";"1839.14";"704.76";"59.26";"204.83";"9.97";"909.6";"69.23";"110.12";"3.46";"93.33";"13.14";"2.57";"0.69";"45.92"
"Luis Henrique Tomaz de Lima";"Luis Henrique";"28250";"2001-12-14";"Inter Milan";"145";"ITA - Serie A";"5";"2025/2026";"129";"RWB";"Full Back";"86.14";"11";"0";"10232.82";"118.79";"1703.73";"708.18";"62.45";"242.64";"13.45";"950.82";"75.91";"29.62";"31.04";"116.36";"8.64";"97.45";"19.55";"6.0";"0.63";"0.63";"1.64";"1.21";"1.22";"42.64";"1.9";"2.46";"10691.25";"118.79";"1780.05";"739.91";"65.25";"253.51";"14.06";"993.41";"79.31";"121.58";"9.02";"101.82";"20.42";"6.27";"1.71";"44.55"
"Francisco Evanilson de Lima Barbosa";"Evanilson";"28274";"1999-10-06";"Bournemouth";"63";"ENG - Premier League";"1";"2025/2026";"129";"CF";"Center Forward";"89.5";"19";"0";"9457.53";"105.67";"1193.26";"537.05";"60.0";"248.68";"13.74";"785.74";"73.74";"30.61";"32.16";"101.21";"10.42";"82.16";"19.89";"8.21";"0.63";"0.65";"3.11";"1.11";"1.2";"34.68";"1.92";"2.54";"9510.73";"105.67";"1199.98";"540.07";"60.34";"250.08";"13.81";"790.16";"74.15";"101.78";"10.48";"82.62";"20.01";"8.26";"3.12";"34.88"
"Gabriel Alonso Suazo Urbina";"G. Suazo";"28400";"1997-08-09";"Sevilla FC";"266";"ESP - LaLiga";"4";"2025/2026";"129";"LWB";"Full Back";"90.82";"8";"0";"9791.38";"107.81";"1372.75";"685.75";"62.75";"287.12";"15.0";"972.88";"77.75";"28.93";"29.58";"111.12";"10.12";"90.88";"20.5";"7.5";"0.64";"0.7";"3.12";"1.35";"1.56";"39.0";"2.05";"2.56";"9702.88";"107.81";"1360.34";"679.55";"62.18";"284.53";"14.86";"964.08";"77.05";"110.12";"10.03";"90.05";"20.31";"7.43";"3.1";"38.65"
"Alex Cochrane";"A. Cochrane";"28590";"2000-04-21";"Birmingham City";"51";"ENG - Championship";"31";"2025/2026";"129";"LB";"Full Back";"93.56";"17";"0";"9786.82";"104.61";"1363.88";"438.76";"37.71";"89.76";"4.53";"528.53";"42.24";"27.11";"28.32";"95.82";"5.53";"82.35";"9.94";"3.53";"0.67";"0.7";"0.41";"1.4";"null";"19.59";"1.98";"2.94";"9414.45";"104.61";"1311.99";"422.07";"36.27";"86.35";"4.36";"508.42";"40.63";"92.18";"5.32";"79.22";"9.56";"3.4";"0.4";"18.84"
"Ellis Simms";"E. Simms";"28592";"2001-01-05";"Coventry City Football Club";"1545";"ENG - Championship";"31";"2025/2026";"129";"CF";"Center Forward";"88.87";"10";"0";"9423.5";"106.04";"1277.2";"582.5";"65.4";"216.9";"13.7";"799.4";"79.1";"29.93";"31.3";"107.2";"10.5";"89.0";"19.7";"8.4";"0.63";"0.63";"2.4";"1.23";"1.5";"36.4";"2.12";"2.53";"9543.32";"106.04";"1293.44";"589.91";"66.23";"219.66";"13.87";"809.56";"80.11";"108.56";"10.63";"90.13";"19.95";"8.51";"2.43";"36.86"
"Jean-Philippe Krasso";"J. Krasso";"28600";"1997-07-17";"Paris FC";"327";"FRA - Ligue 1";"3";"2025/2026";"129";"CF";"Center Forward";"73.69";"10";"0";"8445.9";"114.61";"1314.3";"456.7";"43.2";"115.2";"6.9";"571.9";"50.1";"28.23";"29.46";"87.5";"5.8";"70.5";"12.7";"2.9";"0.64";"0.64";"0.7";"1.43";"1.43";"42.7";"1.98";"2.65";"10314.55";"114.61";"1605.09";"557.74";"52.76";"140.69";"8.43";"698.43";"61.18";"106.86";"7.08";"86.1";"15.51";"3.54";"0.85";"52.15"
"Nicolás Capaldo Taboas";"N. Capaldo";"28630";"1998-09-14";"Hamburger SV";"101";"GER - Bundesliga";"6";"2025/2026";"129";"RCB";"Central Defender";"94.43";"13";"0";"10554.38";"111.77";"1398.54";"580.54";"62.15";"310.31";"15.54";"890.85";"77.69";"30.76";"31.84";"120.92";"8.85";"92.54";"22.0";"6.38";"0.64";"0.69";"2.62";"1.28";"1.33";"46.92";"1.82";"2.53";"10059.03";"111.77";"1332.9";"553.29";"59.24";"295.74";"14.81";"849.04";"74.05";"115.25";"8.43";"88.2";"20.97";"6.08";"2.49";"44.72"
"Lautaro Rodrigo Valenti";"L. Valenti";"28639";"1999-01-14";"Parma";"152";"ITA - Serie A";"5";"2025/2026";"129";"LCB";"Central Defender";"97.59";"15";"0";"10291.67";"105.45";"1280.27";"437.07";"38.0";"139.07";"6.6";"576.13";"44.6";"28.67";"29.72";"105.87";"4.6";"85.33";"11.4";"2.8";"0.72";"0.78";"0.73";"1.47";"1.78";"25.33";"2.1";"2.73";"9490.81";"105.45";"1180.64";"403.06";"35.04";"128.25";"6.09";"531.3";"41.13";"97.63";"4.24";"78.69";"10.51";"2.58";"0.68";"23.36"
"Michael Steinwender";"M. Steinwender";"28778";"2000-05-04";"Heart of Midlothian";"242";"SCO - Premiership";"18";"2025/2026";"129";"RB";"Full Back";"93.02";"8";"0";"9959.38";"107.07";"1274.12";"558.0";"55.75";"204.0";"11.25";"762.0";"67.0";"29.14";"30.12";"120.0";"8.5";"102.62";"16.5";"6.12";"0.73";"0.86";"1.38";"1.38";"null";"30.5";"1.94";"2.7";"9636.16";"107.07";"1232.78";"539.89";"53.94";"197.38";"10.88";"737.27";"64.83";"116.11";"8.22";"99.29";"15.96";"5.93";"1.33";"29.51"
"Ousmane Diakité";"O. Diakité";"28807";"2000-07-25";"West Bromwich Albion";"34";"ENG - Championship";"31";"2025/2026";"129";"RDM";"Midfield";"85.86";"10";"0";"10548.8";"122.87";"1944.0";"513.4";"39.9";"64.8";"4.1";"578.2";"44.0";"26.13";"26.94";"107.9";"4.5";"99.3";"10.8";"2.7";"0.68";"0.72";"0.5";"1.54";"1.65";"26.4";"1.97";"2.76";"11058.09";"122.87";"2037.85";"538.19";"41.83";"67.93";"4.3";"606.11";"46.12";"113.11";"4.72";"104.09";"11.32";"2.83";"0.52";"27.67"
"George Miller";"G. Miller";"28924";"1998-08-11";"Cheltenham Town";"1870";"ENG - League Two";"204";"2025/2026";"129";"CF";"Center Forward";"84.76";"10";"0";"8938.5";"105.45";"1068.9";"476.6";"50.0";"184.2";"11.6";"660.8";"61.6";"30.46";"31.5";"96.0";"9.0";"74.3";"14.4";"6.9";"0.65";"0.67";"2.4";"1.31";"1.34";"25.2";"2.24";"2.85";"9490.91";"105.45";"1134.96";"506.05";"53.09";"195.58";"12.32";"701.64";"65.41";"101.93";"9.56";"78.89";"15.29";"7.33";"2.55";"26.76"
"Matthew Platt";"M. Platt";"28928";"1997-10-03";"Notts County FC";"1563";"ENG - League Two";"204";"2025/2026";"129";"CB";"Central Defender";"100.04";"15";"0";"9886.0";"98.82";"1087.4";"304.93";"31.4";"90.07";"5.2";"395.0";"36.6";"28.64";"30.28";"106.4";"4.33";"84.07";"6.93";"2.53";"0.64";"0.8";"0.73";"1.36";"1.62";"14.53";"1.99";"3.1";"8893.84";"98.82";"978.27";"274.33";"28.25";"81.03";"4.68";"355.36";"32.93";"95.72";"3.9";"75.63";"6.24";"2.28";"0.66";"13.07"
"Odin Bailey";"O. Bailey";"28930";"1999-12-08";"Stockport County FC";"2820";"ENG - League One";"101";"2025/2026";"129";"RM";"Midfield";"86.47";"8";"0";"10754.88";"124.38";"2071.62";"577.75";"48.88";"71.75";"5.0";"649.5";"53.88";"27.26";"28.12";"117.88";"4.5";"98.62";"13.62";"2.88";"0.72";"0.76";"0.38";"1.69";"null";"41.25";"2.08";"2.82";"11193.82";"124.38";"2156.18";"601.33";"50.87";"74.68";"5.2";"676.01";"56.07";"122.69";"4.68";"102.65";"14.18";"2.99";"0.39";"42.93"
"Jayden Richardson";"J. Richardson";"28939";"2000-09-04";"St. Mirren";"249";"SCO - Premiership";"18";"2025/2026";"129";"RWB";"Full Back";"83.96";"15";"0";"9507.33";"113.23";"1286.73";"515.87";"50.67";"239.73";"11.27";"755.6";"61.93";"31.13";"32.94";"98.13";"6.6";"83.73";"15.27";"4.4";"0.61";"0.66";"2.13";"1.31";"1.4";"27.07";"1.95";"2.84";"10191.15";"113.23";"1379.28";"552.97";"54.31";"256.98";"12.08";"809.95";"66.39";"105.19";"7.07";"89.76";"16.36";"4.72";"2.29";"29.01"
"Steve Seddon";"S. Seddon";"28941";"1997-12-25";"AFC Wimbledon";"1873";"ENG - League One";"101";"2025/2026";"129";"LWB";"Full Back";"96.09";"19";"0";"11051.89";"115.02";"1642.26";"666.84";"56.0";"161.95";"8.68";"828.79";"64.68";"27.73";"29.0";"110.11";"5.68";"89.68";"16.74";"3.79";"0.76";"0.78";"1.21";"1.57";"1.57";"39.16";"1.84";"2.53";"10351.6";"115.02";"1538.2";"624.59";"52.45";"151.69";"8.13";"776.27";"60.59";"103.13";"5.32";"84.0";"15.68";"3.55";"1.13";"36.68"
"Alexandros Kyziridis";"A. Kyziridis";"29043";"2000-09-16";"Heart of Midlothian";"242";"SCO - Premiership";"18";"2025/2026";"129";"LW";"Wide Attacker";"87.46";"15";"0";"9708.93";"111.01";"1365.87";"658.2";"66.73";"245.67";"13.93";"903.87";"80.67";"29.34";"30.48";"117.93";"8.47";"90.67";"23.53";"5.73";"0.7";"0.72";"1.8";"1.3";"1.39";"58.27";"1.75";"2.7";"9991.28";"111.01";"1405.59";"677.34";"68.67";"252.81";"14.34";"930.15";"83.01";"121.36";"8.71";"93.3";"24.22";"5.9";"1.85";"59.96"
"Ruben Roosken";"R. Roosken";"29169";"2000-03-02";"Huddersfield Town";"309";"ENG - League One";"101";"2025/2026";"129";"LB";"Full Back";"90.82";"9";"0";"9742.67";"107.28";"1288.0";"604.0";"63.67";"292.67";"14.33";"896.67";"78.0";"30.82";"31.62";"105.33";"7.44";"82.0";"17.89";"5.44";"0.64";"0.71";"2.11";"1.33";"1.73";"38.78";"1.95";"2.6";"9654.86";"107.28";"1276.39";"598.56";"63.09";"290.03";"14.2";"888.59";"77.3";"104.38";"7.38";"81.26";"17.73";"5.4";"2.09";"38.43"
"José Luis García Vayá";"Pepelu";"29176";"1998-08-11";"Valencia CF";"257";"ESP - LaLiga";"4";"2025/2026";"129";"LM";"Midfield";"87.41";"11";"0";"10171.91";"116.37";"1408.45";"339.91";"29.55";"71.09";"3.18";"411.0";"32.73";"27.35";"28.82";"88.91";"2.18";"81.73";"9.0";"1.09";"0.82";"0.84";"0.09";"null";"null";"24.27";"1.99";"2.86";"10473.42";"116.37";"1450.2";"349.98";"30.42";"73.2";"3.28";"423.18";"33.7";"91.54";"2.25";"84.15";"9.27";"1.12";"0.09";"24.99"
"Lewis Smith";"L. Smith";"29310";"2000-03-16";"Livingston FC";"1477";"SCO - Premiership";"18";"2025/2026";"129";"RW";"Wide Attacker";"79.16";"10";"0";"9205.1";"116.28";"1512.5";"697.3";"62.0";"213.0";"11.6";"910.3";"73.6";"28.29";"29.08";"96.8";"7.3";"79.0";"21.0";"4.9";"0.59";"0.76";"0.9";"1.51";"null";"40.5";"1.94";"2.78";"10465.41";"116.28";"1719.58";"792.77";"70.49";"242.16";"13.19";"1034.93";"83.68";"110.05";"8.3";"89.82";"23.88";"5.57";"1.02";"46.05"
"Will Collar";"W. Collar";"29315";"1997-02-03";"Milton Keynes Dons";"755";"ENG - League Two";"204";"2025/2026";"129";"RM";"Midfield";"82.49";"8";"0";"9872.5";"119.68";"1687.62";"650.88";"57.25";"167.5";"9.5";"818.38";"66.75";"28.24";"28.6";"102.75";"4.0";"88.25";"12.25";"2.75";"0.71";"0.83";"0.25";"null";"null";"36.5";"1.99";"2.66";"10770.82";"119.68";"1841.18";"710.1";"62.46";"182.74";"10.36";"892.84";"72.82";"112.1";"4.36";"96.28";"13.36";"3.0";"0.27";"39.82"
"Ali McCann";"A. McCann";"29327";"1999-12-04";"Preston North End";"748";"ENG - Championship";"31";"2025/2026";"129";"LM";"Midfield";"90.98";"8";"0";"10491.62";"115.32";"1984.12";"646.12";"54.75";"113.75";"7.75";"759.88";"62.5";"27.46";"28.42";"123.75";"5.38";"103.12";"17.75";"2.62";"0.74";"null";"0.75";"1.65";"null";"33.12";"2.08";"2.85";"10378.95";"115.32";"1962.82";"639.19";"54.16";"112.53";"7.67";"751.71";"61.83";"122.42";"5.32";"102.02";"17.56";"2.6";"0.74";"32.77"
"Jason Kerr";"J. Kerr";"29328";"1997-02-06";"Wigan Athletic";"38";"ENG - League One";"101";"2025/2026";"129";"CB";"Central Defender";"98.12";"13";"0";"10075.69";"102.69";"1272.85";"397.38";"37.38";"116.15";"6.23";"513.54";"43.62";"28.2";"29.52";"108.31";"6.0";"81.77";"13.23";"3.31";"0.79";"0.85";"0.62";"1.63";"null";"21.69";"2.2";"2.95";"9242.18";"102.69";"1167.55";"364.51";"34.29";"106.55";"5.72";"471.06";"40.01";"99.35";"5.5";"75.0";"12.14";"3.03";"0.56";"19.9"
"Liam Gordon";"L. Gordon";"29331";"1996-01-26";"Motherwell";"243";"SCO - Premiership";"18";"2025/2026";"129";"RCB";"Central Defender";"88.59";"8";"0";"9207.62";"103.94";"1158.12";"371.5";"32.5";"107.0";"5.12";"478.5";"37.62";"28.2";"29.38";"98.25";"4.75";"77.62";"9.88";"2.62";"0.68";"0.93";"1.0";"1.76";"null";"19.12";"2.39";"null";"9354.22";"103.94";"1176.56";"377.41";"33.02";"108.7";"5.21";"486.12";"38.22";"99.81";"4.83";"78.86";"10.03";"2.67";"1.02";"19.43"
"Callum Hendry";"C. Hendry";"29334";"1997-12-08";"Motherwell";"243";"SCO - Premiership";"18";"2025/2026";"129";"CF";"Center Forward";"70.27";"8";"0";"8485.5";"120.76";"1446.12";"700.88";"62.0";"176.0";"11.0";"876.88";"73.0";"27.88";"28.38";"91.12";"7.0";"76.38";"13.88";"4.25";"0.68";"0.79";"0.75";"1.75";"null";"49.62";"1.9";"2.76";"10868.2";"120.76";"1852.19";"897.68";"79.41";"225.42";"14.09";"1123.1";"93.5";"116.71";"8.97";"97.82";"17.77";"5.44";"0.96";"63.56"
"Nicky Devlin";"N. Devlin";"29337";"1993-10-17";"Aberdeen";"246";"SCO - Premiership";"18";"2025/2026";"129";"RCB";"Central Defender";"98.28";"11";"0";"10149.09";"103.27";"1260.55";"410.18";"41.27";"152.82";"8.18";"563.0";"49.45";"29.69";"31.0";"108.36";"6.09";"89.55";"13.09";"5.0";"0.67";"0.75";"2.27";"1.32";"1.52";"20.73";"2.52";"3.32";"9294.15";"103.27";"1154.36";"375.63";"37.8";"139.95";"7.49";"515.57";"45.29";"99.24";"5.58";"82.0";"11.99";"4.58";"2.08";"18.98"
"Scott Pittman";"S. Pittman";"29339";"1992-07-09";"Livingston FC";"1477";"SCO - Premiership";"18";"2025/2026";"129";"AM";"Midfield";"85.83";"8";"0";"10815.38";"126.01";"2015.38";"710.38";"62.0";"169.0";"10.5";"879.38";"72.5";"28.11";"28.66";"121.5";"5.5";"107.88";"18.38";"4.38";"0.72";"0.81";"0.75";"1.51";"1.6";"41.75";"2.14";"2.64";"11340.67";"126.01";"2113.26";"744.88";"65.01";"177.21";"11.01";"922.09";"76.02";"127.4";"5.77";"113.11";"19.27";"4.59";"0.79";"43.78"
"Craig Sibbald";"C. Sibbald";"29346";"1995-05-18";"Dundee United";"251";"SCO - Premiership";"18";"2025/2026";"129";"LM";"Midfield";"92.13";"8";"0";"10053.5";"109.12";"1595.25";"468.25";"46.88";"119.25";"6.12";"587.5";"53.0";"27.73";"28.48";"118.25";"5.62";"98.5";"16.38";"3.75";"0.72";"0.86";"0.75";"1.42";"null";"35.12";"2.12";"2.74";"9821.16";"109.12";"1558.38";"457.43";"45.79";"116.49";"5.98";"573.92";"51.78";"115.52";"5.5";"96.22";"16.0";"3.66";"0.73";"34.31"
"Devante Cole";"D. Cole";"29356";"1995-05-10";"Port Vale FC";"2543";"ENG - League One";"101";"2025/2026";"129";"CF";"Center Forward";"93.58";"18";"0";"9634.67";"102.95";"1289.83";"545.78";"61.22";"233.94";"13.5";"779.72";"74.72";"30.11";"31.94";"113.44";"9.06";"86.78";"24.28";"6.28";"0.65";"0.68";"1.72";"1.24";"1.44";"35.39";"1.97";"2.85";"9265.66";"102.95";"1240.43";"524.87";"58.88";"224.98";"12.98";"749.86";"71.86";"109.1";"8.71";"83.45";"23.35";"6.04";"1.66";"34.03"
"Matthew Garbett";"M. Garbett";"29401";"2002-04-13";"Peterborough United";"1869";"ENG - League One";"101";"2025/2026";"129";"RW";"Wide Attacker";"92.16";"8";"0";"9493.25";"103.01";"1292.88";"508.75";"48.75";"176.62";"9.62";"685.38";"58.38";"29.09";"29.84";"109.5";"7.5";"84.62";"16.88";"5.75";"0.65";"0.73";"1.62";"1.35";"null";"33.25";"2.07";"2.92";"9270.92";"103.01";"1262.6";"496.84";"47.61";"172.49";"9.4";"669.32";"57.01";"106.94";"7.32";"82.64";"16.48";"5.62";"1.59";"32.47"
"Ilya Zabarnyi";"I. Zabarnyi";"29576";"2002-09-01";"Paris Saint-Germain";"76";"FRA - Ligue 1";"3";"2025/2026";"129";"RCB";"Central Defender";"97.0";"13";"0";"10276.46";"105.95";"1297.85";"441.15";"44.38";"175.54";"8.92";"616.69";"53.31";"30.58";"32.04";"114.23";"5.46";"91.46";"13.77";"4.08";"0.67";"0.69";"1.77";"1.2";"1.22";"33.85";"1.94";"2.72";"9535.24";"105.95";"1204.23";"409.33";"41.18";"162.88";"8.28";"572.21";"49.46";"105.99";"5.07";"84.86";"12.78";"3.78";"1.64";"31.4"
"Tim Siersleben";"T. Siersleben";"29730";"2000-03-09";"1. FC Heidenheim 1846";"763";"GER - Bundesliga";"6";"2025/2026";"129";"LCB";"Central Defender";"94.26";"11";"0";"10592.0";"112.37";"1439.27";"437.91";"39.64";"103.18";"6.55";"541.09";"46.18";"27.55";"28.58";"109.36";"4.91";"89.55";"13.91";"2.82";"0.7";"0.7";"0.91";"1.3";"1.5";"32.64";"1.99";"2.69";"10113.4";"112.37";"1374.24";"418.12";"37.85";"98.52";"6.25";"516.64";"44.1";"104.42";"4.69";"85.5";"13.28";"2.69";"0.87";"31.16"
"Santiago Daniel Pierotti";"S. Pierotti";"29741";"2001-04-03";"Lecce";"147";"ITA - Serie A";"5";"2025/2026";"129";"RW";"Wide Attacker";"76.76";"10";"0";"8966.8";"116.82";"1449.9";"744.7";"71.0";"293.8";"16.3";"1038.5";"87.3";"29.18";"30.26";"94.3";"6.9";"72.1";"19.3";"6.3";"0.69";"0.7";"2.1";"1.24";"1.35";"56.4";"1.84";"2.62";"10513.67";"116.82";"1700.02";"873.17";"83.25";"344.48";"19.11";"1217.65";"102.36";"110.57";"8.09";"84.54";"22.63";"7.39";"2.46";"66.13"
"Lewis Mayo";"L. Mayo";"29763";"2000-03-19";"Kilmarnock";"244";"SCO - Premiership";"18";"2025/2026";"129";"CB";"Central Defender";"96.37";"9";"0";"9959.11";"103.35";"1105.33";"319.89";"30.56";"87.44";"4.56";"407.33";"35.11";"28.94";"29.9";"107.44";"6.11";"81.78";"10.89";"3.89";"0.62";"0.77";"0.56";"1.45";"null";"22.67";"2.43";"3.23";"9301.14";"103.35";"1032.31";"298.75";"28.54";"81.67";"4.25";"380.42";"32.79";"100.35";"5.71";"76.37";"10.17";"3.63";"0.52";"21.17"
"Malik Tillman";"M. Tillman";"29797";"2002-05-28";"Bayer 04 Leverkusen";"102";"GER - Bundesliga";"6";"2025/2026";"129";"AM";"Midfield";"84.39";"11";"0";"10528.18";"124.76";"1919.64";"680.0";"58.45";"189.18";"11.0";"869.18";"69.45";"28.3";"29.32";"111.36";"2.82";"95.73";"15.73";"1.82";"0.67";"0.76";"0.64";"1.44";"null";"41.82";"1.9";"2.81";"11228.55";"124.76";"2047.34";"725.24";"62.34";"201.77";"11.73";"927.0";"74.07";"118.77";"3.01";"102.1";"16.77";"1.94";"0.68";"44.6"
"Ian Maatsen";"I. Maatsen";"29799";"2002-03-10";"Aston Villa";"39";"ENG - Premier League";"1";"2025/2026";"129";"LB";"Full Back";"85.68";"10";"0";"9476.3";"110.6";"1283.5";"588.1";"60.6";"280.4";"14.9";"868.5";"75.5";"31.22";"32.5";"99.7";"5.9";"80.6";"17.6";"4.1";"0.72";"0.73";"1.6";"1.32";"1.48";"35.4";"2.14";"2.56";"9954.29";"110.6";"1348.24";"617.76";"63.66";"294.54";"15.65";"912.31";"79.31";"104.73";"6.2";"84.67";"18.49";"4.31";"1.68";"37.19"
"Peter Kioso";"P. Kioso";"29815";"1999-08-15";"Peterborough United";"1869";"ENG - League One";"101";"2025/2026";"129";"RB";"Full Back";"94.21";"13";"0";"9198.15";"97.64";"1218.69";"558.0";"53.54";"215.08";"10.38";"773.08";"63.92";"29.09";"29.82";"118.85";"9.92";"93.23";"20.23";"8.23";"0.66";"0.66";"2.85";"1.29";"1.41";"20.62";"1.96";"2.83";"8787.33";"97.64";"1164.26";"533.08";"51.15";"205.47";"9.92";"738.55";"61.07";"113.54";"9.48";"89.07";"19.33";"7.86";"2.72";"19.69"
"Jordan Brown";"J. Brown";"29826";"2001-06-21";"Blackpool";"54";"ENG - League One";"101";"2025/2026";"129";"RM";"Midfield";"97.0";"10";"0";"10746.9";"110.79";"1718.2";"510.8";"45.6";"99.4";"5.4";"610.2";"51.0";"27.37";"28.52";"106.4";"5.3";"92.0";"12.0";"3.0";"0.72";"0.8";"0.8";"1.55";"1.68";"37.8";"2.12";"2.7";"9971.18";"110.79";"1594.18";"473.93";"42.31";"92.23";"5.01";"566.16";"47.32";"98.72";"4.92";"85.36";"11.13";"2.78";"0.74";"35.07"
"Elliot Bonds";"E. Bonds";"29829";"2000-03-23";"Fleetwood Town FC";"1724";"ENG - League Two";"204";"2025/2026";"129";"LM";"Midfield";"96.9";"12";"0";"10241.42";"105.7";"1304.42";"469.83";"46.42";"130.33";"7.25";"600.17";"53.67";"28.98";"29.98";"112.17";"5.67";"93.33";"12.33";"4.75";"0.59";"0.71";"1.58";"1.15";"1.34";"34.42";"1.9";"2.62";"9512.56";"105.7";"1211.58";"436.4";"43.11";"121.06";"6.73";"557.45";"49.85";"104.18";"5.26";"86.69";"11.46";"4.41";"1.47";"31.97"
"Ryan Stirk";"R. Stirk";"29838";"2000-09-25";"Chesterfield FC";"3361";"ENG - League Two";"204";"2025/2026";"129";"LDM";"Midfield";"98.45";"16";"0";"11068.81";"112.43";"1557.25";"471.44";"41.5";"80.31";"5.19";"551.75";"46.69";"27.36";"28.94";"106.38";"3.62";"87.94";"11.88";"2.25";"0.64";"0.74";"0.62";"1.37";"1.73";"34.88";"1.87";"2.71";"10119.09";"112.43";"1423.64";"430.99";"37.94";"73.42";"4.74";"504.41";"42.68";"97.25";"3.31";"80.39";"10.86";"2.06";"0.57";"31.88"
"Conor Grant";"C. Grant";"29840";"2001-07-23";"Notts County FC";"1563";"ENG - League Two";"204";"2025/2026";"129";"AM";"Midfield";"77.68";"11";"0";"9242.82";"118.98";"1489.0";"553.36";"54.55";"159.18";"9.18";"712.55";"63.73";"28.6";"29.82";"105.0";"5.36";"88.55";"15.55";"3.82";"0.78";"0.8";"0.55";"1.62";"null";"33.55";"1.98";"2.75";"10708.47";"118.98";"1725.11";"641.11";"63.19";"184.42";"10.64";"825.54";"73.83";"121.65";"6.21";"102.59";"18.01";"4.42";"0.63";"38.86"
"Andrew John Smith";"A. Smith";"29849";"2001-09-11";"Gillingham FC";"1722";"ENG - League Two";"204";"2025/2026";"129";"LCB";"Central Defender";"100.05";"9";"0";"10330.67";"103.26";"1220.0";"408.78";"37.89";"97.11";"5.56";"505.89";"43.44";"29.12";"30.14";"105.89";"5.0";"77.78";"10.67";"2.78";"0.69";"null";"0.78";"1.52";"null";"19.11";"2.41";"3.4";"9293.13";"103.26";"1097.47";"367.72";"34.08";"87.36";"5.0";"455.08";"39.08";"95.25";"4.5";"69.97";"9.6";"2.5";"0.7";"17.19"
"Andrew John Smith";"A. Smith";"29849";"2001-09-11";"Gillingham FC";"1722";"ENG - League Two";"204";"2025/2026";"129";"RCB";"Central Defender";"101.62";"9";"0";"10227.22";"100.65";"1136.0";"395.56";"38.89";"132.44";"6.56";"528.0";"45.44";"30.52";"31.66";"105.78";"4.67";"79.33";"9.11";"3.33";"0.66";"0.74";"1.0";"1.27";"null";"19.44";"2.38";"2.85";"9058.06";"100.65";"1006.13";"350.34";"34.44";"117.3";"5.81";"467.64";"40.25";"93.69";"4.13";"70.26";"8.07";"2.95";"0.89";"17.22"
"Donervon Daniels";"D. Daniels";"29851";"1993-11-24";"Oldham Athletic AFC";"3952";"ENG - League Two";"204";"2025/2026";"129";"RCB";"Central Defender";"99.82";"19";"0";"10023.89";"100.42";"1149.95";"400.63";"38.74";"114.26";"6.53";"514.89";"45.26";"28.96";"31.52";"106.53";"4.53";"86.84";"7.26";"2.74";"0.61";"0.65";"0.89";"1.28";"null";"15.42";"1.88";"2.92";"9037.68";"100.42";"1036.81";"361.21";"34.93";"103.02";"5.88";"464.24";"40.81";"96.05";"4.08";"78.3";"6.55";"2.47";"0.81";"13.9"
"Jay Stansfield";"J. Stansfield";"29855";"2002-11-24";"Birmingham City";"51";"ENG - Championship";"31";"2025/2026";"129";"AM";"Midfield";"88.9";"14";"0";"10288.5";"115.72";"1607.36";"645.5";"64.5";"247.79";"12.57";"893.29";"77.07";"29.5";"31.0";"101.43";"5.64";"80.21";"13.43";"4.36";"0.61";"0.63";"1.36";"1.28";"1.28";"53.14";"1.86";"2.6";"10415.25";"115.72";"1627.16";"653.45";"65.29";"250.84";"12.73";"904.29";"78.02";"102.68";"5.71";"81.2";"13.59";"4.41";"1.37";"53.8"
"Jay Stansfield";"J. Stansfield";"29855";"2002-11-24";"Birmingham City";"51";"ENG - Championship";"31";"2025/2026";"129";"CF";"Center Forward";"85.88";"13";"0";"9730.31";"113.3";"1335.08";"675.31";"69.46";"299.85";"15.54";"975.15";"85.0";"30.14";"31.46";"99.46";"9.46";"74.15";"17.62";"7.54";"0.62";"0.68";"2.92";"1.42";"1.43";"56.92";"1.85";"2.5";"10196.87";"113.3";"1399.09";"707.69";"72.79";"314.22";"16.28";"1021.91";"89.08";"104.23";"9.92";"77.71";"18.46";"7.9";"3.06";"59.65"
"Josh Austerfield";"J. Austerfield";"29865";"2001-11-02";"Salford City FC";"2816";"ENG - League Two";"204";"2025/2026";"129";"LM";"Midfield";"86.76";"10";"0";"9902.0";"114.13";"1528.5";"563.9";"52.3";"182.2";"9.5";"746.1";"61.8";"28.88";"29.8";"105.2";"6.2";"84.8";"12.1";"4.1";"0.64";"0.71";"1.0";"1.24";"1.43";"42.1";"1.85";"2.84";"10271.59";"114.13";"1585.55";"584.95";"54.25";"189.0";"9.85";"773.95";"64.11";"109.13";"6.43";"87.97";"12.55";"4.25";"1.04";"43.67"
"Jack Armer";"J. Armer";"29868";"2001-04-16";"Burton Albion";"1874";"ENG - League One";"101";"2025/2026";"129";"LWB";"Full Back";"98.71";"17";"0";"11045.47";"111.9";"1652.06";"785.76";"63.53";"220.12";"11.18";"1005.88";"74.71";"28.19";"29.54";"128.65";"9.76";"102.53";"19.35";"6.18";"0.6";"0.65";"1.76";"1.23";"1.63";"42.29";"2.03";"2.66";"10071.26";"111.9";"1506.35";"716.46";"57.93";"200.7";"10.19";"917.16";"68.12";"117.3";"8.9";"93.49";"17.65";"5.63";"1.61";"38.56"
"Hayden  Hackney";"H. Hackney";"29870";"2002-06-26";"Middlesbrough";"43";"ENG - Championship";"31";"2025/2026";"129";"LM";"Midfield";"95.86";"10";"0";"12103.4";"126.27";"2286.3";"754.6";"57.2";"110.2";"7.4";"864.8";"64.6";"26.95";"27.6";"122.3";"5.1";"108.4";"13.8";"3.3";"0.67";"0.75";"0.7";"1.59";"null";"46.5";"1.89";"2.73";"11363.9";"126.27";"2146.61";"708.5";"53.71";"103.47";"6.95";"811.96";"60.65";"114.83";"4.79";"101.78";"12.96";"3.1";"0.66";"43.66"
"Oliver Sørensen Jensen";"O. Sørensen";"29952";"2002-03-10";"Parma";"152";"ITA - Serie A";"5";"2025/2026";"129";"LM";"Midfield";"94.47";"10";"0";"12130.3";"128.41";"2421.5";"1034.1";"90.4";"292.4";"16.8";"1326.5";"107.2";"28.49";"29.1";"141.9";"4.2";"121.0";"19.6";"2.2";"0.84";"0.87";"0.8";"1.5";"1.54";"64.6";"1.88";"2.67";"11556.74";"128.41";"2307.0";"985.2";"86.13";"278.57";"16.01";"1263.78";"102.13";"135.19";"4.0";"115.28";"18.67";"2.1";"0.76";"61.55"
"Pelle Mattsson";"P. Mattsson";"29961";"2001-08-04";"Norwich City";"57";"ENG - Championship";"31";"2025/2026";"129";"LDM";"Midfield";"99.93";"11";"0";"11552.91";"115.6";"2097.55";"651.73";"54.82";"121.91";"6.73";"773.64";"61.55";"27.12";"28.1";"107.27";"3.91";"94.73";"12.82";"2.64";"0.68";"0.74";"0.82";"1.31";"1.36";"40.82";"1.95";"2.89";"10404.4";"115.6";"1889.02";"586.94";"49.37";"109.79";"6.06";"696.73";"55.43";"96.61";"3.52";"85.31";"11.54";"2.37";"0.74";"36.76"
"Jakov Medić";"J. Medić";"30014";"1998-09-07";"Norwich City";"57";"ENG - Championship";"31";"2025/2026";"129";"RCB";"Central Defender";"100.31";"11";"0";"10325.0";"102.93";"1201.64";"420.27";"42.55";"121.18";"7.55";"541.45";"50.09";"28.51";"29.54";"114.27";"4.73";"92.73";"12.18";"2.91";"0.75";"0.77";"0.45";"1.44";"null";"19.27";"2.3";"3.17";"9263.45";"102.93";"1078.09";"377.06";"38.17";"108.72";"6.77";"485.79";"44.94";"102.52";"4.24";"83.19";"10.93";"2.61";"0.41";"17.29"
"Denzel Hall";"D. Hall";"30230";"2001-05-22";"Rotherham United";"750";"ENG - League One";"101";"2025/2026";"129";"RWB";"Full Back";"94.15";"17";"0";"10291.18";"109.31";"1402.12";"580.47";"55.82";"190.06";"11.41";"770.53";"67.24";"30.21";"31.86";"113.94";"8.65";"96.18";"18.47";"5.88";"0.62";"0.69";"2.41";"1.16";"1.25";"26.12";"1.87";"2.73";"9837.97";"109.31";"1340.37";"554.91";"53.37";"181.69";"10.91";"736.6";"64.27";"108.92";"8.27";"91.94";"17.66";"5.62";"2.31";"24.97"
"Nuno Alexandre Tavares Mendes";"Nuno Mendes";"30264";"2002-06-19";"Paris Saint-Germain";"76";"FRA - Ligue 1";"3";"2025/2026";"129";"LB";"Full Back";"96.11";"9";"0";"9862.33";"102.62";"1248.67";"605.89";"63.67";"336.22";"15.11";"942.11";"78.78";"31.39";"32.08";"113.89";"11.0";"93.67";"20.78";"8.67";"0.57";"0.62";"3.78";"1.1";"1.2";"38.67";"1.95";"2.86";"9235.43";"102.62";"1169.29";"567.38";"59.62";"314.85";"14.15";"882.23";"73.77";"106.65";"10.3";"87.71";"19.46";"8.12";"3.54";"36.21"
"Matheus Luiz Nunes";"Matheus Nunes";"30265";"1998-08-27";"Manchester City";"40";"ENG - Premier League";"1";"2025/2026";"129";"RB";"Full Back";"98.55";"20";"0";"10805.65";"109.65";"1440.6";"602.75";"65.0";"273.85";"15.3";"876.6";"80.3";"30.52";"32.06";"123.95";"8.3";"105.5";"19.1";"6.6";"0.6";"0.67";"3.0";"1.24";"1.25";"43.95";"1.89";"2.51";"9868.59";"109.65";"1315.67";"550.48";"59.36";"250.1";"13.97";"800.58";"73.34";"113.2";"7.58";"96.35";"17.44";"6.03";"2.74";"40.14"
"Samuel Almeida Costa";"Samú Costa";"30271";"2000-11-27";"RCD Mallorca";"258";"ESP - LaLiga";"4";"2025/2026";"129";"RDM";"Midfield";"95.07";"8";"0";"11543.12";"121.42";"2006.38";"625.75";"50.88";"124.62";"6.62";"750.38";"57.5";"27.48";"27.94";"113.62";"2.5";"100.0";"12.5";"1.5";"0.76";"0.8";"0.38";"1.84";"null";"43.12";"2.02";"2.75";"10927.68";"121.42";"1899.4";"592.39";"48.16";"117.98";"6.27";"710.37";"54.43";"107.57";"2.37";"94.67";"11.83";"1.42";"0.36";"40.83"
"Gonçalo Matias Ramos";"Gonçalo Ramos";"30292";"2001-06-20";"Paris Saint-Germain";"76";"FRA - Ligue 1";"3";"2025/2026";"129";"CF";"Center Forward";"85.23";"9";"0";"9918.67";"116.37";"1522.67";"769.89";"67.22";"219.11";"12.11";"989.0";"79.33";"27.92";"28.78";"98.44";"8.0";"82.0";"14.0";"5.11";"0.67";"0.75";"0.89";"1.74";"1.94";"52.44";"1.91";"2.77";"10473.59";"116.37";"1607.86";"812.96";"70.98";"231.37";"12.79";"1044.33";"83.77";"103.95";"8.45";"86.59";"14.78";"5.4";"0.94";"55.38"
"Conor McCarthy";"C. McCarthy";"30432";"1998-04-11";"Northampton Town FC";"2811";"ENG - League One";"101";"2025/2026";"129";"RCB";"Central Defender";"89.39";"18";"0";"9482.89";"106.09";"1242.67";"416.44";"36.61";"81.61";"5.28";"498.06";"41.89";"27.45";"29.08";"97.56";"5.06";"75.61";"10.61";"3.22";"0.68";"0.7";"0.61";"1.44";"null";"17.5";"2.15";"2.79";"9547.82";"106.09";"1251.18";"419.3";"36.86";"82.17";"5.31";"501.47";"42.18";"98.22";"5.09";"76.13";"10.68";"3.24";"0.62";"17.62"
"Drey Wright ";"D. Wright";"30444";"1995-04-30";"Dundee FC";"254";"SCO - Premiership";"18";"2025/2026";"129";"LB";"Full Back";"96.81";"8";"0";"10530.5";"108.77";"1434.5";"552.88";"56.38";"218.75";"11.5";"771.62";"67.88";"29.96";"30.74";"108.25";"8.5";"94.25";"17.5";"5.5";"0.69";"0.75";"1.0";"1.42";"null";"32.5";"2.13";"2.69";"9789.7";"108.77";"1333.59";"513.98";"52.41";"203.36";"10.69";"717.34";"63.1";"100.63";"7.9";"87.62";"16.27";"5.11";"0.93";"30.21"
"Drey Wright ";"D. Wright";"30444";"1995-04-30";"Dundee FC";"254";"SCO - Premiership";"18";"2025/2026";"129";"RWB";"Full Back";"89.71";"8";"0";"9843.38";"109.73";"1348.0";"523.75";"50.88";"199.0";"10.12";"722.75";"61.0";"29.73";"30.0";"106.75";"7.38";"93.38";"16.88";"5.38";"0.65";"0.71";"1.5";"1.27";"null";"28.62";"2.2";"2.88";"9875.38";"109.73";"1352.38";"525.45";"51.04";"199.65";"10.16";"725.1";"61.2";"107.1";"7.4";"93.68";"16.93";"5.39";"1.5";"28.72"
"Matt Butcher";"M. Butcher";"30445";"1997-05-14";"Salford City FC";"2816";"ENG - League Two";"204";"2025/2026";"129";"DM";"Midfield";"86.14";"9";"0";"9342.11";"108.45";"1320.89";"439.0";"39.33";"67.67";"4.89";"506.67";"44.22";"27.22";"27.78";"99.33";"5.0";"84.33";"10.0";"3.22";"0.77";"0.93";"0.44";"null";"null";"28.78";"2.19";"2.94";"9760.44";"108.45";"1380.04";"458.66";"41.09";"70.7";"5.11";"529.35";"46.2";"103.78";"5.22";"88.11";"10.45";"3.37";"0.46";"30.07"
"Ciaron Brown";"C. Brown";"30451";"1998-01-14";"Oxford United";"1588";"ENG - Championship";"31";"2025/2026";"129";"LCB";"Central Defender";"97.88";"21";"0";"10192.1";"104.12";"1262.48";"382.19";"35.29";"106.05";"5.48";"488.24";"40.76";"28.42";"30.6";"115.43";"4.95";"91.43";"10.14";"2.95";"0.66";"0.7";"0.81";"1.38";"1.89";"25.48";"1.93";"2.66";"9371.09";"104.12";"1160.78";"351.4";"32.44";"97.51";"5.04";"448.91";"37.48";"106.13";"4.55";"84.06";"9.33";"2.71";"0.74";"23.42"
"Ross MacIver";"R. MacIver";"30454";"1999-02-28";"Falkirk";"240";"SCO - Premiership";"18";"2025/2026";"129";"CF";"Center Forward";"77.77";"8";"0";"9140.62";"117.53";"1363.12";"587.38";"57.75";"181.0";"11.88";"768.38";"69.62";"28.38";"29.44";"85.62";"7.25";"71.0";"15.0";"6.0";"0.65";"0.78";"1.25";"1.58";"null";"35.5";"1.83";"2.79";"10577.67";"117.53";"1577.43";"679.72";"66.83";"209.46";"13.74";"889.18";"80.57";"99.09";"8.39";"82.16";"17.36";"6.94";"1.45";"41.08"
"George Stanger";"G. Stanger";"30508";"2000-08-15";"Kilmarnock";"244";"SCO - Premiership";"18";"2025/2026";"129";"RCB";"Central Defender";"93.65";"8";"0";"10215.25";"109.08";"1216.25";"417.88";"40.5";"121.75";"7.12";"539.62";"47.62";"28.85";"29.72";"108.75";"6.62";"83.38";"12.38";"5.0";"0.74";"0.77";"1.62";"1.36";"1.45";"29.88";"2.11";"2.75";"9816.89";"109.08";"1168.82";"401.58";"38.92";"117.0";"6.85";"518.58";"45.77";"104.51";"6.37";"80.12";"11.89";"4.81";"1.56";"28.71"
"Yasin Abbas Ayari";"Y. Ayari";"30621";"2003-10-06";"Brighton and Hove Albion";"308";"ENG - Premier League";"1";"2025/2026";"129";"LDM";"Midfield";"97.47";"11";"0";"11653.73";"119.56";"1970.82";"672.73";"52.73";"175.09";"8.09";"847.82";"60.82";"28.35";"29.28";"94.45";"3.91";"82.36";"11.18";"2.64";"0.66";"0.74";"1.09";"1.41";"1.48";"39.73";"1.93";"2.44";"10760.46";"119.56";"1819.75";"621.16";"48.69";"161.67";"7.47";"782.83";"56.16";"87.21";"3.61";"76.05";"10.32";"2.43";"1.01";"36.68"
"Ilan Kebbal";"I. Kebbal";"30855";"1998-07-10";"Paris FC";"327";"FRA - Ligue 1";"3";"2025/2026";"129";"RW";"Wide Attacker";"91.84";"15";"0";"11256.93";"122.58";"1814.8";"707.4";"62.33";"199.2";"10.33";"906.6";"72.67";"28.35";"29.22";"112.07";"4.4";"82.6";"16.0";"3.2";"0.66";"0.66";"1.07";"1.4";"1.46";"56.8";"1.86";"2.64";"11031.8";"122.58";"1778.51";"693.25";"61.09";"195.22";"10.13";"888.47";"71.21";"109.83";"4.31";"80.95";"15.68";"3.14";"1.05";"55.66"
"Adrien Truffert";"A. Truffert";"30946";"2001-11-20";"Bournemouth";"63";"ENG - Premier League";"1";"2025/2026";"129";"LB";"Full Back";"98.82";"24";"0";"11063.54";"111.96";"1694.54";"827.17";"79.21";"357.75";"18.92";"1184.92";"98.12";"30.5";"31.74";"124.29";"9.96";"101.71";"24.0";"7.92";"0.63";"0.67";"2.96";"1.24";"1.35";"46.79";"1.87";"2.45";"10076.28";"111.96";"1543.33";"753.35";"72.14";"325.83";"17.23";"1079.18";"89.37";"113.2";"9.07";"92.63";"21.86";"7.21";"2.69";"42.62"
"Johann Lepenant";"J. Lepenant";"30957";"2002-10-22";"FC Nantes";"66";"FRA - Ligue 1";"3";"2025/2026";"129";"LM";"Midfield";"93.47";"9";"0";"11303.56";"120.94";"1993.67";"745.44";"64.56";"164.33";"10.44";"909.78";"75.0";"27.48";"28.12";"121.11";"4.33";"102.33";"17.22";"2.33";"0.72";"0.92";"0.44";"1.52";"null";"57.67";"1.95";"2.6";"10884.31";"120.94";"1919.72";"717.8";"62.16";"158.24";"10.06";"876.03";"72.22";"116.62";"4.17";"98.54";"16.58";"2.25";"0.43";"55.53"
"Daniel Ballard";"D. Ballard";"31034";"1999-09-22";"Sunderland";"35";"ENG - Premier League";"1";"2025/2026";"129";"CB";"Central Defender";"92.58";"9";"0";"9257.89";"100.0";"1093.78";"386.67";"36.33";"125.33";"6.67";"512.0";"43.0";"28.31";"29.9";"98.44";"5.56";"77.56";"10.89";"3.78";"0.61";"0.63";"0.56";"1.7";"null";"22.0";"2.3";"3.19";"8999.57";"100.0";"1063.26";"375.88";"35.32";"121.84";"6.48";"497.71";"41.8";"95.7";"5.4";"75.39";"10.59";"3.67";"0.54";"21.39"
"Daniel Ballard";"D. Ballard";"31034";"1999-09-22";"Sunderland";"35";"ENG - Premier League";"1";"2025/2026";"129";"RCB";"Central Defender";"98.44";"9";"0";"9775.78";"99.31";"1141.67";"360.56";"33.67";"85.33";"5.11";"445.89";"38.78";"28.03";"29.06";"104.67";"5.56";"83.44";"10.33";"2.78";"0.71";"1.13";"0.67";"null";"null";"22.0";"2.01";"2.88";"8937.73";"99.31";"1043.79";"329.65";"30.78";"78.02";"4.67";"407.66";"35.45";"95.69";"5.08";"76.29";"9.45";"2.54";"0.61";"20.11"
"Adam Karabec";"A. Karabec";"31114";"2003-07-02";"Olympique Lyonnais";"73";"FRA - Ligue 1";"3";"2025/2026";"129";"RW";"Wide Attacker";"81.05";"8";"0";"9656.0";"119.14";"1564.38";"620.38";"55.12";"171.75";"10.12";"792.12";"65.25";"28.16";"28.58";"95.88";"5.5";"71.5";"16.0";"4.12";"0.73";"0.84";"1.25";"1.4";"null";"38.5";"2.01";"2.85";"10722.82";"119.14";"1737.21";"688.92";"61.22";"190.73";"11.24";"879.64";"72.46";"106.47";"6.11";"79.4";"17.77";"4.58";"1.39";"42.75"
" Auston  Trusty";"A. Trusty";"31161";"1998-08-12";"Celtic FC";"248";"SCO - Premiership";"18";"2025/2026";"129";"RCB";"Central Defender";"93.66";"8";"0";"10114.75";"107.99";"1264.25";"351.0";"36.38";"114.75";"6.12";"465.75";"42.5";"29.27";"29.7";"105.5";"5.38";"83.12";"10.0";"4.12";"0.68";"0.85";"1.5";"1.3";"null";"23.5";"2.17";"3.21";"9719.02";"107.99";"1214.79";"337.27";"34.95";"110.26";"5.89";"447.53";"40.84";"101.37";"5.16";"79.87";"9.61";"3.96";"1.44";"22.58"
"Martín Adrián Satriano Costa";"M. Satriano";"31185";"2001-02-20";"Olympique Lyonnais";"73";"FRA - Ligue 1";"3";"2025/2026";"129";"CF";"Center Forward";"90.61";"8";"0";"9610.0";"106.06";"1298.88";"590.62";"55.25";"155.25";"9.62";"745.88";"64.88";"28.12";"28.82";"102.75";"8.12";"85.5";"18.0";"5.75";"0.67";"0.69";"1.75";"1.41";"null";"41.25";"2.04";"2.83";"9545.48";"106.06";"1290.15";"586.66";"54.88";"154.21";"9.56";"740.87";"64.44";"102.06";"8.07";"84.93";"17.88";"5.71";"1.74";"40.97"
"Cesare Casadei";"C. Casadei";"31197";"2003-01-10";"Torino";"146";"ITA - Serie A";"5";"2025/2026";"129";"RM";"Midfield";"95.21";"12";"0";"11373.92";"119.46";"2011.5";"685.75";"56.83";"120.92";"6.58";"806.67";"63.42";"27.36";"28.22";"116.83";"4.33";"100.25";"13.83";"2.67";"0.71";"0.75";"0.33";"1.71";"null";"46.58";"1.89";"2.78";"10751.08";"119.46";"1901.35";"648.2";"53.72";"114.3";"6.22";"762.49";"59.94";"110.44";"4.1";"94.76";"13.08";"2.52";"0.32";"44.03"
"Matthis Abline";"M. Abline";"31208";"2003-03-28";"FC Nantes";"66";"FRA - Ligue 1";"3";"2025/2026";"129";"LW";"Wide Attacker";"101.36";"9";"0";"9905.67";"97.72";"1000.89";"490.56";"59.67";"329.33";"15.0";"819.89";"74.67";"31.94";"32.68";"85.11";"6.89";"68.11";"19.56";"5.78";"0.64";"0.67";"3.11";"1.17";"1.23";"33.78";"2.04";"2.88";"8795.06";"97.72";"888.67";"435.56";"52.98";"292.41";"13.32";"727.96";"66.3";"75.57";"6.12";"60.47";"17.36";"5.13";"2.76";"29.99"
"Mark Helm";"M. Helm";"31231";"2001-10-21";"Fleetwood Town FC";"1724";"ENG - League Two";"204";"2025/2026";"129";"AM";"Midfield";"84.07";"9";"0";"9518.44";"113.22";"1401.89";"503.11";"40.44";"87.89";"5.56";"591.0";"46.0";"28.3";"29.2";"90.89";"5.11";"68.56";"9.11";"2.67";"0.64";"0.69";"0.33";"null";"null";"28.78";"1.99";"2.87";"10190.02";"113.22";"1500.8";"538.61";"43.3";"94.09";"5.95";"632.7";"49.25";"97.3";"5.47";"73.39";"9.75";"2.85";"0.36";"30.81"
"Mark Helm";"M. Helm";"31231";"2001-10-21";"Fleetwood Town FC";"1724";"ENG - League Two";"204";"2025/2026";"129";"LM";"Midfield";"93.46";"10";"0";"10946.3";"117.12";"1730.2";"541.1";"47.0";"109.3";"7.2";"650.4";"54.2";"27.85";"28.98";"102.4";"4.2";"87.2";"9.1";"2.3";"0.67";"0.67";"0.5";"1.32";"1.34";"37.5";"1.89";"2.59";"10540.87";"117.12";"1666.12";"521.06";"45.26";"105.25";"6.93";"626.31";"52.19";"98.61";"4.04";"83.97";"8.76";"2.21";"0.48";"36.11"
"Charlie McCann";"C. McCann";"31233";"2002-04-24";"Barrow AFC";"2808";"ENG - League Two";"204";"2025/2026";"129";"LM";"Midfield";"95.13";"12";"0";"10746.75";"112.97";"1741.5";"565.25";"49.75";"142.75";"7.58";"708.0";"57.33";"27.73";"28.66";"112.58";"5.17";"92.08";"13.83";"3.42";"0.61";"0.61";"1.17";"1.31";"1.31";"42.0";"1.89";"2.63";"10167.01";"112.97";"1647.55";"534.76";"47.07";"135.05";"7.17";"669.81";"54.24";"106.51";"4.89";"87.12";"13.09";"3.23";"1.1";"39.73"
"Charlie Wellens";"C. Wellens";"31236";"2002-12-05";"Leyton Orient FC";"2821";"ENG - League One";"101";"2025/2026";"129";"AM";"Midfield";"94.57";"10";"0";"11004.9";"116.37";"1802.0";"589.2";"50.5";"116.6";"6.5";"705.8";"57.0";"27.36";"27.86";"103.2";"3.7";"84.0";"7.8";"1.9";"0.81";"0.9";"0.6";"1.91";"null";"39.5";"2.06";"3.06";"10473.28";"116.37";"1714.95";"560.74";"48.06";"110.97";"6.19";"671.7";"54.25";"98.21";"3.52";"79.94";"7.42";"1.81";"0.57";"37.59"
"Ilyas Chaira";"I. Chaira";"31268";"2001-02-02";"Real Oviedo";"776";"ESP - LaLiga";"4";"2025/2026";"129";"LW";"Wide Attacker";"83.38";"11";"0";"9965.64";"119.52";"1588.27";"735.36";"71.55";"244.27";"14.64";"979.64";"86.18";"29.23";"30.06";"117.27";"8.91";"96.64";"24.73";"6.82";"0.58";"0.64";"2.91";"1.19";"1.33";"60.82";"1.94";"2.65";"10757.22";"119.52";"1714.43";"793.77";"77.23";"263.68";"15.8";"1057.45";"93.03";"126.59";"9.62";"104.31";"26.69";"7.36";"3.14";"65.65"
"Caio Henrique Oliveira Silva";"Caio Henrique";"31530";"1997-07-31";"AS Monaco";"75";"FRA - Ligue 1";"3";"2025/2026";"129";"LB";"Full Back";"98.92";"9";"0";"11211.44";"113.33";"1799.11";"812.67";"81.22";"352.56";"18.89";"1165.22";"100.11";"30.74";"31.86";"125.78";"11.67";"104.33";"27.11";"9.67";"0.59";"0.6";"4.11";"1.13";"1.13";"50.67";"2.04";"2.68";"10200.04";"113.33";"1636.81";"739.35";"73.9";"320.75";"17.18";"1060.11";"91.08";"114.43";"10.61";"94.92";"24.67";"8.79";"3.74";"46.1"
"Éderson José dos Santos Lourenco da Silva";"Éderson";"31596";"1999-07-07";"Atalanta";"130";"ITA - Serie A";"5";"2025/2026";"129";"LM";"Midfield";"83.88";"11";"0";"10640.55";"126.85";"1901.64";"751.0";"66.27";"313.82";"14.0";"1064.82";"80.27";"29.7";"30.36";"101.0";"3.73";"89.73";"11.73";"2.64";"0.78";"0.78";"1.18";"1.39";"1.49";"42.45";"1.89";"2.57";"11416.44";"126.85";"2040.3";"805.76";"71.11";"336.7";"15.02";"1142.46";"86.13";"108.36";"4.0";"96.27";"12.58";"2.83";"1.27";"45.55"
"Antony Matheus dos Santos";"Antony";"31709";"2000-02-24";"Real Betis Balompié";"269";"ESP - LaLiga";"4";"2025/2026";"129";"RW";"Wide Attacker";"89.33";"17";"0";"8853.71";"99.11";"1075.29";"528.0";"59.24";"312.35";"14.53";"840.35";"73.76";"31.88";"33.58";"93.29";"10.94";"76.76";"21.71";"8.35";"0.54";"0.56";"3.12";"1.02";"1.08";"40.94";"1.85";"2.69";"8920.07";"99.11";"1083.35";"531.96";"59.68";"314.69";"14.64";"846.65";"74.32";"93.99";"11.02";"77.34";"21.87";"8.42";"3.14";"41.25"
"Chrislain Matsima";"C. Matsima";"31926";"2002-05-15";"FC Augsburg";"123";"GER - Bundesliga";"6";"2025/2026";"129";"CB";"Central Defender";"99.13";"8";"0";"10733.5";"108.28";"1320.5";"430.38";"42.0";"159.38";"8.88";"589.75";"50.88";"29.91";"31.44";"111.5";"4.62";"91.38";"11.75";"2.88";"0.68";"0.74";"1.12";"1.44";"1.49";"26.75";"2.16";"3.23";"9744.81";"108.28";"1198.87";"390.73";"38.13";"144.69";"8.06";"535.43";"46.19";"101.23";"4.2";"82.96";"10.67";"2.61";"1.02";"24.29"
"Xavi Quentin Shay Simons";"X. Simons";"31930";"2003-04-21";"Tottenham Hotspur";"44";"ENG - Premier League";"1";"2025/2026";"129";"AM";"Midfield";"94.51";"8";"0";"10951.25";"115.88";"1889.25";"726.62";"67.62";"259.62";"13.75";"986.25";"81.38";"29.51";"30.3";"123.12";"8.88";"99.12";"22.25";"7.25";"0.64";"0.75";"2.75";"1.3";"1.38";"49.38";"1.99";"2.69";"10428.84";"115.88";"1799.13";"691.96";"64.4";"247.24";"13.09";"939.2";"77.49";"117.25";"8.45";"94.4";"21.19";"6.9";"2.62";"47.02"
"Pol Valentín Sancho";"Pol Valentín";"31998";"1997-02-21";"Preston North End";"748";"ENG - Championship";"31";"2025/2026";"129";"RWB";"Full Back";"89.59";"13";"0";"9194.62";"102.63";"1254.15";"551.38";"50.62";"217.46";"9.69";"768.85";"60.31";"29.92";"31.18";"105.0";"7.54";"87.15";"15.77";"5.31";"0.58";"0.62";"1.38";"1.23";"1.32";"28.08";"2.11";"2.74";"9236.98";"102.63";"1259.93";"553.93";"50.85";"218.46";"9.74";"772.39";"60.59";"105.48";"7.57";"87.56";"15.84";"5.33";"1.39";"28.21"
"Toluwalase Emmanuel Arokodare";"T. Arokodare";"32028";"2000-11-23";"Wolverhampton Wanderers";"52";"ENG - Premier League";"1";"2025/2026";"129";"CF";"Center Forward";"86.52";"10";"0";"8605.1";"99.46";"983.5";"396.6";"43.4";"161.8";"8.7";"558.4";"52.1";"29.88";"30.56";"97.3";"8.4";"78.8";"15.5";"5.3";"0.62";"0.7";"2.0";"1.16";"null";"27.7";"2.07";"2.73";"8951.21";"99.46";"1023.06";"412.55";"45.15";"168.31";"9.05";"580.86";"54.2";"101.21";"8.74";"81.97";"16.12";"5.51";"2.08";"28.81"
"Rocco Reitz";"R. Reitz";"32062";"2002-05-29";"Borussia Mönchengladbach";"114";"GER - Bundesliga";"6";"2025/2026";"129";"RM";"Midfield";"94.26";"16";"0";"11642.06";"123.51";"1832.0";"715.38";"69.12";"230.5";"14.06";"945.88";"83.19";"28.86";"30.74";"130.19";"5.0";"110.12";"21.94";"3.94";"0.7";"0.71";"1.38";"1.34";"1.47";"42.19";"1.98";"2.62";"11115.98";"123.51";"1749.22";"683.05";"66.0";"220.08";"13.43";"903.13";"79.43";"124.3";"4.77";"105.15";"20.95";"3.76";"1.31";"40.28"
"Paul Nebel";"P. Nebel";"32103";"2002-10-10";"1. FSV Mainz 05";"120";"GER - Bundesliga";"6";"2025/2026";"129";"AM";"Midfield";"94.18";"8";"0";"12098.38";"128.46";"2295.25";"969.12";"83.12";"221.75";"15.25";"1190.88";"98.38";"27.81";"28.22";"127.75";"5.88";"109.0";"18.0";"4.12";"0.67";"0.81";"1.12";"1.47";"2.24";"78.62";"1.91";"2.62";"11561.51";"128.46";"2193.4";"926.12";"79.44";"211.91";"14.57";"1138.03";"94.01";"122.08";"5.61";"104.16";"17.2";"3.94";"1.08";"75.14"
"Alberto Moleiro Gonzalez";"Alberto Moleiro";"32115";"2003-09-30";"Villarreal CF";"260";"ESP - LaLiga";"4";"2025/2026";"129";"LW";"Wide Attacker";"82.99";"16";"0";"10359.44";"124.82";"1716.94";"779.06";"67.31";"178.12";"11.12";"957.19";"78.44";"27.93";"29.2";"113.75";"7.5";"94.5";"17.38";"5.69";"0.61";"0.68";"1.75";"1.45";"1.78";"64.19";"1.88";"2.63";"11233.83";"124.82";"1861.86";"844.82";"72.99";"193.16";"12.06";"1037.98";"85.06";"123.35";"8.13";"102.48";"18.84";"6.17";"1.9";"69.61"
"Josep María Chavarría Pérez";"Pep Chavarría";"32127";"1998-04-10";"Rayo Vallecano";"284";"ESP - LaLiga";"4";"2025/2026";"129";"LB";"Full Back";"98.85";"20";"0";"11462.3";"115.95";"1680.0";"792.7";"82.25";"340.0";"19.55";"1132.7";"101.8";"30.16";"31.98";"125.4";"11.5";"105.45";"23.85";"8.35";"0.59";"0.6";"2.6";"1.17";"1.25";"60.1";"1.95";"2.55";"10435.73";"115.95";"1529.54";"721.71";"74.88";"309.55";"17.8";"1031.26";"92.68";"114.17";"10.47";"96.01";"21.71";"7.6";"2.37";"54.72"
"Yan Bueno Couto";"Yan Couto";"32136";"2002-06-03";"Borussia Dortmund";"103";"GER - Bundesliga";"6";"2025/2026";"129";"RWB";"Full Back";"86.09";"10";"0";"9672.2";"112.35";"1317.6";"530.7";"52.7";"166.3";"10.8";"697.0";"63.5";"28.48";"29.18";"106.8";"8.5";"88.9";"19.6";"5.9";"0.58";"0.61";"1.5";"1.14";"1.32";"42.3";"1.87";"2.71";"10111.29";"112.35";"1377.42";"554.79";"55.09";"173.85";"11.29";"728.64";"66.38";"111.65";"8.89";"92.94";"20.49";"6.17";"1.57";"44.22"
"Flavien-Enzo Boyomo";"E. Boyomo";"32139";"2001-10-07";"CA Osasuna";"259";"ESP - LaLiga";"4";"2025/2026";"129";"RCB";"Central Defender";"96.83";"16";"0";"9988.62";"103.15";"1194.12";"382.75";"38.81";"121.31";"7.06";"504.06";"45.88";"28.94";"30.7";"109.0";"5.44";"86.0";"13.75";"3.88";"0.66";"0.68";"1.31";"1.35";"1.38";"31.69";"1.93";"2.71";"9283.95";"103.15";"1109.88";"355.75";"36.07";"112.75";"6.56";"468.5";"42.64";"101.31";"5.05";"79.93";"12.78";"3.6";"1.22";"29.45"
"Josko Gvardiol";"J. Gvardiol";"32216";"2002-01-23";"Manchester City";"40";"ENG - Premier League";"1";"2025/2026";"129";"LCB";"Central Defender";"95.73";"13";"0";"10270.46";"107.28";"1377.46";"523.54";"52.54";"216.23";"11.38";"739.77";"63.92";"30.08";"31.24";"110.08";"7.54";"85.23";"15.85";"5.46";"0.62";"0.62";"2.0";"1.14";"1.25";"38.23";"1.75";"2.68";"9655.51";"107.28";"1294.98";"492.19";"49.39";"203.28";"10.7";"695.47";"60.1";"103.49";"7.09";"80.13";"14.9";"5.13";"1.88";"35.94"
"Derrick Köhn";"D. Köhn";"32255";"1999-02-04";"FC Union Berlin";"757";"GER - Bundesliga";"6";"2025/2026";"129";"LWB";"Full Back";"87.16";"13";"0";"9431.92";"108.22";"1254.85";"525.85";"51.38";"200.08";"10.23";"725.92";"61.62";"30.61";"32.06";"110.15";"6.92";"90.62";"21.69";"4.15";"0.63";"0.7";"0.62";"1.45";"1.78";"36.0";"2.05";"2.63";"9739.51";"108.22";"1295.77";"542.99";"53.06";"206.6";"10.56";"749.6";"63.62";"113.75";"7.15";"93.57";"22.4";"4.29";"0.64";"37.17"
"Calvin Bassey Ughelumba";"C. Bassey";"32264";"1999-12-31";"Fulham";"48";"ENG - Premier League";"1";"2025/2026";"129";"LCB";"Central Defender";"100.8";"14";"0";"10329.21";"102.48";"1349.64";"465.21";"49.93";"197.21";"10.64";"662.43";"60.57";"30.56";"32.16";"122.43";"7.79";"92.57";"15.79";"5.29";"0.63";"0.71";"1.43";"1.26";"1.36";"31.93";"1.94";"2.66";"9222.84";"102.48";"1205.08";"415.38";"44.58";"176.09";"9.5";"591.48";"54.08";"109.32";"6.95";"82.66";"14.09";"4.72";"1.28";"28.51"
"Victor Torp Overgaard";"V. Torp";"32265";"1999-07-30";"Coventry City Football Club";"1545";"ENG - Championship";"31";"2025/2026";"129";"RDM";"Midfield";"89.9";"11";"0";"10861.55";"120.81";"2057.73";"615.55";"52.36";"119.27";"7.64";"734.82";"60.0";"26.95";"27.58";"113.27";"4.09";"93.0";"12.27";"1.73";"0.82";"0.85";"0.55";"1.55";"null";"44.91";"2.1";"2.86";"10873.26";"120.81";"2059.95";"616.21";"52.42";"119.4";"7.64";"735.61";"60.06";"113.39";"4.1";"93.1";"12.29";"1.73";"0.55";"44.96"
"Daniel Muñoz Mejia";"D. Muñoz";"32267";"1996-05-26";"Crystal Palace";"60";"ENG - Premier League";"1";"2025/2026";"129";"RWB";"Full Back";"98.7";"17";"0";"11586.76";"117.39";"1822.18";"1017.24";"89.59";"402.71";"20.71";"1419.94";"110.29";"29.81";"30.92";"128.76";"11.12";"107.0";"26.12";"8.0";"0.55";"0.64";"2.35";"1.35";"1.43";"47.94";"1.89";"2.5";"10565.23";"117.39";"1661.53";"927.55";"81.69";"367.2";"18.88";"1294.75";"100.57";"117.41";"10.14";"97.57";"23.82";"7.29";"2.15";"43.71"
"Arthur Theate";"A. Theate";"32269";"2000-05-25";"Eintracht Frankfurt";"108";"GER - Bundesliga";"6";"2025/2026";"129";"LCB";"Central Defender";"99.36";"12";"0";"10534.17";"106.02";"1290.25";"434.17";"41.75";"119.92";"7.75";"554.08";"49.5";"28.15";"29.0";"106.5";"5.08";"84.25";"14.92";"2.83";"0.73";"0.76";"0.92";"1.43";"1.53";"32.58";"1.9";"2.68";"9542.11";"106.02";"1168.74";"393.28";"37.82";"108.62";"7.02";"501.9";"44.84";"96.47";"4.6";"76.32";"13.51";"2.57";"0.83";"29.51"
"Aitor Paredes Casamichana";"Aitor Paredes";"32276";"2000-04-29";"Athletic Club de Bilbao";"273";"ESP - LaLiga";"4";"2025/2026";"129";"LCB";"Central Defender";"99.26";"11";"0";"10746.36";"108.26";"1381.45";"554.27";"53.27";"201.55";"10.73";"755.82";"64.0";"29.6";"30.28";"122.18";"7.45";"98.36";"17.64";"4.73";"0.7";"0.77";"1.36";"1.49";"1.68";"35.18";"1.86";"2.76";"9743.47";"108.26";"1252.53";"502.55";"48.3";"182.74";"9.73";"685.28";"58.03";"110.78";"6.76";"89.18";"15.99";"4.29";"1.24";"31.9"
"Sékou Mara";"S. Mara";"32311";"2002-07-30";"AJ Auxerre";"65";"FRA - Ligue 1";"3";"2025/2026";"129";"CF";"Center Forward";"75.58";"8";"0";"8437.88";"111.64";"1128.25";"554.12";"54.25";"198.62";"10.38";"752.75";"64.62";"29.32";"30.36";"85.38";"6.25";"70.12";"13.62";"5.25";"0.7";"0.82";"1.5";"1.46";"1.8";"37.38";"1.88";"2.85";"10047.86";"111.64";"1343.53";"659.85";"64.6";"236.52";"12.35";"896.38";"76.96";"101.66";"7.44";"83.51";"16.22";"6.25";"1.79";"44.51"
"Arnau Martínez López";"Arnau Martínez";"32361";"2003-04-25";"Girona FC";"348";"ESP - LaLiga";"4";"2025/2026";"129";"RB";"Full Back";"82.35";"9";"0";"9460.78";"114.88";"1295.44";"431.56";"41.67";"117.78";"6.22";"549.33";"47.89";"28.14";"29.0";"94.33";"4.89";"81.56";"11.56";"3.11";"0.72";"0.82";"1.0";"1.44";"1.55";"29.89";"2.19";"2.93";"10339.42";"114.88";"1415.75";"471.63";"45.54";"128.72";"6.8";"600.35";"52.34";"103.09";"5.34";"89.13";"12.63";"3.4";"1.09";"32.66"
"Moisés Isaac Caicedo Corozo";"M. Caicedo";"32416";"2001-11-02";"Chelsea";"49";"ENG - Premier League";"1";"2025/2026";"129";"LDM";"Midfield";"100.32";"10";"0";"10588.3";"105.55";"1502.4";"458.7";"44.9";"129.6";"6.8";"588.3";"51.7";"28.03";"29.24";"113.9";"6.4";"95.6";"14.9";"4.2";"0.64";"0.76";"1.5";"1.28";"null";"37.5";"2.01";"2.77";"9499.23";"105.55";"1347.87";"411.52";"40.28";"116.27";"6.1";"527.79";"46.38";"102.18";"5.74";"85.77";"13.37";"3.77";"1.35";"33.64"
"Ismaël Doukouré";"I. Doukouré";"32427";"2003-07-24";"RC Strasbourg Alsace";"311";"FRA - Ligue 1";"3";"2025/2026";"129";"LCB";"Central Defender";"98.69";"8";"0";"10521.75";"106.62";"1238.62";"421.62";"42.62";"157.0";"8.62";"578.62";"51.25";"29.25";"30.3";"108.0";"4.88";"82.38";"14.25";"3.25";"0.68";"0.75";"1.38";"1.3";"1.76";"23.75";"2.4";"2.91";"9595.72";"106.62";"1129.61";"384.52";"38.87";"143.18";"7.87";"527.7";"46.74";"98.49";"4.45";"75.13";"13.0";"2.96";"1.25";"21.66"
"Hugo Ekitiké";"H. Ekitiké";"32433";"2002-06-20";"Liverpool Football Club";"2";"ENG - Premier League";"1";"2025/2026";"129";"CF";"Center Forward";"87.65";"15";"0";"9747.0";"111.21";"1440.2";"640.13";"61.73";"233.13";"13.27";"873.27";"75.0";"29.43";"31.6";"111.0";"10.07";"90.53";"18.0";"7.67";"0.63";"0.64";"3.27";"1.17";"1.23";"44.4";"1.91";"2.79";"10008.58";"111.21";"1478.85";"657.31";"63.39";"239.39";"13.62";"896.7";"77.01";"113.98";"10.34";"92.96";"18.48";"7.87";"3.35";"45.59"
"Yéremy Jesús Pino Santos";"Yéremy Pino";"32440";"2002-10-20";"Crystal Palace";"60";"ENG - Premier League";"1";"2025/2026";"129";"AM";"Midfield";"84.12";"15";"0";"9824.53";"116.79";"1602.6";"584.27";"54.93";"149.6";"8.53";"733.87";"63.47";"28.51";"29.88";"112.27";"4.93";"93.27";"13.93";"3.2";"0.74";"0.84";"0.73";"1.33";"null";"51.0";"1.86";"2.62";"10510.85";"116.79";"1714.55";"625.08";"58.77";"160.05";"9.13";"785.13";"67.9";"120.11";"5.28";"99.78";"14.91";"3.42";"0.78";"54.56"
"Matteo Ruggeri";"M. Ruggeri";"32478";"2002-07-11";"Atlético Madrid";"275";"ESP - LaLiga";"4";"2025/2026";"129";"LB";"Full Back";"91.08";"8";"0";"10589.12";"116.26";"1424.12";"651.0";"61.12";"232.38";"13.38";"883.38";"74.5";"29.44";"29.98";"113.38";"7.38";"93.12";"20.88";"5.88";"0.74";"0.74";"3.12";"1.34";"1.35";"43.12";"1.94";"2.69";"10463.42";"116.26";"1407.22";"643.27";"60.4";"229.62";"13.22";"872.89";"73.62";"112.03";"7.29";"92.02";"20.63";"5.81";"3.09";"42.61"
"Ladislav Krejčí";"L. Krejčí";"32545";"1999-04-20";"Wolverhampton Wanderers";"52";"ENG - Premier League";"1";"2025/2026";"129";"LCB";"Central Defender";"94.43";"12";"0";"10288.83";"108.96";"1338.25";"400.42";"36.67";"100.83";"6.0";"501.25";"42.67";"28.12";"29.62";"110.42";"4.67";"87.17";"10.33";"2.67";"0.76";"0.81";"0.67";"1.54";"null";"28.92";"1.92";"2.76";"9806.1";"108.96";"1275.46";"381.63";"34.95";"96.1";"5.72";"477.73";"40.66";"105.24";"4.45";"83.08";"9.85";"2.54";"0.64";"27.56"
"Natan Bernardo de Souza";"Natan";"32806";"2001-02-06";"Real Betis Balompié";"269";"ESP - LaLiga";"4";"2025/2026";"129";"LCB";"Central Defender";"93.42";"17";"0";"8999.59";"96.33";"1042.53";"365.35";"36.71";"131.24";"6.82";"496.59";"43.53";"29.64";"31.58";"116.65";"6.0";"91.88";"15.88";"4.0";"0.61";"0.69";"1.29";"1.34";"1.34";"26.94";"1.97";"2.58";"8669.98";"96.33";"1004.35";"351.97";"35.36";"126.43";"6.57";"478.4";"41.94";"112.37";"5.78";"88.52";"15.3";"3.85";"1.25";"25.95"
"Andrè Trindade da Costa Neto";"André";"32816";"2001-07-16";"Wolverhampton Wanderers";"52";"ENG - Premier League";"1";"2025/2026";"129";"DM";"Midfield";"93.39";"8";"0";"10640.38";"113.94";"1401.62";"372.0";"36.62";"112.12";"5.25";"484.12";"41.88";"28.99";"29.64";"96.38";"4.0";"86.25";"14.75";"2.75";"0.64";"0.75";"0.62";"1.4";"null";"34.38";"2.27";"2.76";"10254.64";"113.94";"1350.81";"358.51";"35.3";"108.06";"5.06";"466.57";"40.36";"92.88";"3.85";"83.12";"14.22";"2.65";"0.6";"33.13"
"Andrè Trindade da Costa Neto";"André";"32816";"2001-07-16";"Wolverhampton Wanderers";"52";"ENG - Premier League";"1";"2025/2026";"129";"RM";"Midfield";"94.87";"9";"0";"10447.56";"110.12";"1329.44";"360.89";"37.0";"102.44";"5.44";"463.33";"42.44";"28.13";"28.98";"102.22";"4.56";"87.33";"12.56";"2.56";"0.65";"0.71";"0.44";"null";"null";"36.89";"2.27";"2.78";"9911.21";"110.12";"1261.19";"342.36";"35.1";"97.19";"5.16";"439.55";"40.27";"96.97";"4.32";"82.85";"11.91";"2.42";"0.42";"35.0"
"João Victor Gomes da Silva";"João Gomes";"32927";"2001-02-12";"Wolverhampton Wanderers";"52";"ENG - Premier League";"1";"2025/2026";"129";"LM";"Midfield";"93.31";"10";"0";"10532.9";"112.88";"1715.0";"647.2";"57.6";"177.4";"10.2";"824.6";"67.8";"28.67";"29.76";"119.2";"5.8";"98.2";"17.2";"4.3";"0.59";"0.59";"1.8";"1.18";"1.24";"49.4";"1.91";"2.68";"10159.45";"112.88";"1654.19";"624.25";"55.56";"171.11";"9.84";"795.36";"65.4";"114.97";"5.59";"94.72";"16.59";"4.15";"1.74";"47.65"
"Otávio Ataide da Silva";"Otávio";"32974";"2002-04-21";"Paris FC";"327";"FRA - Ligue 1";"3";"2025/2026";"129";"LCB";"Central Defender";"97.81";"16";"0";"10373.88";"106.06";"1383.44";"529.88";"55.94";"242.19";"12.88";"772.06";"68.81";"30.42";"31.86";"126.25";"7.62";"100.44";"18.25";"6.0";"0.6";"0.61";"2.12";"1.16";"1.26";"34.81";"1.9";"2.74";"9545.7";"106.06";"1272.99";"487.57";"51.47";"222.85";"11.85";"710.43";"63.32";"116.17";"7.02";"92.42";"16.79";"5.52";"1.96";"32.03"
"Igor Jesus Maciel Da Cruz";"Igor Jesus";"32997";"2001-02-25";"Nottingham Forest";"747";"ENG - Premier League";"1";"2025/2026";"129";"CF";"Center Forward";"83.35";"15";"0";"9028.0";"108.32";"1086.8";"515.2";"59.27";"240.07";"14.47";"755.27";"73.73";"29.95";"31.02";"102.07";"7.73";"78.8";"19.93";"5.6";"0.71";"0.77";"1.67";"1.39";"1.5";"33.93";"1.82";"2.64";"9748.81";"108.32";"1173.57";"556.33";"64.0";"259.23";"15.62";"815.57";"79.62";"110.22";"8.35";"85.09";"21.52";"6.05";"1.8";"36.64"
"Rasmus Winther Højlund";"R. Højlund";"33020";"2003-02-04";"Napoli";"143";"ITA - Serie A";"5";"2025/2026";"129";"CF";"Center Forward";"90.89";"19";"0";"10259.95";"112.89";"1311.0";"614.0";"68.32";"330.37";"17.42";"944.37";"85.74";"31.58";"32.98";"107.74";"7.42";"91.47";"14.68";"5.79";"0.61";"0.65";"2.16";"1.27";"1.34";"40.74";"1.85";"2.73";"10160.03";"112.89";"1298.23";"608.02";"67.65";"327.15";"17.25";"935.17";"84.9";"106.69";"7.35";"90.58";"14.54";"5.73";"2.14";"40.34"
"Joel Bagan";"J. Bagan";"33049";"2001-09-03";"Cardiff City";"61";"ENG - League One";"101";"2025/2026";"129";"LB";"Full Back";"95.84";"27";"0";"10372.19";"108.23";"1512.37";"624.44";"58.22";"206.59";"10.85";"831.04";"69.07";"29.16";"31.1";"113.81";"8.26";"95.37";"17.7";"5.63";"0.55";"0.63";"1.37";"1.27";"1.41";"28.93";"2.01";"2.6";"9740.4";"108.23";"1420.25";"586.41";"54.68";"194.01";"10.19";"780.42";"64.87";"106.88";"7.76";"89.56";"16.63";"5.29";"1.29";"27.16"
"Jack Grimmer";"J. Grimmer";"33052";"1994-01-25";"Wycombe Wanderers";"1546";"ENG - League One";"101";"2025/2026";"129";"RB";"Full Back";"96.47";"19";"0";"10303.58";"106.8";"1435.95";"565.63";"53.79";"164.63";"9.95";"730.26";"63.74";"28.98";"30.62";"113.79";"8.42";"94.84";"18.37";"5.42";"0.58";"0.64";"1.11";"1.11";"1.37";"31.74";"2.03";"2.55";"9612.09";"106.8";"1339.58";"527.67";"50.18";"153.58";"9.28";"681.25";"59.46";"106.15";"7.86";"88.48";"17.14";"5.06";"1.03";"29.61"
"Fred Onyedinma";"F. Onyedinma";"33053";"1996-11-24";"Wycombe Wanderers";"1546";"ENG - League One";"101";"2025/2026";"129";"RW";"Wide Attacker";"90.07";"13";"0";"9323.31";"103.51";"1163.85";"582.69";"66.0";"315.15";"16.15";"897.85";"82.15";"31.14";"32.08";"106.0";"11.23";"85.62";"22.08";"8.62";"0.6";"0.63";"3.92";"1.14";"1.35";"33.54";"1.92";"2.84";"9316.14";"103.51";"1162.95";"582.24";"65.95";"314.91";"16.14";"897.16";"82.09";"105.92";"11.22";"85.55";"22.06";"8.61";"3.92";"33.51"
"Anis Mehmeti";"A. Mehmeti";"33060";"2001-01-09";"Bristol City";"753";"ENG - Championship";"31";"2025/2026";"129";"AM";"Midfield";"94.68";"16";"0";"11205.94";"118.36";"1719.81";"770.94";"72.88";"240.31";"13.62";"1011.25";"86.5";"28.61";"29.68";"113.69";"5.44";"91.31";"14.56";"3.81";"0.72";"0.72";"0.81";"1.41";"1.52";"52.19";"1.87";"2.63";"10652.01";"118.36";"1634.8";"732.83";"69.27";"228.43";"12.95";"961.26";"82.22";"108.07";"5.17";"86.8";"13.84";"3.62";"0.77";"49.61"
"Tyreeq Bakinson";"T. Bakinson";"33063";"1998-10-10";"Leyton Orient FC";"2821";"ENG - League One";"101";"2025/2026";"129";"RDM";"Midfield";"97.18";"8";"0";"10995.25";"113.15";"1674.88";"487.5";"40.75";"98.25";"4.75";"585.75";"45.5";"27.62";"28.44";"108.12";"4.38";"88.25";"10.12";"2.62";"0.68";"0.69";"0.88";"1.74";"null";"25.25";"2.26";"2.89";"10183.19";"113.15";"1551.18";"451.5";"37.74";"90.99";"4.4";"542.49";"42.14";"100.14";"4.05";"81.73";"9.38";"2.43";"0.81";"23.39"
"Rob Dickie";"R. Dickie";"33064";"1996-03-03";"Bristol City";"753";"ENG - Championship";"31";"2025/2026";"129";"CB";"Central Defender";"97.81";"25";"0";"9976.64";"102.0";"1113.2";"334.24";"30.72";"71.24";"4.4";"405.48";"35.12";"27.25";"28.68";"103.96";"3.4";"83.44";"8.2";"2.2";"0.67";"0.74";"0.36";"1.66";"1.81";"20.84";"2.0";"2.9";"9179.64";"102.0";"1024.27";"307.54";"28.27";"65.55";"4.05";"373.09";"32.31";"95.66";"3.13";"76.77";"7.54";"2.02";"0.33";"19.18"
"Dan Barlaser";"D. Barlaser";"33068";"1997-01-18";"Hibernian";"245";"SCO - Premiership";"18";"2025/2026";"129";"DM";"Midfield";"85.99";"13";"0";"10269.77";"119.43";"1827.62";"513.23";"44.15";"90.23";"4.85";"603.46";"49.0";"26.5";"27.96";"108.92";"4.46";"92.62";"12.0";"2.69";"0.66";"0.77";"0.38";"1.4";"null";"31.77";"1.96";"2.68";"10748.88";"119.43";"1912.88";"537.17";"46.21";"94.44";"5.07";"631.61";"51.29";"114.0";"4.67";"96.94";"12.56";"2.82";"0.4";"33.25"
"Michael Ihiekwe";"M. Ihiekwe";"33069";"1992-11-20";"Blackpool";"54";"ENG - League One";"101";"2025/2026";"129";"RCB";"Central Defender";"99.09";"14";"0";"10018.14";"101.1";"1242.64";"399.93";"35.79";"61.07";"3.79";"461.0";"39.57";"26.98";"28.02";"118.64";"5.07";"90.29";"13.0";"3.21";"0.69";"0.75";"0.64";"1.46";"null";"18.5";"1.96";"2.79";"9099.09";"101.1";"1128.64";"363.24";"32.5";"55.47";"3.44";"418.71";"35.94";"107.76";"4.61";"82.0";"11.81";"2.92";"0.58";"16.8"
"Kiernan Dewsbury-Hall";"K. Dewsbury-Hall";"33076";"1998-09-06";"Everton";"41";"ENG - Premier League";"1";"2025/2026";"129";"AM";"Midfield";"95.92";"12";"0";"11265.42";"117.45";"1955.67";"669.5";"60.75";"147.58";"9.08";"817.08";"69.83";"27.18";"28.14";"120.83";"5.25";"96.83";"19.5";"3.75";"0.71";"0.71";"0.83";"1.43";"1.66";"50.42";"1.98";"2.67";"10570.35";"117.45";"1835.0";"628.19";"57.0";"138.48";"8.52";"766.67";"65.52";"113.38";"4.93";"90.86";"18.3";"3.52";"0.78";"47.31"
"Jordan Clark";"J. Clark";"33077";"1993-09-22";"Luton Town";"879";"ENG - League One";"101";"2025/2026";"129";"AM";"Midfield";"93.63";"11";"0";"11164.36";"119.24";"1902.09";"703.36";"62.18";"137.55";"9.09";"840.91";"71.27";"27.5";"27.96";"113.55";"6.36";"90.09";"16.18";"4.64";"0.65";"0.8";"1.09";"1.32";"null";"46.09";"1.78";"2.81";"10732.01";"119.24";"1828.43";"676.13";"59.77";"132.22";"8.74";"808.34";"68.51";"109.15";"6.12";"86.6";"15.56";"4.46";"1.05";"44.31"
"Charlie Goode";"C. Goode";"33078";"1995-08-03";"Stevenage FC";"2817";"ENG - League One";"101";"2025/2026";"129";"RCB";"Central Defender";"99.61";"21";"0";"10054.81";"100.94";"1140.62";"435.81";"42.57";"138.0";"8.05";"573.81";"50.62";"29.12";"30.96";"109.71";"6.19";"82.05";"11.33";"4.71";"0.55";"0.61";"1.38";"1.16";"1.38";"22.19";"1.95";"2.67";"9084.59";"100.94";"1030.56";"393.76";"38.46";"124.68";"7.27";"518.44";"45.73";"99.13";"5.59";"74.13";"10.24";"4.26";"1.25";"20.05"
"Sam McCallum";"S. McCallum";"33081";"2000-09-02";"Sheffield United";"746";"ENG - Championship";"31";"2025/2026";"129";"LB";"Full Back";"85.32";"12";"0";"9339.42";"109.46";"1418.83";"526.92";"45.0";"155.83";"7.5";"682.75";"52.5";"28.75";"30.08";"97.08";"5.67";"78.75";"13.33";"2.75";"0.72";"0.72";"1.33";"1.5";"null";"28.92";"1.88";"2.83";"9851.61";"109.46";"1496.65";"555.81";"47.47";"164.38";"7.91";"720.19";"55.38";"102.41";"5.98";"83.07";"14.06";"2.9";"1.41";"30.5"
"Callum O'Hare";"C. O'Hare";"33082";"1998-05-01";"Sheffield United";"746";"ENG - Championship";"31";"2025/2026";"129";"AM";"Midfield";"88.56";"10";"0";"11131.6";"125.7";"2147.4";"824.0";"72.5";"169.6";"10.8";"993.6";"83.3";"27.64";"28.58";"124.6";"7.3";"101.9";"17.5";"4.6";"0.76";"0.85";"1.0";"1.58";"null";"73.3";"1.9";"2.69";"11313.03";"125.7";"2182.4";"837.43";"73.68";"172.36";"10.98";"1009.79";"84.66";"126.63";"7.42";"103.56";"17.79";"4.67";"1.02";"74.49"
"Callum O'Hare";"C. O'Hare";"33082";"1998-05-01";"Sheffield United";"746";"ENG - Championship";"31";"2025/2026";"129";"LW";"Wide Attacker";"91.89";"10";"0";"11343.9";"123.45";"2081.9";"939.8";"80.7";"208.3";"14.3";"1148.1";"95.0";"27.72";"28.3";"130.9";"7.0";"102.9";"21.3";"4.4";"0.63";"0.71";"1.4";"1.41";"1.88";"77.7";"1.98";"2.67";"11110.17";"123.45";"2039.01";"920.44";"79.04";"204.01";"14.01";"1124.45";"93.04";"128.2";"6.86";"100.78";"20.86";"4.31";"1.37";"76.1"
"Dominic Hyam";"D. Hyam";"33084";"1995-12-20";"Wrexham FC";"3139";"ENG - Championship";"31";"2025/2026";"129";"CB";"Central Defender";"98.1";"16";"0";"10016.94";"102.11";"1128.75";"327.44";"32.44";"88.44";"4.75";"415.88";"37.19";"28.88";"30.68";"108.81";"4.25";"84.25";"10.38";"1.75";"0.75";"0.86";"0.25";"null";"null";"20.19";"2.26";"2.97";"9190.24";"102.11";"1035.59";"300.41";"29.76";"81.14";"4.36";"381.55";"34.12";"99.83";"3.9";"77.3";"9.52";"1.61";"0.23";"18.52"
"Dominic Hyam";"D. Hyam";"33084";"1995-12-20";"Wrexham FC";"3139";"ENG - Championship";"31";"2025/2026";"129";"LCB";"Central Defender";"97.38";"8";"0";"10431.88";"107.12";"1263.0";"375.0";"36.5";"99.5";"6.0";"474.5";"42.5";"27.44";"28.28";"119.75";"5.75";"94.0";"13.38";"3.38";"0.78";"0.78";"0.88";"1.44";"1.44";"23.25";"2.23";"3.05";"9641.17";"107.12";"1167.27";"346.58";"33.73";"91.96";"5.55";"438.53";"39.28";"110.67";"5.31";"86.88";"12.36";"3.12";"0.81";"21.49"
"Kyle McFadzean";"K. McFadzean";"33085";"1987-02-20";"Chesterfield FC";"3361";"ENG - League Two";"204";"2025/2026";"129";"LCB";"Central Defender";"99.36";"15";"0";"9811.67";"98.75";"1052.4";"334.67";"33.67";"88.13";"4.73";"422.8";"38.4";"28.29";"29.88";"110.33";"3.87";"81.87";"11.0";"2.6";"0.69";"0.82";"1.27";"1.58";"2.04";"16.47";"2.18";"2.98";"8887.08";"98.75";"953.23";"303.13";"30.49";"79.83";"4.29";"382.96";"34.78";"99.94";"3.5";"74.15";"9.96";"2.35";"1.15";"14.91"
"Kyle McFadzean";"K. McFadzean";"33085";"1987-02-20";"Chesterfield FC";"3361";"ENG - League Two";"204";"2025/2026";"129";"RCB";"Central Defender";"98.67";"9";"0";"9972.89";"101.07";"1121.56";"341.0";"33.44";"73.89";"4.56";"414.89";"38.0";"28.52";"29.32";"108.67";"3.67";"81.89";"10.11";"1.67";"0.62";"0.62";"0.89";"1.34";"null";"16.22";"2.03";"null";"9096.38";"101.07";"1022.98";"311.03";"30.51";"67.39";"4.16";"378.42";"34.66";"99.12";"3.34";"74.69";"9.22";"1.52";"0.81";"14.8"
"Ben Sheaf";"B. Sheaf";"33088";"1998-02-05";"Wrexham FC";"3139";"ENG - Championship";"31";"2025/2026";"129";"LM";"Midfield";"81.04";"14";"0";"9712.43";"119.85";"1948.43";"478.64";"41.86";"80.0";"4.57";"558.64";"46.43";"26.82";"27.9";"114.14";"4.57";"95.71";"10.86";"2.0";"0.62";"0.85";"0.64";"1.44";"null";"33.07";"2.06";"2.8";"10786.51";"119.85";"2163.9";"531.58";"46.49";"88.85";"5.08";"620.42";"51.56";"126.77";"5.08";"106.3";"12.06";"2.22";"0.71";"36.73"
"Tyrhys Dolan";"T. Dolan";"33094";"2001-12-28";"RCD Espanyol";"271";"ESP - LaLiga";"4";"2025/2026";"129";"RW";"Wide Attacker";"83.02";"14";"0";"10256.57";"123.55";"1784.29";"790.0";"75.07";"249.21";"14.86";"1039.21";"89.93";"28.93";"30.06";"121.86";"6.93";"92.21";"25.79";"4.93";"0.66";"0.78";"1.36";"1.39";"1.52";"63.0";"1.83";"2.57";"11119.35";"123.55";"1934.38";"856.45";"81.39";"270.18";"16.11";"1126.63";"97.49";"132.11";"7.51";"99.97";"27.95";"5.34";"1.47";"68.3"
"Joseph Hungbo";"J. Hungbo";"33105";"2000-01-15";"Wigan Athletic";"38";"ENG - League One";"101";"2025/2026";"129";"LWB";"Full Back";"84.76";"11";"0";"9665.64";"114.04";"1532.91";"526.64";"47.36";"129.18";"7.73";"655.82";"55.09";"27.56";"28.48";"109.64";"7.36";"89.18";"15.09";"5.36";"0.7";"0.71";"1.0";"1.37";"null";"31.0";"2.0";"2.63";"10263.66";"114.04";"1627.75";"559.22";"50.29";"137.17";"8.21";"696.39";"58.5";"116.42";"7.82";"94.7";"16.02";"5.7";"1.06";"32.92"
"Tennai Watson";"T. Watson";"33109";"1997-03-04";"Barnsley FC";"878";"ENG - League One";"101";"2025/2026";"129";"RB";"Full Back";"95.32";"12";"0";"10418.08";"109.29";"1545.42";"598.25";"56.75";"182.5";"9.75";"780.75";"66.5";"29.11";"30.3";"121.58";"7.33";"103.25";"17.25";"4.75";"0.69";"0.69";"1.67";"1.3";"1.3";"28.33";"2.04";"2.63";"9836.54";"109.29";"1459.15";"564.86";"53.58";"172.31";"9.21";"737.17";"62.79";"114.8";"6.92";"97.49";"16.29";"4.48";"1.57";"26.75"
"Oluwafemi Javier Azeez";"O. Azeez";"33110";"2001-06-05";"Millwall FC";"751";"ENG - Championship";"31";"2025/2026";"129";"RW";"Wide Attacker";"87.94";"14";"0";"9521.07";"108.26";"1275.79";"551.5";"57.86";"249.86";"12.14";"801.36";"70.0";"30.36";"31.62";"96.93";"7.79";"77.29";"19.07";"5.36";"0.7";"0.71";"1.79";"1.34";"1.55";"37.14";"2.0";"2.8";"9743.65";"108.26";"1305.61";"564.39";"59.21";"255.7";"12.43";"820.09";"71.64";"99.19";"7.97";"79.09";"19.52";"5.48";"1.83";"38.01"
"Jaidon Anthony";"J. Anthony";"33115";"1999-12-01";"Burnley";"53";"ENG - Premier League";"1";"2025/2026";"129";"LW";"Wide Attacker";"85.45";"14";"0";"9929.93";"116.2";"1510.0";"737.57";"67.43";"286.07";"15.21";"1023.64";"82.64";"29.76";"31.1";"105.14";"8.5";"83.29";"17.57";"6.79";"0.63";"0.67";"2.43";"1.19";"1.45";"51.93";"1.98";"2.75";"10458.09";"116.2";"1590.32";"776.8";"71.02";"301.29";"16.02";"1078.09";"87.04";"110.74";"8.95";"87.72";"18.51";"7.15";"2.56";"54.69"
"Ousmane  Camara";"O. Camara";"33215";"2003-03-06";"Angers SCO";"98";"FRA - Ligue 1";"3";"2025/2026";"129";"RCB";"Central Defender";"98.78";"14";"0";"10717.86";"108.51";"1194.14";"358.43";"32.86";"76.29";"5.0";"434.71";"37.86";"27.36";"29.1";"113.5";"3.86";"91.07";"9.71";"2.36";"0.72";"0.78";"0.57";"1.65";"1.68";"22.5";"1.96";"2.83";"9765.7";"108.51";"1088.06";"326.59";"29.94";"69.51";"4.56";"396.1";"34.49";"103.42";"3.51";"82.98";"8.85";"2.15";"0.52";"20.5"
"Anton Stach";"A. Stach";"33233";"1998-11-15";"Leeds United";"787";"ENG - Premier League";"1";"2025/2026";"129";"LM";"Midfield";"95.31";"13";"0";"11678.77";"122.54";"1815.69";"662.46";"60.0";"202.38";"10.77";"864.85";"70.77";"29.07";"30.18";"108.38";"3.85";"94.23";"11.85";"2.15";"0.69";"0.78";"0.77";"1.36";"1.87";"47.23";"1.93";"2.69";"11028.67";"122.54";"1714.62";"625.59";"56.66";"191.12";"10.17";"816.7";"66.83";"102.35";"3.63";"88.99";"11.19";"2.03";"0.73";"44.6"
"Amadou Mvom Onana";"A. Onana";"33234";"2001-08-16";"Aston Villa";"39";"ENG - Premier League";"1";"2025/2026";"129";"LDM";"Midfield";"84.24";"8";"0";"9588.5";"113.82";"1577.38";"484.62";"43.62";"142.38";"7.25";"627.0";"50.88";"29.18";"30.2";"108.62";"4.0";"88.12";"11.38";"3.0";"0.68";"0.73";"0.88";"1.44";"null";"29.38";"1.9";"2.85";"10243.67";"113.82";"1685.15";"517.74";"46.61";"152.1";"7.75";"669.84";"54.35";"116.05";"4.27";"94.15";"12.15";"3.2";"0.93";"31.38"
"Eric Martel";"E. Martel";"33274";"2002-04-29";"1. FC Köln";"107";"GER - Bundesliga";"6";"2025/2026";"129";"CB";"Central Defender";"99.16";"8";"0";"11435.5";"115.33";"1501.75";"446.0";"38.0";"102.12";"5.75";"548.12";"43.75";"28.11";"28.64";"105.25";"3.88";"87.38";"9.62";"1.75";"0.91";"0.92";"0.5";"null";"null";"30.25";"2.07";"3.04";"10379.53";"115.33";"1363.08";"404.82";"34.49";"92.69";"5.22";"497.51";"39.71";"95.53";"3.52";"79.31";"8.74";"1.59";"0.45";"27.46"
"Nik Prelec";"N. Prelec";"33342";"2001-06-10";"Oxford United";"1588";"ENG - Championship";"31";"2025/2026";"129";"CF";"Center Forward";"79.21";"10";"0";"8483.9";"107.11";"1013.0";"555.5";"57.6";"215.4";"12.7";"770.9";"70.3";"29.84";"30.74";"93.2";"9.0";"75.6";"17.5";"7.6";"0.6";"0.62";"2.2";"1.16";"1.43";"32.7";"2.08";"2.72";"9639.58";"107.11";"1150.99";"631.17";"65.45";"244.74";"14.43";"875.91";"79.88";"105.9";"10.23";"85.9";"19.88";"8.64";"2.5";"37.15"
"Michael Ijemuan Folorunsho";"M. Folorunsho";"33373";"1998-02-07";"Cagliari";"132";"ITA - Serie A";"5";"2025/2026";"129";"LM";"Midfield";"86.3";"11";"0";"9422.36";"109.19";"1221.73";"456.18";"49.0";"199.27";"10.0";"655.45";"59.0";"30.52";"31.98";"94.45";"5.0";"79.45";"16.18";"3.73";"0.66";"0.71";"1.27";"1.19";"null";"33.36";"1.89";"2.77";"9826.85";"109.19";"1274.17";"475.77";"51.1";"207.83";"10.43";"683.59";"61.53";"98.51";"5.21";"82.87";"16.88";"3.89";"1.33";"34.8"
"Jari Vandeputte";"J. Vandeputte";"33389";"1996-02-14";"US Cremonese";"771";"ITA - Serie A";"5";"2025/2026";"129";"LM";"Midfield";"81.79";"11";"0";"9861.36";"120.57";"1706.55";"554.0";"48.27";"156.91";"8.36";"710.91";"56.64";"28.61";"29.98";"104.91";"3.27";"88.27";"11.18";"2.27";"0.71";"0.73";"1.0";"1.4";"null";"40.73";"1.92";"2.56";"10851.72";"120.57";"1877.93";"609.64";"53.12";"172.67";"9.2";"782.3";"62.32";"115.44";"3.6";"97.14";"12.3";"2.5";"1.1";"44.82"
"Andrea Cambiaso";"A. Cambiaso";"33391";"2000-02-20";"Juventus";"139";"ITA - Serie A";"5";"2025/2026";"129";"LWB";"Full Back";"84.2";"11";"0";"10388.0";"123.38";"1581.82";"689.82";"58.36";"210.55";"10.73";"900.36";"69.09";"28.73";"30.08";"108.45";"6.82";"94.18";"16.55";"5.27";"0.69";"0.69";"1.82";"1.3";"1.3";"46.73";"1.9";"2.61";"11103.76";"123.38";"1690.81";"737.35";"62.39";"225.05";"11.47";"962.4";"73.85";"115.93";"7.29";"100.67";"17.69";"5.64";"1.94";"49.95"
"Emanuele Valeri";"E. Valeri";"33403";"1998-12-07";"Parma";"152";"ITA - Serie A";"5";"2025/2026";"129";"LB";"Full Back";"97.98";"8";"0";"10286.38";"104.99";"1204.5";"547.0";"59.88";"335.25";"15.0";"882.25";"74.88";"30.54";"31.1";"103.25";"8.62";"90.88";"16.38";"6.62";"0.61";"0.65";"3.62";"1.2";"1.26";"30.38";"2.09";"2.68";"9448.88";"104.99";"1106.43";"502.46";"55.0";"307.95";"13.78";"810.42";"68.78";"94.84";"7.92";"83.48";"15.04";"6.09";"3.33";"27.9"
"Nicolò Cambiaghi";"N. Cambiaghi";"33460";"2000-12-28";"Bologna";"141";"ITA - Serie A";"5";"2025/2026";"129";"LW";"Wide Attacker";"80.36";"11";"0";"8556.64";"106.48";"1134.0";"545.64";"60.55";"235.0";"13.18";"780.64";"73.73";"30.03";"31.18";"94.18";"8.0";"76.73";"18.09";"6.64";"0.59";"0.65";"3.0";"1.17";"1.4";"45.91";"1.92";"2.68";"9583.2";"106.48";"1270.05";"611.1";"67.81";"263.19";"14.76";"874.29";"82.57";"105.48";"8.96";"85.93";"20.26";"7.43";"3.36";"51.42"
"Idrissa Touré";"I. Touré";"33493";"1998-04-29";"Pisa Sporting Club";"1453";"ITA - Serie A";"5";"2025/2026";"129";"RWB";"Full Back";"95.45";"18";"0";"11092.5";"116.21";"1672.83";"720.61";"65.83";"256.28";"13.22";"976.89";"79.06";"29.7";"31.24";"119.44";"9.56";"100.39";"19.28";"7.17";"0.6";"0.6";"2.39";"1.28";"1.31";"45.0";"1.73";"2.51";"10458.94";"116.21";"1577.29";"679.45";"62.07";"241.64";"12.47";"921.09";"74.54";"112.62";"9.01";"94.66";"18.18";"6.76";"2.25";"42.43"
"Jan Paul van Hecke";"J. van Hecke";"33500";"2000-06-08";"Brighton and Hove Albion";"308";"ENG - Premier League";"1";"2025/2026";"129";"RCB";"Central Defender";"100.78";"22";"0";"10529.09";"104.47";"1367.95";"417.45";"36.14";"112.5";"5.55";"529.95";"41.68";"28.05";"29.9";"104.95";"4.27";"77.77";"9.45";"2.59";"0.74";"0.81";"1.05";"1.46";"null";"22.64";"1.93";"2.87";"9402.6";"104.47";"1221.6";"372.79";"32.27";"100.46";"4.95";"473.26";"37.22";"93.73";"3.82";"69.45";"8.44";"2.31";"0.93";"20.21"
"Million Manhoef";"M. Manhoef";"33520";"2002-01-03";"Stoke City";"46";"ENG - Championship";"31";"2025/2026";"129";"RW";"Wide Attacker";"88.81";"20";"0";"9807.5";"110.44";"1466.55";"766.9";"72.4";"310.15";"16.5";"1077.05";"88.9";"30.2";"31.48";"108.45";"7.9";"84.6";"19.25";"6.1";"0.69";"0.69";"2.4";"1.35";"1.41";"48.9";"1.92";"2.59";"9939.47";"110.44";"1486.28";"777.22";"73.37";"314.32";"16.72";"1091.54";"90.1";"109.91";"8.01";"85.74";"19.51";"6.18";"2.43";"49.56"
"Arkadiusz Pyrka";"A. Pyrka";"33590";"2002-09-20";"FC St. Pauli";"122";"GER - Bundesliga";"6";"2025/2026";"129";"RWB";"Full Back";"93.25";"12";"0";"10530.92";"112.94";"1424.58";"598.0";"61.83";"234.17";"12.92";"832.17";"74.75";"29.97";"31.24";"116.83";"7.67";"98.08";"23.5";"6.0";"0.6";"0.61";"1.25";"1.24";"1.36";"41.67";"1.9";"2.5";"10164.19";"112.94";"1374.97";"577.18";"59.68";"226.01";"12.47";"803.19";"72.15";"112.76";"7.4";"94.67";"22.68";"5.79";"1.21";"40.22"
"Gonçalo Baptista Franco";"Gonçalo Franco";"33644";"2000-11-17";"Swansea City";"55";"ENG - Championship";"31";"2025/2026";"129";"RDM";"Midfield";"91.35";"8";"0";"10649.38";"116.58";"1854.62";"690.88";"58.75";"173.88";"9.88";"864.75";"68.62";"28.07";"28.64";"122.75";"6.5";"100.38";"14.5";"4.38";"0.75";"0.81";"0.88";"1.61";"null";"52.75";"1.99";"2.85";"10492.47";"116.58";"1827.3";"680.7";"57.88";"171.31";"9.73";"852.01";"67.61";"120.94";"6.4";"98.9";"14.29";"4.31";"0.86";"51.97"
"Gonçalo Baptista Franco";"Gonçalo Franco";"33644";"2000-11-17";"Swansea City";"55";"ENG - Championship";"31";"2025/2026";"129";"RM";"Midfield";"86.01";"13";"0";"10447.77";"121.48";"1961.15";"702.85";"59.69";"166.0";"10.54";"868.85";"70.23";"27.55";"28.52";"117.08";"5.46";"94.31";"12.46";"2.62";"0.73";"0.73";"0.69";"1.71";"1.87";"54.08";"1.93";"2.7";"10933.06";"121.48";"2052.25";"735.49";"62.46";"173.71";"11.03";"909.2";"73.49";"122.52";"5.72";"98.69";"13.04";"2.74";"0.72";"56.59"
"Jack Fitzwater";"J. Fitzwater";"33763";"1997-09-23";"Exeter City FC";"2542";"ENG - League One";"101";"2025/2026";"129";"CB";"Central Defender";"99.82";"21";"0";"10728.43";"107.48";"1565.62";"486.43";"41.33";"92.9";"5.48";"579.33";"46.81";"27.24";"29.22";"116.52";"4.48";"87.81";"10.9";"2.76";"0.69";"0.83";"0.57";"1.53";"null";"21.67";"2.02";"2.76";"9672.78";"107.48";"1411.57";"438.57";"37.27";"83.76";"4.94";"522.33";"42.2";"105.06";"4.04";"79.17";"9.83";"2.49";"0.52";"19.53"
"Mitch Pinnock";"M. Pinnock";"33783";"1994-12-12";"Bromley FC";"3700";"ENG - League Two";"204";"2025/2026";"129";"LW";"Wide Attacker";"96.24";"15";"0";"10332.8";"107.36";"1323.13";"562.53";"53.0";"199.87";"11.13";"762.4";"64.13";"29.7";"31.58";"99.2";"6.4";"75.07";"16.47";"4.73";"0.58";"0.79";"1.27";"1.22";"1.52";"37.2";"1.92";"2.6";"9662.84";"107.36";"1237.34";"526.06";"49.56";"186.91";"10.41";"712.97";"59.98";"92.77";"5.99";"70.2";"15.4";"4.43";"1.18";"34.79"
"Mitch Pinnock";"M. Pinnock";"33783";"1994-12-12";"Bromley FC";"3700";"ENG - League Two";"204";"2025/2026";"129";"LWB";"Full Back";"100.24";"10";"0";"10808.1";"107.82";"1483.8";"617.8";"54.5";"186.5";"8.9";"804.3";"63.4";"29.69";"30.84";"108.0";"7.0";"82.1";"16.5";"4.5";"0.72";"0.8";"1.7";"1.38";"null";"34.7";"1.89";"2.8";"9704.0";"107.82";"1332.22";"554.69";"48.93";"167.45";"7.99";"722.14";"56.92";"96.97";"6.28";"73.71";"14.81";"4.04";"1.53";"31.16"
"Kevin Michael Nisbet";"K. Nisbet";"33784";"1997-03-08";"Aberdeen";"246";"SCO - Premiership";"18";"2025/2026";"129";"CF";"Center Forward";"78.75";"12";"0";"8369.25";"106.27";"1038.83";"445.75";"46.58";"176.0";"9.08";"621.75";"55.67";"29.0";"30.36";"94.25";"7.25";"74.08";"16.42";"4.33";"0.7";"0.89";"1.25";"1.34";"null";"27.0";"1.96";"3.12";"9564.52";"106.27";"1187.2";"509.41";"53.24";"201.14";"10.38";"710.55";"63.62";"107.71";"8.29";"84.66";"18.76";"4.95";"1.43";"30.86"
"Josh Doig";"J. Doig";"33786";"2002-05-18";"Sassuolo";"158";"ITA - Serie A";"5";"2025/2026";"129";"LB";"Full Back";"91.97";"18";"0";"10692.67";"116.26";"1565.11";"705.0";"70.56";"339.89";"16.72";"1044.89";"87.28";"30.92";"32.76";"114.06";"7.83";"95.0";"17.94";"6.11";"0.64";"0.66";"2.72";"1.26";"1.42";"49.11";"1.87";"2.44";"10463.06";"116.26";"1531.5";"689.86";"69.04";"332.59";"16.36";"1022.45";"85.4";"111.61";"7.67";"92.96";"17.56";"5.98";"2.66";"48.06"
"Jamie Robson";"J. Robson";"33788";"1997-12-19";"Oldham Athletic AFC";"3952";"ENG - League Two";"204";"2025/2026";"129";"LB";"Full Back";"100.37";"21";"0";"11501.05";"114.58";"1670.81";"713.57";"65.1";"223.71";"11.95";"937.29";"77.05";"29.4";"30.94";"109.9";"8.19";"90.1";"14.33";"5.67";"0.59";"0.64";"1.29";"1.1";"1.44";"40.9";"1.86";"2.64";"10312.31";"114.58";"1498.12";"639.82";"58.37";"200.59";"10.72";"840.41";"69.08";"98.55";"7.34";"80.78";"12.85";"5.08";"1.15";"36.68"
"Louis Appéré";"L. Appéré";"33800";"1999-03-26";"Cambridge United";"1871";"ENG - League Two";"204";"2025/2026";"129";"CF";"Center Forward";"82.78";"18";"0";"9593.28";"115.88";"1326.78";"637.44";"63.83";"219.78";"14.33";"857.22";"78.17";"29.68";"31.0";"99.83";"8.94";"79.39";"15.67";"6.61";"0.58";"0.71";"1.67";"1.43";"1.54";"47.61";"1.86";"2.82";"10429.46";"115.88";"1442.42";"693.01";"69.4";"238.93";"15.58";"931.94";"84.98";"108.54";"9.72";"86.31";"17.03";"7.19";"1.81";"51.76"
"Joël Schmied";"J. Schmied";"33843";"1998-09-23";"1. FC Köln";"107";"GER - Bundesliga";"6";"2025/2026";"129";"RCB";"Central Defender";"98.82";"8";"0";"10545.12";"106.71";"1345.5";"393.62";"39.75";"103.75";"7.0";"497.38";"46.75";"29.07";"30.04";"104.38";"5.25";"85.62";"13.75";"4.0";"0.72";"0.79";"1.75";"1.52";"1.52";"31.12";"2.1";"2.86";"9603.86";"106.71";"1225.4";"358.49";"36.2";"94.49";"6.38";"452.98";"42.58";"95.06";"4.78";"77.98";"12.52";"3.64";"1.59";"28.35"
"Moritz Jenz";"M. Jenz";"33856";"1999-04-30";"VfL Wolfsburg";"106";"GER - Bundesliga";"6";"2025/2026";"129";"RCB";"Central Defender";"101.66";"10";"0";"10492.2";"103.21";"1323.9";"387.3";"35.5";"105.8";"5.6";"493.1";"41.1";"28.98";"29.94";"107.0";"4.7";"81.8";"13.4";"2.5";"0.78";"1.01";"0.6";"1.69";"null";"20.5";"2.24";"2.99";"9288.94";"103.21";"1172.07";"342.88";"31.43";"93.67";"4.96";"436.55";"36.39";"94.73";"4.16";"72.42";"11.86";"2.21";"0.53";"18.15"
"Albian Hajdari";"A. Hajdari";"33868";"2003-05-18";"TSG 1899 Hoffenheim";"113";"GER - Bundesliga";"6";"2025/2026";"129";"LCB";"Central Defender";"95.41";"11";"0";"10663.0";"111.76";"1519.09";"506.36";"42.45";"103.18";"6.18";"609.55";"48.64";"27.35";"28.66";"105.91";"4.55";"84.45";"12.91";"2.27";"0.71";"0.86";"0.91";"1.65";"1.67";"28.64";"2.01";"2.94";"10058.79";"111.76";"1433.01";"477.67";"40.05";"97.34";"5.83";"575.01";"45.88";"99.91";"4.29";"79.67";"12.18";"2.14";"0.86";"27.01"
"Bojan Radulović Samouković";"B. Radulović";"33881";"1999-12-29";"Huddersfield Town";"309";"ENG - League One";"101";"2025/2026";"129";"CF";"Center Forward";"89.85";"14";"0";"10215.86";"113.7";"1499.71";"667.07";"64.43";"198.29";"13.36";"865.36";"77.79";"28.57";"29.68";"106.14";"9.21";"82.43";"19.5";"6.5";"0.64";"0.71";"2.07";"1.32";"1.48";"41.14";"1.96";"2.52";"10233.32";"113.7";"1502.28";"668.21";"64.54";"198.62";"13.38";"866.84";"77.92";"106.32";"9.23";"82.57";"19.53";"6.51";"2.07";"41.21"
"Brian Brobbey";"B. Brobbey";"33986";"2002-02-01";"Sunderland";"35";"ENG - Premier League";"1";"2025/2026";"129";"CF";"Center Forward";"82.02";"11";"0";"8355.45";"101.87";"1126.55";"443.45";"47.91";"158.82";"8.91";"602.27";"56.82";"29.91";"30.7";"94.64";"10.09";"75.91";"20.0";"7.55";"0.64";"0.71";"2.55";"1.23";"1.36";"25.73";"1.9";"2.48";"9168.25";"101.87";"1236.13";"486.59";"52.57";"174.27";"9.78";"660.86";"62.35";"103.84";"11.07";"83.29";"21.95";"8.28";"2.79";"28.23"
"Lesley Chimuanya Ugochukwu";"L. Ugochukwu";"33991";"2004-03-26";"Burnley";"53";"ENG - Premier League";"1";"2025/2026";"129";"RM";"Midfield";"90.82";"9";"0";"10496.11";"115.57";"1643.11";"638.0";"53.44";"158.11";"7.33";"796.11";"60.78";"28.02";"29.18";"108.67";"4.22";"92.22";"14.67";"2.33";"0.66";"0.76";"0.89";"1.29";"null";"28.33";"2.06";"2.91";"10401.3";"115.57";"1628.27";"632.24";"52.96";"156.68";"7.27";"788.92";"60.23";"107.69";"4.18";"91.39";"14.53";"2.31";"0.88";"28.08"
"Folarin Jerry Balogun";"F. Balogun";"34026";"2001-07-03";"AS Monaco";"75";"FRA - Ligue 1";"3";"2025/2026";"129";"CF";"Center Forward";"88.89";"11";"0";"9367.09";"105.38";"1195.36";"560.91";"61.55";"224.18";"13.55";"785.09";"75.09";"30.29";"31.5";"98.09";"10.82";"81.09";"20.45";"7.73";"0.56";"0.62";"2.64";"1.22";"1.27";"41.27";"1.97";"2.6";"9483.8";"105.38";"1210.26";"567.9";"62.31";"226.98";"13.71";"794.87";"76.03";"99.31";"10.95";"82.1";"20.71";"7.82";"2.67";"41.79"
"Malo Gusto";"M. Gusto";"34083";"2003-05-19";"Chelsea";"49";"ENG - Premier League";"1";"2025/2026";"129";"RB";"Full Back";"89.39";"10";"0";"9878.5";"110.51";"1526.2";"697.9";"64.5";"221.8";"13.1";"919.7";"77.6";"29.11";"30.08";"118.8";"9.1";"94.8";"22.3";"6.1";"0.66";"0.71";"2.0";"1.24";"1.29";"44.5";"1.91";"2.66";"9946.1";"110.51";"1536.64";"702.68";"64.94";"223.32";"13.19";"925.99";"78.13";"119.61";"9.16";"95.45";"22.45";"6.14";"2.01";"44.8"
"Giorgio  Scalvini";"G. Scalvini";"34088";"2003-12-11";"Atalanta";"130";"ITA - Serie A";"5";"2025/2026";"129";"RCB";"Central Defender";"83.06";"9";"0";"9791.89";"117.89";"1420.89";"398.11";"34.11";"63.78";"4.56";"461.89";"38.67";"27.06";"27.84";"98.0";"4.0";"77.78";"8.78";"2.78";"0.83";"null";"0.44";"null";"null";"25.78";"2.2";"3.01";"10609.9";"117.89";"1539.59";"431.37";"36.96";"69.11";"4.94";"500.47";"41.9";"106.19";"4.33";"84.28";"9.51";"3.01";"0.48";"27.93"
"Tomáš  Rigo";"T. Rigo";"34107";"2002-07-03";"Stoke City";"46";"ENG - Championship";"31";"2025/2026";"129";"RDM";"Midfield";"85.35";"8";"0";"10205.12";"119.57";"1680.25";"564.88";"46.75";"112.12";"6.0";"677.0";"52.75";"27.68";"28.56";"105.75";"3.88";"88.62";"10.25";"1.75";"0.79";"0.8";"0.38";"null";"null";"37.75";"1.93";"2.67";"10761.38";"119.57";"1771.84";"595.66";"49.3";"118.24";"6.33";"713.9";"55.63";"111.51";"4.09";"93.46";"10.81";"1.85";"0.4";"39.81"
"Ivan Azón Monzón";"Ivan Azón";"34159";"2002-12-24";"Ipswich Town";"752";"ENG - Championship";"31";"2025/2026";"129";"CF";"Center Forward";"75.45";"8";"0";"8411.5";"111.48";"1178.38";"601.12";"63.0";"290.38";"16.38";"891.5";"79.38";"30.48";"31.4";"90.25";"8.88";"73.88";"16.62";"7.62";"0.67";"0.79";"3.0";"1.35";"1.61";"49.5";"1.92";"2.79";"10033.04";"111.48";"1405.54";"717.01";"75.14";"346.35";"19.53";"1063.36";"94.68";"107.65";"10.59";"88.12";"19.83";"9.09";"3.58";"59.04"
"Saúl Basilio Coco-Bassey Oubiña";"Saúl Coco";"34181";"1999-02-09";"Torino";"146";"ITA - Serie A";"5";"2025/2026";"129";"LCB";"Central Defender";"98.4";"17";"0";"10385.12";"105.54";"1230.65";"417.71";"40.24";"147.59";"7.65";"565.29";"47.88";"29.05";"30.54";"108.94";"6.41";"85.65";"12.29";"3.94";"0.64";"0.72";"1.12";"1.28";"1.39";"30.41";"1.95";"2.75";"9498.58";"105.54";"1125.59";"382.05";"36.8";"134.99";"6.99";"517.04";"43.79";"99.64";"5.86";"78.34";"11.24";"3.6";"1.02";"27.82"
"Bali Mumba";"B. Mumba";"34204";"2001-10-08";"Plymouth Argyle";"1728";"ENG - League One";"101";"2025/2026";"129";"LW";"Wide Attacker";"96.53";"12";"0";"10572.92";"109.52";"1404.75";"614.58";"59.42";"224.42";"12.0";"839.0";"71.42";"29.58";"31.14";"98.83";"8.0";"79.08";"16.75";"5.67";"0.62";"0.67";"1.42";"1.38";"1.69";"41.67";"1.99";"2.72";"9857.2";"109.52";"1309.66";"572.98";"55.39";"209.23";"11.19";"782.21";"66.58";"92.14";"7.46";"73.73";"15.62";"5.28";"1.32";"38.85"
"Charlie Kelman";"C. Kelman";"34208";"2001-11-02";"Charlton Athletic";"877";"ENG - Championship";"31";"2025/2026";"129";"CF";"Center Forward";"74.0";"12";"0";"8184.25";"110.59";"1103.58";"516.0";"52.25";"181.17";"10.67";"697.17";"62.92";"29.61";"30.64";"83.83";"6.17";"67.75";"12.0";"4.75";"0.68";"0.68";"2.33";"1.36";"1.37";"28.33";"1.94";"2.86";"9953.26";"110.59";"1342.12";"627.53";"63.54";"220.33";"12.97";"847.86";"76.52";"101.95";"7.5";"82.39";"14.59";"5.78";"2.84";"34.46"
"Danny Finlayson";"D. Finlayson";"34250";"2001-01-19";"Livingston FC";"1477";"SCO - Premiership";"18";"2025/2026";"129";"RB";"Full Back";"94.7";"9";"0";"10617.78";"112.12";"1529.33";"738.0";"66.22";"224.0";"13.22";"962.0";"79.44";"28.36";"28.76";"120.44";"8.33";"101.11";"21.33";"6.0";"0.74";"0.94";"1.56";"1.61";"2.13";"31.33";"2.18";"2.79";"10091.01";"112.12";"1453.46";"701.39";"62.94";"212.89";"12.57";"914.27";"75.5";"114.47";"7.92";"96.09";"20.27";"5.7";"1.48";"29.78"
"Danny Finlayson";"D. Finlayson";"34250";"2001-01-19";"Livingston FC";"1477";"SCO - Premiership";"18";"2025/2026";"129";"RCB";"Central Defender";"97.31";"9";"0";"10622.33";"109.16";"1412.78";"549.89";"52.44";"184.11";"10.78";"734.0";"63.22";"28.64";"29.4";"108.78";"6.67";"88.78";"13.44";"4.11";"0.71";"0.74";"0.33";"null";"null";"23.56";"2.35";"2.89";"9824.82";"109.16";"1306.71";"508.6";"48.51";"170.29";"9.97";"678.89";"58.48";"100.61";"6.17";"82.11";"12.44";"3.8";"0.31";"21.79"
"Marcus Holmgren Pedersen ";"M. Pedersen";"34400";"2000-07-16";"Torino";"146";"ITA - Serie A";"5";"2025/2026";"129";"RWB";"Full Back";"88.71";"15";"0";"10446.27";"117.76";"1584.6";"766.4";"80.47";"411.53";"20.4";"1177.93";"100.87";"32.26";"33.76";"116.93";"10.07";"91.0";"28.47";"8.87";"0.65";"0.7";"3.6";"1.11";"1.22";"41.33";"1.95";"2.67";"10598.17";"117.76";"1607.64";"777.54";"81.64";"417.52";"20.7";"1195.06";"102.33";"118.63";"10.21";"92.32";"28.88";"9.0";"3.65";"41.93"
"Jack Taylor";"J. Taylor";"34507";"1998-06-23";"Ipswich Town";"752";"ENG - Championship";"31";"2025/2026";"129";"LDM";"Midfield";"81.52";"13";"0";"9469.38";"116.16";"1521.23";"426.92";"40.38";"94.38";"5.23";"521.31";"45.62";"28.03";"29.86";"90.46";"3.31";"77.15";"9.23";"2.08";"0.64";"0.76";"0.62";"1.47";"null";"27.0";"1.96";"2.79";"10454.69";"116.16";"1679.52";"471.34";"44.59";"104.21";"5.78";"575.55";"50.36";"99.87";"3.65";"85.18";"10.19";"2.29";"0.68";"29.81"
"Kristjan Asllani";"K. Asllani";"34578";"2002-03-09";"Torino";"146";"ITA - Serie A";"5";"2025/2026";"129";"DM";"Midfield";"89.82";"9";"0";"11229.33";"125.01";"2140.33";"435.67";"34.89";"75.22";"3.78";"510.89";"38.67";"26.11";"27.02";"105.33";"2.33";"89.11";"8.56";"1.33";"0.95";"null";"0.33";"null";"null";"38.33";"2.23";"2.83";"11251.33";"125.01";"2144.53";"436.52";"34.96";"75.37";"3.79";"511.89";"38.74";"105.54";"2.34";"89.29";"8.57";"1.34";"0.33";"38.41"
"Aaron Pressley";"A. Pressley";"34595";"2001-11-07";"Walsall FC";"2508";"ENG - League Two";"204";"2025/2026";"129";"CF";"Center Forward";"83.2";"16";"0";"9904.25";"119.04";"1609.81";"665.75";"67.94";"167.75";"11.25";"833.5";"79.19";"28.76";"29.9";"114.31";"10.0";"89.56";"22.31";"6.94";"0.58";"0.59";"1.75";"1.34";"1.5";"45.06";"1.97";"2.61";"10713.46";"119.04";"1741.34";"720.14";"73.49";"181.46";"12.17";"901.6";"85.66";"123.65";"10.82";"96.88";"24.14";"7.5";"1.89";"48.74"
"Daniel Svensson";"D. Svensson";"34657";"2002-02-12";"Borussia Dortmund";"103";"GER - Bundesliga";"6";"2025/2026";"129";"LWB";"Full Back";"98.84";"17";"0";"12627.18";"127.75";"2207.0";"980.12";"82.88";"277.29";"15.71";"1257.41";"98.59";"28.75";"29.84";"130.18";"8.94";"114.29";"18.71";"6.41";"0.61";"0.67";"1.65";"1.21";"1.37";"64.29";"1.93";"2.47";"11497.47";"127.75";"2009.55";"892.43";"75.47";"252.49";"14.3";"1144.92";"89.77";"118.53";"8.14";"104.07";"17.03";"5.84";"1.5";"58.54"
"Carlos Álvarez Rivera";"Carlos Álvarez";"34671";"2003-08-06";"Levante UD";"281";"ESP - LaLiga";"4";"2025/2026";"129";"RW";"Wide Attacker";"86.19";"10";"0";"9669.7";"112.19";"1344.7";"470.1";"44.0";"111.3";"7.3";"581.4";"51.3";"27.44";"28.6";"100.1";"5.9";"78.4";"19.0";"3.3";"0.71";"0.72";"0.8";"1.69";"1.9";"40.6";"2.08";"2.55";"10097.34";"112.19";"1404.17";"490.89";"45.95";"116.22";"7.62";"607.11";"53.57";"104.53";"6.16";"81.87";"19.84";"3.45";"0.84";"42.4"
"Jake Reeves";"J. Reeves";"34694";"1993-05-30";"AFC Wimbledon";"1873";"ENG - League One";"101";"2025/2026";"129";"DM";"Midfield";"95.63";"15";"0";"11262.67";"117.77";"2254.67";"591.47";"42.73";"58.6";"2.6";"650.07";"45.33";"25.95";"27.24";"118.67";"3.47";"100.53";"8.87";"1.93";"0.82";"1.0";"0.13";"null";"null";"36.6";"1.93";"2.72";"10599.36";"117.77";"2121.88";"556.63";"40.22";"55.15";"2.45";"611.78";"42.66";"111.68";"3.26";"94.61";"8.34";"1.82";"0.13";"34.44"
"Kyle Wootton";"K. Wootton";"34699";"1996-10-11";"Stockport County FC";"2820";"ENG - League One";"101";"2025/2026";"129";"CF";"Center Forward";"97.39";"29";"0";"10483.03";"107.64";"1556.69";"695.52";"65.69";"177.14";"11.76";"872.66";"77.45";"28.2";"29.72";"115.76";"10.38";"89.9";"22.21";"6.41";"0.66";"0.67";"1.28";"1.49";"1.59";"35.66";"1.79";"2.79";"9687.84";"107.64";"1438.61";"642.76";"60.71";"163.7";"10.87";"806.46";"71.57";"106.98";"9.59";"83.08";"20.52";"5.93";"1.18";"32.95"
"Elliott Anderson";"E. Anderson";"34841";"2002-11-06";"Nottingham Forest";"747";"ENG - Premier League";"1";"2025/2026";"129";"LDM";"Midfield";"99.79";"18";"0";"11703.78";"117.29";"2041.22";"694.0";"59.5";"130.33";"8.0";"824.33";"67.5";"27.58";"29.16";"122.89";"5.39";"102.83";"18.61";"3.39";"0.71";"0.72";"0.67";"1.47";"1.53";"50.5";"1.96";"2.66";"10555.78";"117.29";"1841.0";"625.93";"53.66";"117.55";"7.22";"743.48";"60.88";"110.84";"4.86";"92.75";"16.79";"3.06";"0.6";"45.55"
"Kevin Schade";"K. Schade";"34850";"2001-11-27";"Brentford FC";"754";"ENG - Premier League";"1";"2025/2026";"129";"LW";"Wide Attacker";"93.46";"15";"0";"9669.0";"103.45";"1184.0";"653.4";"77.53";"443.73";"20.93";"1097.13";"98.47";"32.46";"33.88";"101.67";"13.93";"89.4";"19.8";"11.33";"0.57";"0.59";"5.13";"1.06";"1.16";"42.27";"1.98";"2.79";"9310.6";"103.45";"1140.11";"629.18";"74.66";"427.29";"20.16";"1056.47";"94.82";"97.9";"13.42";"86.09";"19.07";"10.91";"4.94";"40.7"
"Angelo Stiller";"A. Stiller";"34908";"2001-04-04";"VfB Stuttgart";"115";"GER - Bundesliga";"6";"2025/2026";"129";"LDM";"Midfield";"97.51";"11";"0";"11462.82";"117.56";"1768.82";"460.55";"37.82";"66.55";"3.82";"527.09";"41.64";"25.91";"26.96";"104.64";"3.27";"90.18";"11.73";"1.55";"0.74";"1.19";"0.27";"1.94";"null";"35.09";"1.99";"2.67";"10580.41";"117.56";"1632.65";"425.09";"34.91";"61.42";"3.52";"486.52";"38.43";"96.58";"3.02";"83.24";"10.82";"1.43";"0.25";"32.39"
"Iván Romero De Avila Araque";"Iván Romero";"34932";"2001-04-10";"Levante UD";"281";"ESP - LaLiga";"4";"2025/2026";"129";"CF";"Center Forward";"84.33";"14";"0";"10082.14";"119.56";"1461.29";"562.64";"55.21";"183.0";"11.57";"745.64";"66.79";"29.21";"30.46";"105.0";"7.86";"87.14";"15.93";"5.36";"0.68";"0.7";"1.64";"1.26";"1.32";"52.43";"1.99";"2.8";"10760.21";"119.56";"1559.56";"600.48";"58.93";"195.31";"12.35";"795.79";"71.28";"112.06";"8.39";"93.0";"17.0";"5.72";"1.75";"55.95"
"Ben Nelson";"B. Nelson";"34941";"2004-03-18";"Leicester City";"62";"ENG - Championship";"31";"2025/2026";"129";"LCB";"Central Defender";"100.08";"8";"0";"10335.0";"103.27";"1313.25";"442.88";"45.62";"166.38";"9.12";"609.25";"54.75";"30.15";"31.0";"115.75";"7.5";"91.62";"14.62";"4.5";"0.66";"0.7";"1.75";"1.31";"null";"27.38";"1.96";"2.94";"9293.95";"103.27";"1180.97";"398.26";"41.03";"149.62";"8.21";"547.88";"49.23";"104.09";"6.74";"82.4";"13.15";"4.05";"1.57";"24.62"
"Sam Bell";"S. Bell";"34972";"2002-05-23";"Wycombe Wanderers";"1546";"ENG - League One";"101";"2025/2026";"129";"LW";"Wide Attacker";"89.81";"9";"0";"10383.44";"115.62";"1619.78";"792.0";"74.44";"315.33";"16.11";"1107.33";"90.56";"30.4";"31.0";"116.89";"9.22";"91.22";"21.0";"6.67";"0.68";"0.81";"1.78";"1.29";"1.64";"45.89";"1.97";"2.66";"10405.5";"115.62";"1623.22";"793.68";"74.6";"316.0";"16.15";"1109.69";"90.75";"117.14";"9.24";"91.42";"21.04";"6.68";"1.78";"45.99"
"Lorenzo Bernasconi";"L. Bernasconi";"35006";"2003-11-16";"Atalanta";"130";"ITA - Serie A";"5";"2025/2026";"129";"LWB";"Full Back";"89.67";"10";"0";"9841.9";"109.76";"1382.7";"652.4";"64.8";"346.9";"16.3";"999.3";"81.1";"31.59";"32.56";"105.0";"11.0";"90.5";"17.1";"8.6";"0.62";"0.65";"3.7";"1.25";"1.25";"38.4";"2.09";"2.64";"9878.49";"109.76";"1387.84";"654.83";"65.04";"348.19";"16.36";"1003.01";"81.4";"105.39";"11.04";"90.84";"17.16";"8.63";"3.71";"38.54"
"Vítor Manuel Carvalho Oliveira";"Vitinha";"35032";"2000-03-15";"Genoa";"135";"ITA - Serie A";"5";"2025/2026";"129";"CF";"Center Forward";"79.22";"13";"0";"9008.77";"113.71";"1218.92";"573.38";"58.15";"220.62";"12.85";"794.0";"71.0";"29.61";"30.82";"93.62";"9.0";"74.38";"15.31";"6.85";"0.67";"0.74";"2.62";"1.19";"1.42";"48.0";"1.98";"2.65";"10234.09";"113.71";"1384.71";"651.37";"66.06";"250.62";"14.59";"902.0";"80.66";"106.35";"10.22";"84.5";"17.39";"7.78";"2.97";"54.53"
"Bojan Miovski";"B. Miovski";"35225";"1999-06-24";"Rangers";"241";"SCO - Premiership";"18";"2025/2026";"129";"CF";"Center Forward";"85.65";"11";"0";"9898.82";"115.58";"1594.64";"642.73";"55.36";"160.36";"9.91";"803.09";"65.27";"28.35";"29.5";"98.91";"6.73";"82.27";"12.09";"5.18";"0.61";"0.66";"1.45";"1.19";"null";"50.18";"1.96";"2.87";"10401.93";"115.58";"1675.68";"675.39";"58.18";"168.51";"10.41";"843.91";"68.59";"103.94";"7.07";"86.45";"12.71";"5.45";"1.53";"52.73"
"Jeriel Dorsett";"J. Dorsett";"35302";"2002-05-04";"Reading";"59";"ENG - League One";"101";"2025/2026";"129";"LB";"Full Back";"88.11";"14";"0";"9230.71";"104.76";"1256.21";"445.93";"44.43";"126.64";"7.64";"572.57";"52.07";"28.47";"29.94";"102.5";"5.79";"85.14";"15.0";"3.14";"0.74";"0.76";"0.5";"1.69";"null";"23.64";"2.13";"2.72";"9428.39";"104.76";"1283.12";"455.48";"45.38";"129.35";"7.81";"584.83";"53.19";"104.69";"5.91";"86.97";"15.32";"3.21";"0.51";"24.15"
"Omar El Hilali";"O. El Hilali";"35339";"2003-09-12";"RCD Espanyol";"271";"ESP - LaLiga";"4";"2025/2026";"129";"RB";"Full Back";"92.43";"17";"0";"9911.65";"107.23";"1229.41";"461.24";"49.82";"181.82";"10.59";"643.06";"60.41";"29.64";"31.52";"109.47";"5.71";"88.24";"16.47";"4.71";"0.72";"0.76";"1.53";"1.48";"1.5";"34.94";"1.76";"2.67";"9650.72";"107.23";"1197.05";"449.09";"48.51";"177.04";"10.31";"626.13";"58.82";"106.59";"5.56";"85.91";"16.04";"4.58";"1.49";"34.02"
"Nicholas Williams Arthuer";"Nico Williams";"35342";"2002-07-12";"Athletic Club de Bilbao";"273";"ESP - LaLiga";"4";"2025/2026";"129";"LW";"Wide Attacker";"84.57";"13";"0";"8660.77";"102.41";"1131.69";"557.38";"58.15";"203.54";"12.54";"760.92";"70.69";"29.45";"30.96";"102.0";"8.0";"80.08";"19.92";"6.46";"0.64";"0.66";"3.0";"1.15";"1.19";"45.85";"1.91";"2.61";"9216.66";"102.41";"1204.33";"593.16";"61.89";"216.6";"13.34";"809.76";"75.23";"108.55";"8.51";"85.22";"21.2";"6.88";"3.19";"48.79"
"Stephen Duke-McKenna";"S. Duke-McKenna";"35447";"2000-08-17";"Harrogate Town FC";"2818";"ENG - League Two";"204";"2025/2026";"129";"LW";"Wide Attacker";"88.95";"8";"0";"10123.25";"113.81";"1411.0";"615.62";"60.75";"219.25";"13.75";"834.88";"74.5";"29.51";"30.48";"103.75";"8.0";"77.25";"18.75";"5.0";"0.66";"0.75";"1.88";"1.36";"1.58";"50.38";"2.0";"2.85";"10243.23";"113.81";"1427.72";"622.92";"61.47";"221.85";"13.91";"844.77";"75.38";"104.98";"8.09";"78.17";"18.97";"5.06";"1.9";"50.97"
"Jackson Tchatchoua";"J. Tchatchoua";"35454";"2001-09-14";"Wolverhampton Wanderers";"52";"ENG - Premier League";"1";"2025/2026";"129";"RWB";"Full Back";"92.49";"11";"0";"10381.45";"112.24";"1510.64";"681.73";"71.0";"355.82";"16.55";"1037.55";"87.55";"33.1";"34.26";"117.36";"11.27";"93.0";"26.45";"8.55";"0.58";"0.59";"3.0";"1.04";"1.13";"40.27";"1.99";"2.53";"10101.7";"112.24";"1469.93";"663.36";"69.09";"346.23";"16.1";"1009.59";"85.19";"114.2";"10.97";"90.49";"25.74";"8.32";"2.92";"39.19"
"Charlie Cresswell";"C. Cresswell";"35475";"2002-08-17";"Toulouse FC";"74";"FRA - Ligue 1";"3";"2025/2026";"129";"CB";"Central Defender";"99.5";"20";"0";"10909.75";"109.64";"1378.45";"438.0";"38.15";"119.3";"6.5";"557.3";"44.65";"28.73";"30.82";"118.35";"4.8";"85.9";"12.35";"2.6";"0.76";"0.94";"0.85";"1.45";"1.75";"25.4";"2.03";"2.84";"9867.87";"109.64";"1246.81";"396.17";"34.51";"107.91";"5.88";"504.08";"40.39";"107.05";"4.34";"77.7";"11.17";"2.35";"0.77";"22.97"
"Nicolò Fagioli";"N. Fagioli";"35512";"2001-02-12";"Fiorentina";"138";"ITA - Serie A";"5";"2025/2026";"129";"DM";"Midfield";"88.69";"10";"0";"11021.8";"124.27";"1975.0";"457.0";"35.6";"69.1";"3.8";"526.1";"39.4";"26.4";"27.74";"93.6";"2.6";"79.9";"9.1";"1.7";"0.8";"0.81";"0.4";"1.63";"1.63";"38.9";"1.95";"2.67";"11183.97";"124.27";"2004.06";"463.72";"36.12";"70.12";"3.86";"533.84";"39.98";"94.98";"2.64";"81.08";"9.23";"1.73";"0.41";"39.47"
"Kgaogelo Chauke";"K. Chauke";"35521";"2003-01-08";"Burton Albion";"1874";"ENG - League One";"101";"2025/2026";"129";"RM";"Midfield";"97.4";"15";"0";"11356.53";"116.6";"2017.0";"692.67";"61.2";"135.53";"8.4";"828.2";"69.6";"28.11";"29.94";"122.53";"7.2";"101.6";"13.6";"4.27";"0.58";"0.66";"1.07";"1.26";"1.48";"49.13";"1.93";"2.6";"10494.08";"116.6";"1863.82";"640.06";"56.55";"125.24";"7.76";"765.3";"64.31";"113.23";"6.65";"93.88";"12.57";"3.94";"0.99";"45.4"
"Marvin Pieringer";"M. Pieringer";"35613";"1999-10-04";"1. FC Heidenheim 1846";"763";"GER - Bundesliga";"6";"2025/2026";"129";"CF";"Center Forward";"84.94";"10";"0";"10111.8";"119.04";"1562.1";"647.8";"59.5";"163.5";"9.6";"811.3";"69.1";"27.97";"28.78";"103.4";"6.6";"88.9";"11.5";"4.7";"0.73";"0.9";"0.9";"1.7";"null";"41.3";"1.88";"2.79";"10713.96";"119.04";"1655.12";"686.38";"63.04";"173.24";"10.17";"859.61";"73.21";"109.56";"6.99";"94.19";"12.18";"4.98";"0.95";"43.76"
"Moriba Kourouma Kourouma";"Ilaix Moriba";"35630";"2003-01-19";"RC Celta de Vigo";"285";"ESP - LaLiga";"4";"2025/2026";"129";"LM";"Midfield";"98.03";"13";"0";"11762.0";"119.98";"1965.15";"573.62";"50.92";"108.08";"6.23";"681.69";"57.15";"27.22";"28.22";"128.08";"4.31";"107.38";"17.15";"2.77";"0.68";"0.74";"0.46";"1.67";"null";"51.62";"1.87";"2.53";"10798.16";"119.98";"1804.12";"526.61";"46.75";"99.22";"5.72";"625.83";"52.47";"117.58";"3.95";"98.58";"15.75";"2.54";"0.42";"47.39"
"Luca Connell";"L. Connell";"35662";"2001-04-20";"Barnsley FC";"878";"ENG - League One";"101";"2025/2026";"129";"LDM";"Midfield";"99.14";"18";"0";"11166.67";"112.64";"1529.0";"418.89";"34.67";"92.33";"4.33";"511.22";"39.0";"27.65";"29.98";"112.89";"4.39";"93.94";"8.83";"2.67";"0.65";"0.71";"0.72";"1.32";"1.38";"22.67";"2.11";"2.69";"10137.67";"112.64";"1388.1";"380.29";"31.47";"83.82";"3.93";"464.11";"35.41";"102.49";"3.98";"85.29";"8.02";"2.42";"0.66";"20.58"
"Yerson Mosquera Valdelamar";"Y. Mosquera";"35740";"2001-05-02";"Wolverhampton Wanderers";"52";"ENG - Premier League";"1";"2025/2026";"129";"RCB";"Central Defender";"96.32";"12";"0";"9815.08";"101.9";"1104.42";"452.33";"50.0";"289.42";"12.08";"741.75";"62.08";"31.82";"32.84";"116.25";"8.5";"90.25";"18.75";"6.42";"0.63";"0.73";"3.08";"1.24";"1.4";"30.83";"2.13";"2.75";"9170.99";"101.9";"1031.94";"422.65";"46.72";"270.42";"11.29";"693.07";"58.01";"108.62";"7.94";"84.33";"17.52";"6.0";"2.88";"28.81"
"Nigel Lonwijk";"N. Lonwijk";"35859";"2002-10-27";"Luton Town";"879";"ENG - League One";"101";"2025/2026";"129";"RB";"Full Back";"97.33";"13";"0";"10024.69";"103.0";"1308.38";"460.77";"46.0";"166.85";"7.85";"627.62";"53.85";"29.53";"31.04";"103.92";"6.62";"84.0";"14.08";"4.85";"0.68";"0.69";"1.77";"1.32";"1.39";"24.77";"1.99";"2.87";"9269.77";"103.0";"1209.86";"426.07";"42.54";"154.28";"7.26";"580.35";"49.79";"96.1";"6.12";"77.67";"13.02";"4.48";"1.64";"22.9"
"Stephen Humphrys";"S. Humphrys";"35879";"1997-09-15";"Bradford City AFC";"2810";"ENG - League One";"101";"2025/2026";"129";"CF";"Center Forward";"85.24";"17";"0";"8766.06";"102.84";"1108.88";"498.06";"52.47";"210.06";"12.29";"708.12";"64.76";"30.34";"31.54";"93.82";"8.88";"71.88";"13.88";"4.94";"0.63";"0.75";"1.88";"1.22";"1.38";"33.0";"1.9";"3.0";"9255.24";"102.84";"1170.76";"525.85";"55.4";"221.78";"12.98";"747.63";"68.38";"99.06";"9.38";"75.89";"14.66";"5.22";"1.99";"34.84"
"Jake Beesley";"J. Beesley";"35882";"1996-12-02";"Burton Albion";"1874";"ENG - League One";"101";"2025/2026";"129";"CF";"Center Forward";"97.97";"29";"0";"11355.14";"115.91";"1489.0";"697.41";"74.66";"269.34";"17.41";"966.76";"92.07";"29.98";"31.7";"111.66";"12.66";"85.79";"18.34";"8.9";"0.61";"0.63";"2.79";"1.19";"1.38";"49.41";"1.75";"2.59";"10431.61";"115.91";"1367.9";"640.69";"68.58";"247.44";"16.0";"888.13";"84.58";"102.57";"11.63";"78.82";"16.85";"8.17";"2.57";"45.39"
"Ethan Craig Brierley";"E. Brierley";"35892";"2003-11-23";"Exeter City FC";"2542";"ENG - League One";"101";"2025/2026";"129";"LM";"Midfield";"94.22";"14";"0";"11520.71";"122.27";"2243.71";"645.43";"56.36";"122.07";"7.71";"767.5";"64.07";"27.51";"28.6";"123.71";"4.79";"104.14";"15.21";"3.14";"0.67";"0.72";"0.71";"1.32";"1.53";"47.71";"1.84";"2.65";"11004.69";"122.27";"2143.22";"616.52";"53.83";"116.6";"7.37";"733.12";"61.2";"118.17";"4.57";"99.48";"14.53";"3.0";"0.68";"45.58"
"Ethan Craig Brierley";"E. Brierley";"35892";"2003-11-23";"Exeter City FC";"2542";"ENG - League One";"101";"2025/2026";"129";"RM";"Midfield";"95.88";"13";"0";"11514.62";"120.1";"2166.46";"644.31";"51.23";"109.69";"5.77";"754.0";"57.0";"27.37";"29.0";"120.92";"4.38";"104.77";"14.62";"2.15";"0.64";"0.71";"0.46";"1.49";"null";"46.31";"1.97";"2.71";"10808.81";"120.1";"2033.66";"604.81";"48.09";"102.97";"5.42";"707.78";"53.51";"113.51";"4.12";"98.35";"13.72";"2.02";"0.43";"43.47"
"Harvey Rodgers";"H. Rodgers";"35894";"1996-10-20";"Grimsby Town FC";"2807";"ENG - League Two";"204";"2025/2026";"129";"RB";"Full Back";"99.82";"28";"0";"10868.36";"108.88";"1424.39";"676.25";"62.61";"232.29";"12.29";"908.54";"74.89";"29.75";"30.88";"115.68";"8.64";"92.93";"17.39";"5.82";"0.63";"0.64";"1.93";"1.29";"1.38";"35.64";"1.77";"2.81";"9799.6";"108.88";"1284.32";"609.75";"56.45";"209.44";"11.08";"819.19";"67.53";"104.3";"7.79";"83.79";"15.68";"5.25";"1.74";"32.14"
"Colby  Bishop";"C. Bishop";"35896";"1996-11-04";"Portsmouth";"50";"ENG - Championship";"31";"2025/2026";"129";"CF";"Center Forward";"95.33";"22";"0";"10604.86";"111.25";"1582.77";"722.09";"67.59";"196.82";"12.68";"918.91";"80.27";"27.87";"28.86";"124.23";"10.91";"97.82";"19.32";"6.09";"0.65";"0.83";"1.32";"1.57";"null";"41.55";"1.82";"2.84";"10012.22";"111.25";"1494.32";"681.74";"63.81";"185.82";"11.97";"867.56";"75.79";"117.28";"10.3";"92.35";"18.24";"5.75";"1.24";"39.22"
"Cameron Burgess";"C. Burgess";"35899";"1995-10-21";"Swansea City";"55";"ENG - Championship";"31";"2025/2026";"129";"LCB";"Central Defender";"98.59";"30";"0";"10332.53";"104.8";"1367.13";"391.73";"36.0";"100.7";"5.57";"492.43";"41.57";"28.63";"30.18";"111.97";"5.07";"86.37";"11.13";"2.97";"0.64";"0.74";"0.77";"1.48";"null";"20.17";"1.94";"2.87";"9432.38";"104.8";"1248.03";"357.61";"32.86";"91.93";"5.08";"449.53";"37.95";"102.21";"4.63";"78.84";"10.16";"2.71";"0.7";"18.41"
"Séamus Conneely";"S. Conneely";"35901";"1988-07-09";"Accrington Stanley";"1586";"ENG - League Two";"204";"2025/2026";"129";"RM";"Midfield";"80.71";"11";"0";"9602.36";"118.97";"1694.64";"477.0";"41.0";"73.73";"4.64";"550.73";"45.64";"27.17";"28.14";"98.18";"3.55";"78.45";"11.27";"1.09";"0.92";"null";"0.27";"null";"null";"31.73";"2.01";"2.88";"10707.75";"118.97";"1889.72";"531.91";"45.72";"82.21";"5.17";"614.12";"50.89";"109.48";"3.95";"87.49";"12.57";"1.22";"0.3";"35.38"
"Dion Conroy";"D. Conroy";"35909";"1995-12-11";"Crawley Town FC";"2635";"ENG - League Two";"204";"2025/2026";"129";"CB";"Central Defender";"101.49";"18";"0";"9716.89";"95.75";"1180.72";"372.39";"33.44";"83.44";"4.44";"455.83";"37.89";"28.04";"29.5";"112.39";"4.94";"80.89";"9.67";"3.28";"0.67";"0.7";"0.72";"1.27";"null";"11.33";"2.11";"3.11";"8617.14";"95.75";"1047.09";"330.24";"29.66";"74.0";"3.94";"404.24";"33.6";"99.67";"4.38";"71.73";"8.57";"2.91";"0.64";"10.05"
"Jack Payne";"J. Payne";"35917";"1994-10-25";"Colchester United FC";"2814";"ENG - League Two";"204";"2025/2026";"129";"AM";"Midfield";"92.44";"17";"0";"10921.35";"118.15";"1818.94";"573.35";"46.94";"88.59";"5.12";"661.94";"52.06";"26.92";"27.84";"102.47";"4.94";"88.12";"8.47";"3.29";"0.62";"0.62";"0.59";"1.36";"null";"42.53";"1.99";"2.83";"10633.51";"118.15";"1771.0";"558.24";"45.7";"86.25";"4.98";"644.49";"50.69";"99.77";"4.81";"85.8";"8.25";"3.21";"0.57";"41.41"
"Rob Hunt";"R. Hunt";"35918";"1995-07-07";"Colchester United FC";"2814";"ENG - League Two";"204";"2025/2026";"129";"RB";"Full Back";"93.49";"9";"0";"9461.33";"101.2";"1291.44";"411.56";"37.33";"71.44";"3.0";"483.0";"40.33";"26.14";"26.84";"107.89";"7.44";"91.44";"11.67";"3.78";"0.64";"0.89";"0.78";"1.61";"null";"27.33";"2.08";"3.05";"9108.25";"101.2";"1243.25";"396.2";"35.94";"68.78";"2.89";"464.98";"38.83";"103.86";"7.17";"88.03";"11.23";"3.64";"0.75";"26.31"
"Sam Long";"S. Long";"35920";"1995-01-16";"Oxford United";"1588";"ENG - Championship";"31";"2025/2026";"129";"RB";"Full Back";"98.87";"11";"0";"10682.18";"108.05";"1578.27";"591.64";"58.82";"171.73";"10.36";"763.36";"69.18";"29.13";"30.28";"128.91";"6.45";"100.73";"22.09";"4.18";"0.79";"0.85";"0.91";"1.65";"null";"29.45";"2.1";"2.63";"9724.32";"108.05";"1436.75";"538.58";"53.54";"156.33";"9.43";"694.91";"62.98";"117.35";"5.88";"91.7";"20.11";"3.81";"0.83";"26.81"
"Josh Ruffels";"J. Ruffels";"35922";"1993-10-23";"Shrewsbury Town";"882";"ENG - League Two";"204";"2025/2026";"129";"LM";"Midfield";"99.04";"9";"0";"11150.22";"112.58";"1776.67";"507.11";"45.56";"70.11";"5.56";"577.22";"51.11";"27.01";"27.52";"118.67";"5.67";"97.67";"12.33";"3.44";"0.6";"0.81";"1.11";"1.4";"null";"37.44";"1.93";"2.74";"10132.4";"112.58";"1614.49";"460.82";"41.4";"63.71";"5.05";"524.53";"46.45";"107.83";"5.15";"88.75";"11.21";"3.13";"1.01";"34.03"
"Mark Sykes";"M. Sykes";"35924";"1997-08-04";"Bristol City";"753";"ENG - Championship";"31";"2025/2026";"129";"RWB";"Full Back";"78.1";"9";"0";"8529.11";"109.2";"1312.22";"645.78";"59.33";"224.44";"12.44";"870.22";"71.78";"29.21";"30.34";"92.56";"9.22";"75.89";"17.56";"7.33";"0.63";"0.64";"2.22";"1.24";"1.24";"36.67";"2.03";"2.62";"9828.45";"109.2";"1512.13";"744.16";"68.37";"258.64";"14.34";"1002.79";"82.71";"106.66";"10.63";"87.45";"20.23";"8.45";"2.56";"42.25"
"Koffi Franck Kouao";"K. Kouao";"35987";"1998-05-20";"FC Metz";"97";"FRA - Ligue 1";"3";"2025/2026";"129";"RB";"Full Back";"94.88";"12";"0";"9367.75";"98.73";"1218.83";"552.0";"57.08";"222.58";"12.58";"774.58";"69.67";"30.02";"31.58";"108.58";"9.58";"88.92";"22.5";"6.92";"0.56";"0.66";"1.67";"1.11";"1.31";"38.67";"2.08";"2.73";"8886.01";"98.73";"1156.15";"523.61";"54.15";"211.14";"11.94";"734.75";"66.08";"103.0";"9.09";"84.34";"21.34";"6.56";"1.58";"36.68"
"Mamadou  Sangaré";"M. Sangaré";"36025";"2002-06-26";"RC Lens";"85";"FRA - Ligue 1";"3";"2025/2026";"129";"RM";"Midfield";"96.5";"15";"0";"11933.73";"123.67";"1909.93";"584.07";"50.47";"96.73";"6.33";"680.8";"56.8";"26.95";"28.14";"96.67";"3.0";"85.2";"12.73";"1.93";"0.72";"0.86";"0.73";"1.47";"null";"59.53";"1.9";"2.71";"11130.42";"123.67";"1781.37";"544.75";"47.07";"90.22";"5.91";"634.97";"52.98";"90.16";"2.8";"79.46";"11.88";"1.8";"0.68";"55.53"
"Mark McKenzie";"M. McKenzie";"36067";"1999-02-25";"Toulouse FC";"74";"FRA - Ligue 1";"3";"2025/2026";"129";"RCB";"Central Defender";"97.72";"14";"0";"10728.07";"109.78";"1475.07";"532.0";"46.79";"175.93";"8.79";"707.93";"55.57";"28.59";"30.18";"110.79";"4.64";"84.43";"14.79";"3.21";"0.72";"0.76";"1.71";"1.41";"1.64";"26.0";"2.11";"2.73";"9880.4";"109.78";"1358.52";"489.96";"43.09";"162.03";"8.09";"651.99";"51.18";"102.03";"4.28";"77.76";"13.62";"2.96";"1.58";"23.95"
"Ben Whiteman";"B. Whiteman";"36073";"1996-06-17";"Preston North End";"748";"ENG - Championship";"31";"2025/2026";"129";"DM";"Midfield";"96.6";"25";"0";"11277.96";"116.75";"2136.08";"677.64";"53.2";"113.28";"6.0";"790.92";"59.2";"26.74";"28.4";"126.56";"4.68";"104.4";"15.8";"2.68";"0.69";"0.7";"0.56";"1.46";"1.48";"33.48";"1.78";"2.66";"10507.2";"116.75";"1990.1";"631.33";"49.56";"105.54";"5.59";"736.87";"55.15";"117.91";"4.36";"97.27";"14.72";"2.5";"0.52";"31.19"
"Ched Evans";"C. Evans";"36074";"1988-12-28";"Fleetwood Town FC";"1724";"ENG - League Two";"204";"2025/2026";"129";"CF";"Center Forward";"85.9";"12";"0";"8940.92";"104.09";"1106.5";"392.0";"39.33";"97.58";"6.25";"489.58";"45.58";"27.76";"29.06";"95.0";"7.42";"74.0";"11.92";"3.25";"0.71";"0.83";"0.75";"1.44";"null";"35.42";"2.0";"2.78";"9367.82";"104.09";"1159.33";"410.72";"41.21";"102.24";"6.55";"512.96";"47.76";"99.54";"7.77";"77.53";"12.49";"3.41";"0.79";"37.11"
"Curtis Tilt";"C. Tilt";"36078";"1991-08-04";"Bradford City AFC";"2810";"ENG - League One";"101";"2025/2026";"129";"LCB";"Central Defender";"94.15";"9";"0";"9390.67";"99.74";"1039.11";"359.56";"37.33";"129.67";"7.67";"489.22";"45.0";"29.84";"31.18";"108.11";"5.22";"78.78";"13.44";"2.56";"0.71";"0.75";"1.78";"1.36";"1.42";"20.0";"2.07";"2.9";"8976.56";"99.74";"993.29";"343.7";"35.69";"123.95";"7.33";"467.65";"43.02";"103.34";"4.99";"75.3";"12.85";"2.44";"1.7";"19.12"
"Johan Felipe Vásquez Ibarra";"J. Vásquez";"36150";"1998-10-22";"Genoa";"135";"ITA - Serie A";"5";"2025/2026";"129";"LCB";"Central Defender";"98.15";"24";"0";"10832.12";"110.36";"1550.38";"497.12";"41.46";"126.12";"6.33";"623.25";"47.79";"27.97";"29.84";"115.92";"5.25";"91.83";"12.21";"3.17";"0.66";"0.7";"0.96";"1.19";"1.32";"35.96";"1.9";"2.68";"9932.32";"110.36";"1421.59";"455.83";"38.01";"115.65";"5.81";"571.48";"43.82";"106.29";"4.81";"84.2";"11.19";"2.9";"0.88";"32.97"
"Santiago Tomás Giménez";"S. Giménez";"36190";"2001-04-18";"Milan";"140";"ITA - Serie A";"5";"2025/2026";"129";"CF";"Center Forward";"76.52";"8";"0";"8622.38";"112.68";"1240.88";"514.12";"47.75";"145.5";"8.38";"659.62";"56.12";"28.41";"29.18";"95.12";"5.75";"77.62";"13.88";"4.62";"0.7";"0.75";"1.88";"1.19";"1.38";"35.62";"2.03";"2.8";"10141.21";"112.68";"1459.46";"604.69";"56.16";"171.13";"9.85";"775.82";"66.01";"111.88";"6.76";"91.3";"16.32";"5.44";"2.21";"41.9"
"Joe Scally";"J. Scally";"36498";"2002-12-31";"Borussia Mönchengladbach";"114";"GER - Bundesliga";"6";"2025/2026";"129";"RWB";"Full Back";"96.25";"9";"0";"11494.89";"119.43";"1779.33";"701.56";"64.22";"232.22";"12.67";"933.78";"76.89";"29.03";"29.48";"125.11";"7.22";"104.89";"23.78";"5.22";"0.69";"0.71";"1.67";"1.29";"1.63";"45.0";"1.96";"2.66";"10748.26";"119.43";"1663.76";"655.99";"60.05";"217.14";"11.84";"873.13";"71.89";"116.98";"6.75";"98.08";"22.23";"4.88";"1.56";"42.08"
"Vicko Ševelj";"V. Ševelj";"37001";"2000-09-19";"Dundee United";"251";"SCO - Premiership";"18";"2025/2026";"129";"RM";"Midfield";"96.28";"8";"0";"10658.0";"110.7";"1552.0";"386.38";"35.38";"48.62";"3.62";"435.0";"39.0";"25.91";"26.44";"112.75";"4.62";"98.75";"13.5";"2.12";"0.7";"0.88";"0.38";"1.7";"null";"28.88";"2.12";"3.02";"9962.9";"110.7";"1450.78";"361.18";"33.07";"45.45";"3.39";"406.63";"36.46";"105.4";"4.32";"92.31";"12.62";"1.99";"0.35";"26.99"
"Daniel Harvie";"D. Harvie";"37037";"1998-07-14";"Wycombe Wanderers";"1546";"ENG - League One";"101";"2025/2026";"129";"LB";"Full Back";"99.21";"19";"0";"10816.63";"109.03";"1469.16";"591.42";"56.32";"214.11";"10.68";"805.53";"67.0";"29.57";"31.3";"118.16";"6.16";"97.16";"17.95";"4.47";"0.6";"0.69";"1.26";"1.37";"1.38";"37.37";"2.12";"2.81";"9812.26";"109.03";"1332.74";"536.51";"51.09";"194.22";"9.69";"730.73";"60.78";"107.19";"5.59";"88.14";"16.28";"4.06";"1.15";"33.9"
"Jaze Kabia";"J. Kabia";"37093";"2000-07-08";"Grimsby Town FC";"2807";"ENG - League Two";"204";"2025/2026";"129";"CF";"Center Forward";"87.4";"20";"0";"8950.9";"102.41";"1130.8";"558.9";"66.8";"277.6";"17.2";"836.5";"84.0";"30.74";"31.88";"98.1";"12.2";"74.1";"22.9";"8.75";"0.59";"0.6";"3.15";"1.15";"1.21";"39.3";"1.82";"2.64";"9216.91";"102.41";"1164.41";"575.51";"68.79";"285.85";"17.71";"861.36";"86.5";"101.02";"12.56";"76.3";"23.58";"9.01";"3.24";"40.47"
"Perry Tian Hee Ng";"P. Ng";"37097";"1996-06-24";"Cardiff City";"61";"ENG - League One";"101";"2025/2026";"129";"RB";"Full Back";"89.88";"16";"0";"9272.25";"103.16";"1193.0";"481.56";"46.0";"151.88";"7.88";"633.44";"53.88";"29.09";"30.98";"108.94";"6.25";"90.44";"14.38";"2.88";"0.67";"0.81";"0.81";"1.43";"1.69";"25.38";"2.12";"2.77";"9284.39";"103.16";"1194.56";"482.19";"46.06";"152.07";"7.89";"634.27";"53.95";"109.08";"6.26";"90.56";"14.39";"2.88";"0.81";"25.41"
"Antonio Blanco Conde";"Antonio Blanco";"37337";"2000-07-23";"Deportivo Alavés";"313";"ESP - LaLiga";"4";"2025/2026";"129";"DM";"Midfield";"95.36";"8";"0";"10955.5";"114.89";"1584.88";"490.88";"44.12";"98.5";"5.5";"589.38";"49.62";"28.0";"29.06";"120.25";"3.62";"99.12";"15.88";"1.62";"0.72";"null";"0.25";"null";"null";"35.38";"2.19";"2.83";"10339.89";"114.89";"1495.82";"463.29";"41.65";"92.97";"5.19";"556.26";"46.84";"113.49";"3.42";"93.56";"14.98";"1.53";"0.24";"33.39"
"Sorba Thomas";"S. Thomas";"37376";"1999-01-25";"Stoke City";"46";"ENG - Championship";"31";"2025/2026";"129";"LW";"Wide Attacker";"97.46";"28";"0";"10533.68";"108.08";"1480.43";"702.68";"75.14";"363.75";"18.36";"1066.43";"93.5";"31.6";"32.96";"118.11";"11.21";"90.79";"23.96";"8.64";"0.54";"0.58";"3.25";"1.12";"1.15";"46.14";"1.82";"2.59";"9726.96";"108.08";"1367.05";"648.86";"69.39";"335.89";"16.95";"984.76";"86.34";"109.06";"10.36";"83.83";"22.13";"7.98";"3.0";"42.61"
"Robin Hranáč";"R. Hranáč";"37439";"2000-01-29";"TSG 1899 Hoffenheim";"113";"GER - Bundesliga";"6";"2025/2026";"129";"RCB";"Central Defender";"97.59";"19";"0";"10771.79";"110.38";"1477.37";"503.0";"47.84";"172.42";"9.84";"675.42";"57.68";"29.59";"31.14";"114.95";"4.84";"92.47";"12.89";"3.84";"0.62";"0.66";"1.47";"1.21";"1.42";"26.84";"1.96";"2.8";"9933.81";"110.38";"1362.44";"463.87";"44.12";"159.01";"9.08";"622.88";"53.2";"106.01";"4.47";"85.28";"11.89";"3.54";"1.36";"24.75"
"Hugo Bueno López";"Hugo Bueno";"37796";"2002-09-18";"Wolverhampton Wanderers";"52";"ENG - Premier League";"1";"2025/2026";"129";"LWB";"Full Back";"93.9";"11";"0";"10194.27";"108.56";"1481.36";"655.18";"64.45";"207.64";"13.0";"862.82";"77.45";"28.59";"29.58";"121.91";"10.45";"97.82";"26.09";"6.27";"0.6";"0.73";"1.64";"1.27";"1.45";"41.73";"2.0";"2.69";"9770.71";"108.56";"1419.81";"627.96";"61.78";"199.01";"12.46";"826.97";"74.24";"116.84";"10.02";"93.75";"25.01";"6.01";"1.57";"39.99"
"Rubin Colwill";"R. Colwill";"37811";"2002-04-27";"Cardiff City";"61";"ENG - League One";"101";"2025/2026";"129";"AM";"Midfield";"97.26";"8";"0";"11479.0";"118.02";"1875.75";"737.5";"68.75";"254.88";"13.38";"992.38";"82.12";"28.74";"29.4";"118.88";"7.62";"100.5";"14.0";"5.38";"0.7";"0.77";"1.75";"1.55";"1.59";"52.88";"1.96";"2.82";"10621.87";"118.02";"1735.69";"682.43";"63.62";"235.84";"12.38";"918.28";"75.99";"110.0";"7.06";"93.0";"12.95";"4.97";"1.62";"48.93"
"Alfie Devine";"A. Devine";"37837";"2004-08-01";"Preston North End";"748";"ENG - Championship";"31";"2025/2026";"129";"RM";"Midfield";"82.79";"13";"0";"9109.23";"110.03";"1415.69";"550.92";"53.77";"195.77";"9.77";"746.69";"63.54";"29.03";"30.36";"106.77";"5.77";"87.85";"16.62";"3.77";"0.69";"0.75";"1.31";"1.29";"null";"34.23";"2.03";"2.78";"9902.87";"110.03";"1539.03";"598.92";"58.45";"212.83";"10.62";"811.75";"69.07";"116.07";"6.27";"95.5";"18.06";"4.1";"1.42";"37.21"
"Iliman Cheikh Ndiaye";"I. Ndiaye";"37881";"2000-03-06";"Everton";"41";"ENG - Premier League";"1";"2025/2026";"129";"RW";"Wide Attacker";"90.02";"15";"0";"9336.73";"103.72";"1215.4";"552.93";"58.53";"206.93";"11.53";"759.87";"70.07";"29.37";"30.6";"99.27";"7.87";"81.4";"17.2";"5.47";"0.64";"0.66";"1.93";"1.23";"1.27";"47.73";"1.91";"2.53";"9334.66";"103.72";"1215.13";"552.81";"58.52";"206.89";"11.53";"759.7";"70.05";"99.24";"7.86";"81.38";"17.2";"5.47";"1.93";"47.72"
"Ryan Finnigan";"R. Finnigan";"37883";"2003-09-23";"Walsall FC";"2508";"ENG - League Two";"204";"2025/2026";"129";"RM";"Midfield";"82.61";"8";"0";"10112.12";"122.41";"1736.38";"715.75";"66.88";"219.38";"12.5";"935.12";"79.38";"28.6";"29.42";"99.0";"5.88";"87.12";"12.62";"4.25";"0.73";"0.79";"1.25";"1.69";"1.75";"56.25";"2.0";"2.59";"11017.22";"122.41";"1891.79";"779.81";"72.86";"239.01";"13.62";"1018.82";"86.48";"107.86";"6.4";"94.92";"13.76";"4.63";"1.36";"61.28"
"Mostafa Mohamed Ahmed Abdallah";"Mostafa Mohamed";"37889";"1997-11-28";"FC Nantes";"66";"FRA - Ligue 1";"3";"2025/2026";"129";"CF";"Center Forward";"83.14";"10";"0";"9183.9";"110.47";"1167.3";"530.9";"52.4";"164.1";"10.0";"695.0";"62.4";"28.62";"30.1";"93.7";"7.1";"78.1";"15.0";"5.3";"0.68";"0.68";"1.4";"1.59";"1.64";"37.7";"1.78";"2.98";"9942.08";"110.47";"1263.67";"574.73";"56.73";"177.65";"10.83";"752.38";"67.55";"101.44";"7.69";"84.55";"16.24";"5.74";"1.52";"40.81"
"Vontae Daley-Campbell";"V. Campbell";"37913";"2001-04-02";"Chesterfield FC";"3361";"ENG - League Two";"204";"2025/2026";"129";"RB";"Full Back";"89.07";"11";"0";"9286.55";"104.27";"1154.55";"450.45";"42.27";"164.27";"7.0";"614.73";"49.27";"30.18";"31.3";"96.36";"5.55";"81.27";"13.55";"4.27";"0.59";"0.69";"1.64";"1.17";"null";"20.18";"2.37";"2.87";"9383.86";"104.27";"1166.64";"455.17";"42.72";"165.99";"7.07";"621.17";"49.79";"97.37";"5.6";"82.12";"13.69";"4.32";"1.65";"20.39"
"Owura Edwards";"O. Edwards";"37933";"2001-04-10";"Colchester United FC";"2814";"ENG - League Two";"204";"2025/2026";"129";"LW";"Wide Attacker";"92.66";"10";"0";"10190.5";"109.98";"1315.4";"708.1";"75.2";"343.7";"18.4";"1051.8";"93.6";"30.88";"32.06";"106.7";"9.7";"81.3";"23.1";"7.5";"0.62";"0.63";"2.5";"1.14";"1.25";"51.7";"2.03";"2.6";"9898.49";"109.98";"1277.71";"687.81";"73.05";"333.85";"17.87";"1021.66";"90.92";"103.64";"9.42";"78.97";"22.44";"7.29";"2.43";"50.22"
"Micky van de Ven";"M. van de Ven";"38008";"2001-04-19";"Tottenham Hotspur";"44";"ENG - Premier League";"1";"2025/2026";"129";"LCB";"Central Defender";"100.04";"22";"0";"9575.32";"95.71";"1065.5";"392.23";"42.68";"193.64";"9.55";"585.86";"52.23";"31.3";"33.4";"89.77";"5.23";"66.55";"9.86";"4.0";"0.62";"0.72";"1.41";"1.16";"null";"22.68";"1.98";"2.62";"8614.13";"95.71";"958.54";"352.85";"38.4";"174.2";"8.59";"527.05";"46.98";"80.76";"4.7";"59.87";"8.87";"3.6";"1.27";"20.4"
"Camiel Neghli";"C. Neghli";"38033";"2001-11-06";"Millwall FC";"751";"ENG - Championship";"31";"2025/2026";"129";"RW";"Wide Attacker";"78.91";"12";"0";"9670.83";"122.55";"1720.75";"731.42";"69.0";"254.92";"13.92";"986.33";"82.92";"29.26";"30.4";"110.75";"5.75";"89.0";"15.92";"3.75";"0.74";"0.74";"1.42";"1.35";"1.48";"55.67";"1.93";"2.56";"11029.43";"122.55";"1962.49";"834.17";"78.69";"290.73";"15.87";"1124.9";"94.57";"126.31";"6.56";"101.5";"18.15";"4.28";"1.62";"63.49"
"Willian Joel Pacho Tenorio";"W. Pacho";"38211";"2001-10-16";"Paris Saint-Germain";"76";"FRA - Ligue 1";"3";"2025/2026";"129";"LCB";"Central Defender";"94.11";"13";"0";"9521.54";"101.17";"1213.62";"458.69";"41.85";"123.23";"7.85";"581.92";"49.69";"28.84";"30.84";"105.0";"5.62";"82.77";"12.08";"3.62";"0.59";"0.64";"1.31";"1.25";"1.37";"33.15";"2.13";"2.77";"9105.44";"101.17";"1160.58";"438.65";"40.02";"117.85";"7.5";"556.49";"47.52";"100.41";"5.37";"79.15";"11.55";"3.46";"1.25";"31.7"
"Marcelino Ignacio  Núñez Espinoza";"M. Núñez";"38497";"2000-03-01";"Ipswich Town";"752";"ENG - Championship";"31";"2025/2026";"129";"AM";"Midfield";"84.65";"12";"0";"10734.75";"126.81";"2194.5";"996.92";"84.42";"207.67";"14.25";"1204.58";"98.67";"27.59";"28.34";"127.08";"6.92";"104.33";"16.0";"4.92";"0.68";"0.73";"1.25";"1.31";"1.42";"73.67";"1.86";"2.55";"11413.2";"126.81";"2333.2";"1059.92";"89.75";"220.79";"15.15";"1280.71";"104.9";"135.12";"7.35";"110.93";"17.01";"5.23";"1.33";"78.32"
"Jamal Marcus Baptiste";"J. Baptiste";"39756";"2003-11-11";"Rotherham United";"750";"ENG - League One";"101";"2025/2026";"129";"LCB";"Central Defender";"98.39";"13";"0";"9792.92";"99.53";"1159.38";"422.15";"41.38";"154.38";"7.69";"576.54";"49.08";"30.12";"31.82";"109.92";"6.31";"83.23";"11.92";"4.0";"0.7";"0.75";"1.92";"1.36";"1.49";"20.69";"2.03";"2.58";"8957.64";"99.53";"1060.5";"386.15";"37.85";"141.22";"7.04";"527.36";"44.89";"100.55";"5.77";"76.13";"10.91";"3.66";"1.76";"18.93"
"Dilan Markanday";"D. Markanday";"40366";"2001-08-20";"Chesterfield FC";"3361";"ENG - League Two";"204";"2025/2026";"129";"RW";"Wide Attacker";"90.88";"15";"0";"10030.07";"110.37";"1583.87";"687.33";"67.2";"236.07";"13.0";"923.4";"80.2";"29.84";"31.1";"108.0";"8.4";"86.47";"19.27";"6.0";"0.59";"0.64";"1.67";"1.17";"1.19";"44.13";"1.85";"2.74";"9933.31";"110.37";"1568.59";"680.7";"66.55";"233.79";"12.87";"914.49";"79.43";"106.96";"8.32";"85.63";"19.08";"5.94";"1.65";"43.71"
"Arne Engels";"A. Engels";"40429";"2003-09-08";"Celtic FC";"248";"SCO - Premiership";"18";"2025/2026";"129";"RM";"Midfield";"91.35";"12";"0";"11585.0";"126.82";"1989.08";"634.92";"53.83";"155.08";"8.75";"790.0";"62.58";"28.15";"29.54";"109.5";"4.5";"93.5";"12.0";"3.0";"0.73";"0.75";"0.5";"1.61";"null";"42.33";"1.94";"2.74";"11413.97";"126.82";"1959.72";"625.54";"53.04";"152.79";"8.62";"778.34";"61.66";"107.88";"4.43";"92.12";"11.82";"2.96";"0.49";"41.71"
"Vladyslav Vanat";"V. Vanat";"40431";"2002-01-04";"Girona FC";"348";"ESP - LaLiga";"4";"2025/2026";"129";"CF";"Center Forward";"83.93";"17";"0";"9810.88";"116.9";"1328.76";"605.0";"60.71";"233.53";"12.88";"838.53";"73.59";"29.77";"31.32";"95.65";"6.88";"78.0";"14.0";"5.24";"0.61";"0.72";"2.12";"1.35";"1.35";"45.06";"1.74";"2.66";"10520.99";"116.9";"1424.94";"648.79";"65.1";"250.43";"13.81";"899.22";"78.91";"102.57";"7.38";"83.65";"15.01";"5.61";"2.27";"48.32"
"Tommy Conway";"T. Conway";"40618";"2002-08-06";"Middlesbrough";"43";"ENG - Championship";"31";"2025/2026";"129";"CF";"Center Forward";"83.9";"25";"0";"9346.12";"111.4";"1275.24";"699.68";"72.24";"312.32";"17.8";"1012.0";"90.04";"29.96";"31.18";"99.12";"8.44";"82.16";"13.92";"6.68";"0.64";"0.68";"2.52";"1.28";"1.33";"40.92";"1.81";"2.67";"10026.19";"111.4";"1368.03";"750.59";"77.5";"335.05";"19.1";"1085.64";"96.59";"106.33";"9.05";"88.14";"14.93";"7.17";"2.7";"43.9"
"Alex Scott";"A. Scott";"40619";"2003-08-21";"Bournemouth";"63";"ENG - Premier League";"1";"2025/2026";"129";"LDM";"Midfield";"89.82";"11";"0";"10627.64";"118.32";"1952.0";"766.18";"65.18";"233.82";"11.18";"1000.0";"76.36";"28.8";"30.0";"117.09";"6.82";"97.45";"18.64";"4.45";"0.69";"0.71";"1.36";"1.34";"1.39";"45.64";"1.94";"2.81";"10648.97";"118.32";"1955.92";"767.72";"65.31";"234.29";"11.2";"1002.01";"76.52";"117.33";"6.83";"97.65";"18.67";"4.46";"1.37";"45.73"
"Alex Scott";"A. Scott";"40619";"2003-08-21";"Bournemouth";"63";"ENG - Premier League";"1";"2025/2026";"129";"RDM";"Midfield";"83.87";"8";"0";"10170.12";"121.26";"2014.62";"747.62";"63.12";"177.5";"9.88";"925.12";"73.0";"28.06";"28.74";"107.88";"5.88";"88.75";"17.0";"3.88";"0.6";"0.72";"0.75";"1.7";"null";"44.0";"2.0";"2.7";"10913.34";"121.26";"2161.85";"802.26";"67.74";"190.47";"10.6";"992.73";"78.33";"115.76";"6.3";"95.24";"18.24";"4.16";"0.8";"47.22"
"Ryan Astley";"R. Astley";"40685";"2001-10-04";"Dundee FC";"254";"SCO - Premiership";"18";"2025/2026";"129";"RB";"Full Back";"92.26";"8";"0";"10103.25";"109.51";"1391.25";"518.75";"47.0";"144.62";"7.62";"663.38";"54.62";"27.25";"27.82";"108.25";"6.0";"94.38";"16.5";"3.12";"0.8";"null";"0.75";"null";"null";"25.5";"2.16";"2.96";"9855.94";"109.51";"1357.19";"506.05";"45.85";"141.08";"7.44";"647.14";"53.29";"105.6";"5.85";"92.06";"16.1";"3.05";"0.73";"24.88"
"Ryan Astley";"R. Astley";"40685";"2001-10-04";"Dundee FC";"254";"SCO - Premiership";"18";"2025/2026";"129";"RCB";"Central Defender";"97.09";"12";"0";"10600.08";"109.18";"1385.33";"417.25";"36.67";"94.67";"4.92";"511.92";"41.58";"27.37";"28.34";"114.42";"5.5";"94.92";"12.17";"3.5";"0.81";"0.86";"0.58";"1.7";"null";"23.08";"2.23";"2.93";"9826.26";"109.18";"1284.2";"386.79";"33.99";"87.76";"4.56";"474.55";"38.55";"106.06";"5.1";"87.99";"11.28";"3.24";"0.54";"21.4"
"Mateo Pellegrino Casalanguila";"M. Pellegrino";"40827";"2001-10-22";"Parma";"152";"ITA - Serie A";"5";"2025/2026";"129";"CF";"Center Forward";"92.22";"22";"0";"9867.41";"107.0";"1153.0";"495.59";"51.41";"165.59";"9.73";"661.18";"61.14";"28.56";"30.54";"109.18";"7.55";"90.5";"18.41";"5.05";"0.64";"0.75";"1.64";"1.49";"1.86";"30.5";"1.98";"2.77";"9629.67";"107.0";"1125.22";"483.65";"50.17";"161.6";"9.49";"645.25";"59.66";"106.55";"7.36";"88.32";"17.97";"4.92";"1.6";"29.77"
"Kristoffer Lund Hansen";"K. Lund";"40881";"2002-05-14";"1. FC Köln";"107";"GER - Bundesliga";"6";"2025/2026";"129";"LWB";"Full Back";"86.07";"9";"0";"9865.33";"114.61";"1532.22";"618.0";"61.44";"258.33";"14.78";"876.33";"76.22";"30.01";"30.72";"114.22";"7.22";"96.0";"19.11";"6.33";"0.62";"0.65";"2.11";"1.3";"1.36";"38.78";"2.0";"2.6";"10315.3";"114.61";"1602.11";"646.19";"64.25";"270.12";"15.45";"916.3";"79.7";"119.43";"7.55";"100.38";"19.98";"6.62";"2.21";"40.55"
"Jaden Philogene-Bidace";"J. Philogene";"40950";"2002-02-08";"Ipswich Town";"752";"ENG - Championship";"31";"2025/2026";"129";"LW";"Wide Attacker";"81.08";"17";"0";"9309.0";"114.82";"1507.71";"699.12";"66.47";"289.82";"14.59";"988.94";"81.06";"29.99";"30.78";"107.71";"6.94";"83.12";"20.65";"5.59";"0.57";"0.57";"1.41";"1.23";"1.33";"51.24";"1.85";"2.63";"10333.45";"114.82";"1673.63";"776.06";"73.79";"321.72";"16.19";"1097.77";"89.98";"119.56";"7.71";"92.26";"22.92";"6.2";"1.57";"56.87"
"Félix Alexandre Andrade Sanches Correia";"Félix Correia";"41211";"2001-01-22";"LOSC Lille";"78";"FRA - Ligue 1";"3";"2025/2026";"129";"RW";"Wide Attacker";"81.05";"8";"0";"9042.0";"111.56";"1415.5";"678.25";"61.62";"220.75";"11.5";"899.0";"73.12";"29.41";"30.1";"107.88";"10.25";"86.0";"22.5";"7.38";"0.72";"0.78";"2.5";"1.37";"1.64";"50.88";"2.26";"2.78";"10039.95";"111.56";"1571.73";"753.11";"68.43";"245.11";"12.77";"998.22";"81.2";"119.78";"11.38";"95.49";"24.98";"8.19";"2.78";"56.49"
"Tommaso Barbieri";"T. Barbieri";"41220";"2002-08-26";"US Cremonese";"771";"ITA - Serie A";"5";"2025/2026";"129";"RWB";"Full Back";"90.69";"12";"0";"11243.08";"123.97";"1827.83";"900.0";"78.92";"328.58";"17.42";"1228.58";"96.33";"28.98";"30.0";"124.75";"7.75";"105.58";"21.92";"6.0";"0.63";"0.65";"1.92";"1.51";"1.58";"59.75";"2.02";"2.76";"11157.0";"123.97";"1813.84";"893.11";"78.31";"326.07";"17.28";"1219.18";"95.6";"123.79";"7.69";"104.77";"21.75";"5.95";"1.9";"59.29"
"Joshua Guy Coburn";"J. Coburn";"41608";"2002-12-06";"Millwall FC";"751";"ENG - Championship";"31";"2025/2026";"129";"CF";"Center Forward";"82.45";"9";"0";"9219.33";"111.82";"1230.11";"547.11";"62.56";"235.67";"14.44";"782.78";"77.0";"29.74";"30.22";"100.22";"7.33";"81.33";"19.56";"5.33";"0.71";"0.81";"1.67";"1.35";"null";"33.22";"1.92";"2.71";"10063.55";"111.82";"1342.75";"597.21";"68.28";"257.25";"15.77";"854.46";"84.05";"109.4";"8.0";"88.78";"21.35";"5.82";"1.82";"36.26"
"Regan Poole";"R. Poole";"42353";"1998-06-18";"Portsmouth";"50";"ENG - Championship";"31";"2025/2026";"129";"LCB";"Central Defender";"98.58";"13";"0";"10688.31";"108.42";"1461.77";"541.08";"48.46";"131.08";"8.08";"672.15";"56.54";"28.16";"29.22";"120.38";"6.54";"91.15";"14.08";"4.38";"0.67";"0.72";"1.08";"1.33";"1.97";"28.69";"1.94";"2.79";"9758.09";"108.42";"1334.55";"493.99";"44.24";"119.67";"7.37";"613.66";"51.62";"109.91";"5.97";"83.22";"12.85";"4.0";"0.98";"26.2"
"Regan Poole";"R. Poole";"42353";"1998-06-18";"Portsmouth";"50";"ENG - Championship";"31";"2025/2026";"129";"RCB";"Central Defender";"99.66";"13";"0";"10879.08";"109.17";"1512.92";"506.0";"44.38";"133.62";"7.92";"639.62";"52.31";"27.97";"28.94";"115.54";"5.69";"88.62";"12.77";"3.23";"0.64";"0.76";"0.92";"1.65";"1.73";"25.69";"2.04";"2.98";"9825.05";"109.17";"1366.34";"456.98";"40.08";"120.67";"7.16";"577.65";"47.24";"104.34";"5.14";"80.03";"11.53";"2.92";"0.83";"23.2"
"Cohen Bramall";"C. Bramall";"42360";"1996-04-02";"Luton Town";"879";"ENG - League One";"101";"2025/2026";"129";"LW";"Wide Attacker";"93.02";"9";"0";"9934.67";"106.8";"1228.44";"643.33";"77.11";"441.0";"21.44";"1084.33";"98.56";"33.13";"34.08";"105.56";"10.67";"79.22";"26.78";"9.33";"0.6";"0.62";"4.22";"1.04";"1.13";"39.22";"2.02";"2.65";"9611.9";"106.8";"1188.53";"622.43";"74.61";"426.67";"20.75";"1049.1";"95.35";"102.13";"10.32";"76.65";"25.91";"9.03";"4.09";"37.95"
"Robbie Cundy";"R. Cundy";"42361";"1997-05-30";"Cheltenham Town";"1870";"ENG - League Two";"204";"2025/2026";"129";"RCB";"Central Defender";"95.0";"11";"0";"9632.0";"101.39";"1125.91";"354.91";"33.73";"83.45";"4.82";"438.36";"38.55";"28.32";"29.96";"112.82";"5.09";"79.64";"9.55";"2.18";"0.75";"null";"0.45";"null";"null";"18.91";"2.19";"2.76";"9125.2";"101.39";"1066.67";"336.24";"31.95";"79.06";"4.56";"415.3";"36.52";"106.88";"4.82";"75.45";"9.04";"2.07";"0.43";"17.91"
"Jack Tucker";"J. Tucker";"42366";"1999-11-12";"Colchester United FC";"2814";"ENG - League Two";"204";"2025/2026";"129";"RCB";"Central Defender";"101.09";"27";"0";"9912.89";"98.06";"1077.7";"284.89";"28.89";"65.0";"3.48";"349.89";"32.37";"28.5";"31.26";"110.44";"3.78";"78.3";"7.52";"1.33";"0.61";"0.75";"0.48";"1.25";"null";"18.74";"2.01";"2.88";"8825.82";"98.06";"959.52";"253.65";"25.72";"57.87";"3.1";"311.52";"28.82";"98.33";"3.36";"69.71";"6.69";"1.19";"0.43";"16.69"
"Connor Ogilvie";"C. Ogilvie";"42367";"1996-02-14";"Portsmouth";"50";"ENG - Championship";"31";"2025/2026";"129";"LB";"Full Back";"97.09";"12";"0";"10756.67";"110.79";"1534.5";"588.0";"52.42";"156.58";"9.42";"744.58";"61.83";"27.68";"28.82";"119.33";"7.0";"95.08";"15.08";"4.67";"0.75";"0.8";"1.42";"1.5";"null";"28.08";"2.12";"2.81";"9970.99";"110.79";"1422.42";"545.05";"48.59";"145.15";"8.73";"690.2";"57.32";"110.62";"6.49";"88.14";"13.98";"4.33";"1.31";"26.03"
"Thomas O'Connor";"T. O'Connor";"42373";"1999-04-21";"Peterborough United";"1869";"ENG - League One";"101";"2025/2026";"129";"LCB";"Central Defender";"99.27";"13";"0";"10618.92";"106.98";"1384.08";"421.92";"39.38";"90.54";"5.23";"512.46";"44.62";"27.28";"28.88";"127.08";"5.0";"96.92";"13.62";"3.92";"0.77";"0.82";"1.23";"1.61";"null";"21.54";"2.14";"2.9";"9627.76";"106.98";"1254.89";"382.54";"35.71";"82.09";"4.74";"464.63";"40.45";"115.22";"4.53";"87.88";"12.34";"3.56";"1.12";"19.53"
"James Wilson";"J. Wilson";"42375";"1989-02-26";"Cheltenham Town";"1870";"ENG - League Two";"204";"2025/2026";"129";"LCB";"Central Defender";"97.16";"20";"0";"9661.8";"99.44";"1089.85";"380.35";"36.45";"96.0";"5.2";"476.35";"41.65";"29.48";"32.14";"113.2";"4.85";"83.1";"10.65";"3.8";"0.69";"0.71";"0.6";"1.43";"null";"16.55";"2.15";"2.96";"8949.41";"99.44";"1009.49";"352.31";"33.76";"88.92";"4.82";"441.23";"38.58";"104.85";"4.49";"76.97";"9.86";"3.52";"0.56";"15.33"
"Harrison Holgate";"H. Holgate";"42387";"2000-07-01";"Fleetwood Town FC";"1724";"ENG - League Two";"204";"2025/2026";"129";"RCB";"Central Defender";"95.98";"11";"0";"10131.36";"105.56";"1168.09";"394.82";"35.36";"88.45";"5.27";"483.27";"40.64";"27.78";"29.04";"109.09";"6.0";"83.45";"9.82";"3.09";"0.81";"0.81";"1.55";"1.63";"1.71";"21.64";"2.16";"3.02";"9500.25";"105.56";"1095.33";"370.22";"33.16";"82.94";"4.94";"453.17";"38.11";"102.3";"5.63";"78.26";"9.21";"2.9";"1.45";"20.29"
"Paddy Madden";"P. Madden";"42389";"1990-03-04";"Accrington Stanley";"1586";"ENG - League Two";"204";"2025/2026";"129";"CF";"Center Forward";"89.56";"13";"0";"9691.0";"108.2";"1365.38";"625.69";"61.92";"222.85";"14.92";"848.54";"76.85";"29.33";"30.46";"103.23";"9.46";"77.0";"13.77";"6.38";"0.68";"0.78";"2.46";"1.25";"1.73";"34.77";"1.72";"2.91";"9738.16";"108.2";"1372.03";"628.74";"62.22";"223.93";"15.0";"852.67";"77.22";"103.73";"9.51";"77.37";"13.84";"6.42";"2.47";"34.94"
"Jorge Grant";"J. Grant";"42391";"1994-12-19";"Salford City FC";"2816";"ENG - League Two";"204";"2025/2026";"129";"DM";"Midfield";"95.65";"11";"0";"10594.45";"110.76";"1566.0";"458.0";"41.36";"85.91";"4.82";"543.91";"46.18";"27.99";"29.42";"115.0";"6.45";"91.36";"12.45";"4.45";"0.61";"0.61";"1.55";"1.57";"1.72";"31.73";"2.0";"2.8";"9968.17";"110.76";"1473.43";"430.93";"38.92";"80.83";"4.53";"511.76";"43.45";"108.2";"6.07";"85.96";"11.72";"4.19";"1.45";"29.85"
"Matt Palmer";"M. Palmer";"42393";"1995-02-27";"Notts County FC";"1563";"ENG - League Two";"204";"2025/2026";"129";"RM";"Midfield";"97.14";"10";"0";"11407.6";"117.44";"1970.5";"448.6";"37.8";"71.2";"3.3";"519.8";"41.1";"26.03";"27.16";"118.4";"3.2";"103.2";"11.1";"1.1";"0.86";"0.86";"0.0";"null";"null";"41.7";"1.79";"2.69";"10569.48";"117.44";"1825.73";"415.64";"35.02";"65.97";"3.06";"481.61";"38.08";"109.7";"2.96";"95.62";"10.28";"1.02";"0.0";"38.64"
"Scott Twine";"S. Twine";"42394";"1999-07-14";"Bristol City";"753";"ENG - Championship";"31";"2025/2026";"129";"AM";"Midfield";"87.23";"17";"0";"10233.88";"117.32";"1656.53";"650.65";"58.65";"133.0";"8.24";"783.65";"66.88";"27.32";"28.2";"110.0";"5.06";"85.35";"16.53";"3.12";"0.74";"0.79";"0.88";"1.44";"1.5";"54.76";"1.87";"2.57";"10559.17";"117.32";"1709.18";"671.33";"60.51";"137.23";"8.5";"808.56";"69.01";"113.5";"5.22";"88.07";"17.05";"3.22";"0.91";"56.51"
"Harry Anderson";"H. Anderson";"42397";"1997-01-09";"Colchester United FC";"2814";"ENG - League Two";"204";"2025/2026";"129";"LW";"Wide Attacker";"96.05";"14";"0";"10712.86";"111.54";"1570.5";"742.29";"70.43";"284.43";"15.71";"1026.71";"86.14";"29.21";"30.36";"114.0";"8.07";"89.57";"23.07";"6.0";"0.64";"0.72";"2.57";"1.3";"1.5";"39.64";"1.89";"2.7";"10038.45";"111.54";"1471.63";"695.56";"65.99";"266.52";"14.73";"962.08";"80.72";"106.82";"7.56";"83.93";"21.62";"5.62";"2.41";"37.15"
"Adam Phillips";"A. Phillips";"42398";"1998-01-15";"Barnsley FC";"878";"ENG - League One";"101";"2025/2026";"129";"AM";"Midfield";"95.97";"8";"0";"10375.88";"108.12";"1351.88";"513.75";"49.0";"123.75";"7.5";"637.5";"56.5";"28.23";"28.78";"98.12";"6.5";"85.38";"8.0";"5.12";"0.73";"0.81";"1.0";"1.6";"null";"31.12";"1.98";"3.08";"9730.76";"108.12";"1267.82";"481.81";"45.95";"116.06";"7.03";"597.86";"52.99";"92.02";"6.1";"80.07";"7.5";"4.81";"0.94";"29.19"
"Reece James";"R. James";"42406";"1993-11-07";"Rotherham United";"750";"ENG - League One";"101";"2025/2026";"129";"LWB";"Full Back";"100.67";"11";"0";"11288.36";"112.13";"1800.82";"764.55";"63.73";"180.73";"11.09";"945.27";"74.82";"28.0";"28.42";"135.36";"10.18";"110.27";"18.91";"6.18";"0.62";"0.73";"1.55";"1.5";"1.82";"40.82";"2.0";"2.57";"10091.94";"112.13";"1609.95";"683.51";"56.97";"161.57";"9.92";"845.09";"66.89";"121.02";"9.1";"98.59";"16.9";"5.53";"1.38";"36.49"
"Joe Wright";"J. Wright";"42407";"1995-02-26";"Bradford City AFC";"2810";"ENG - League One";"101";"2025/2026";"129";"CB";"Central Defender";"94.99";"12";"0";"9901.42";"104.24";"1293.17";"451.5";"42.42";"123.75";"6.75";"575.25";"49.17";"29.01";"30.64";"111.5";"5.25";"84.5";"10.42";"2.33";"0.64";"0.79";"0.92";"1.35";"null";"25.67";"2.12";"2.94";"9381.52";"104.24";"1225.27";"427.79";"40.19";"117.25";"6.4";"545.05";"46.59";"105.65";"4.97";"80.06";"9.87";"2.21";"0.87";"24.32"
"Tom Anderson";"T. Anderson";"42408";"1993-09-02";"Shrewsbury Town";"882";"ENG - League Two";"204";"2025/2026";"129";"CB";"Central Defender";"96.99";"10";"0";"9519.3";"98.15";"1140.8";"388.0";"34.5";"71.6";"4.2";"459.6";"38.7";"27.04";"28.16";"120.2";"4.8";"88.7";"11.3";"3.1";"0.78";"null";"0.4";"null";"null";"17.0";"2.39";"2.92";"8833.55";"98.15";"1058.62";"360.05";"32.01";"66.44";"3.9";"426.49";"35.91";"111.54";"4.45";"82.31";"10.49";"2.88";"0.37";"15.78"
"Mario Gila Fuentes";"Mario Gila";"42415";"2000-08-29";"Lazio";"133";"ITA - Serie A";"5";"2025/2026";"129";"RCB";"Central Defender";"92.54";"23";"0";"9704.17";"104.87";"1194.26";"444.0";"45.43";"172.65";"9.78";"616.65";"55.22";"30.6";"33.12";"105.13";"6.0";"84.22";"14.48";"4.39";"0.61";"0.61";"1.7";"1.18";"1.19";"27.17";"1.93";"2.67";"9438.13";"104.87";"1161.52";"431.83";"44.19";"167.92";"9.51";"599.75";"53.7";"102.25";"5.84";"81.91";"14.08";"4.27";"1.65";"26.43"
"Giuliano Simeone Baldini";"G. Simeone";"42437";"2002-12-18";"Atlético Madrid";"275";"ESP - LaLiga";"4";"2025/2026";"129";"RW";"Wide Attacker";"88.35";"16";"0";"10525.06";"119.13";"1538.56";"679.56";"68.5";"306.06";"15.19";"985.62";"83.69";"30.89";"32.26";"111.75";"7.62";"93.25";"22.12";"6.12";"0.61";"0.66";"2.75";"1.31";"1.33";"53.5";"1.88";"2.65";"10721.75";"119.13";"1567.31";"692.26";"69.78";"311.78";"15.47";"1004.04";"85.25";"113.84";"7.77";"94.99";"22.54";"6.24";"2.8";"54.5"
"Mandela Keita";"M. Keita";"42491";"2002-05-10";"Parma";"152";"ITA - Serie A";"5";"2025/2026";"129";"DM";"Midfield";"93.97";"10";"0";"10435.2";"111.04";"1407.2";"434.1";"40.6";"123.2";"6.6";"557.3";"47.2";"28.71";"29.76";"94.4";"3.8";"80.5";"9.3";"2.8";"0.65";"0.65";"1.2";"1.33";"1.6";"35.4";"1.9";"2.71";"9993.98";"111.04";"1347.7";"415.75";"38.88";"117.99";"6.32";"533.74";"45.2";"90.41";"3.64";"77.1";"8.91";"2.68";"1.15";"33.9"
"Mandela Keita";"M. Keita";"42491";"2002-05-10";"Parma";"152";"ITA - Serie A";"5";"2025/2026";"129";"LM";"Midfield";"93.38";"8";"0";"10397.5";"111.34";"1429.88";"544.25";"47.38";"146.38";"6.62";"690.62";"54.0";"28.62";"29.7";"90.88";"4.38";"72.25";"11.38";"3.38";"0.67";"0.67";"0.75";"1.75";"null";"36.38";"1.85";"2.63";"10020.79";"111.34";"1378.07";"524.53";"45.66";"141.07";"6.38";"665.6";"52.04";"87.58";"4.22";"69.63";"10.96";"3.25";"0.72";"35.06"
"Lewie Coyle";"L. Coyle";"42504";"1995-10-15";"Hull City";"47";"ENG - Championship";"31";"2025/2026";"129";"RB";"Full Back";"98.24";"20";"0";"9682.05";"98.56";"1165.25";"491.4";"52.35";"216.35";"10.6";"707.75";"62.95";"29.39";"30.86";"105.85";"7.35";"84.6";"20.45";"5.95";"0.62";"0.66";"2.4";"1.17";"1.21";"26.75";"1.87";"2.8";"8869.96";"98.56";"1067.51";"450.18";"47.96";"198.2";"9.71";"648.39";"57.67";"96.97";"6.73";"77.5";"18.73";"5.45";"2.2";"24.51"
"Jacob Greaves";"J. Greaves";"42506";"2000-09-12";"Ipswich Town";"752";"ENG - Championship";"31";"2025/2026";"129";"LCB";"Central Defender";"100.11";"9";"0";"10368.0";"103.56";"1357.67";"494.89";"46.22";"142.0";"8.33";"636.89";"54.56";"29.09";"29.88";"108.0";"6.56";"80.0";"11.22";"4.67";"0.66";"0.79";"1.22";"1.39";"null";"23.0";"2.42";"2.99";"9320.84";"103.56";"1220.54";"444.91";"41.55";"127.66";"7.49";"572.56";"49.05";"97.09";"5.89";"71.92";"10.09";"4.2";"1.1";"20.68"
"Regan Slater";"R. Slater";"42508";"1999-09-11";"Hull City";"47";"ENG - Championship";"31";"2025/2026";"129";"LDM";"Midfield";"94.61";"9";"0";"11003.11";"116.3";"1698.22";"502.11";"45.44";"94.22";"4.89";"596.33";"50.33";"27.08";"27.82";"108.0";"4.56";"92.89";"8.56";"3.22";"0.72";"0.76";"0.67";"1.7";"2.22";"37.0";"1.83";"2.74";"10466.64";"116.3";"1615.42";"477.63";"43.23";"89.63";"4.65";"567.26";"47.88";"102.73";"4.33";"88.36";"8.14";"3.07";"0.63";"35.2"
"Regan Slater";"R. Slater";"42508";"1999-09-11";"Hull City";"47";"ENG - Championship";"31";"2025/2026";"129";"LM";"Midfield";"90.94";"8";"0";"10602.88";"116.6";"1734.0";"517.88";"42.75";"78.12";"5.25";"596.0";"48.0";"26.54";"27.26";"103.25";"4.0";"88.75";"10.0";"2.38";"0.79";"0.86";"0.62";"1.56";"null";"36.5";"2.07";"2.85";"10493.57";"116.6";"1716.12";"512.54";"42.31";"77.32";"5.2";"589.86";"47.51";"102.19";"3.96";"87.84";"9.9";"2.35";"0.62";"36.12"
"Joe Edwards";"J. Edwards";"42518";"1990-10-31";"Plymouth Argyle";"1728";"ENG - League One";"101";"2025/2026";"129";"RB";"Full Back";"90.65";"13";"0";"10062.15";"111.0";"1548.46";"662.92";"57.85";"165.54";"9.46";"828.46";"67.31";"27.58";"28.26";"108.38";"5.38";"86.62";"15.54";"3.15";"0.68";"0.77";"0.31";"1.73";"null";"29.23";"1.88";"2.87";"9990.29";"111.0";"1537.4";"658.19";"57.43";"164.36";"9.39";"822.54";"66.83";"107.61";"5.35";"86.0";"15.43";"3.13";"0.31";"29.02"
"William Stewart Aimson";"W. Aimson";"42519";"1994-06-03";"Wigan Athletic";"38";"ENG - League One";"101";"2025/2026";"129";"RCB";"Central Defender";"96.79";"16";"0";"10343.88";"106.87";"1316.75";"401.81";"38.19";"113.75";"7.0";"515.56";"45.19";"28.04";"29.56";"113.25";"6.0";"90.25";"12.12";"2.69";"0.63";"0.66";"1.06";"1.37";"null";"22.5";"1.92";"2.88";"9618.48";"106.87";"1224.41";"373.63";"35.51";"105.77";"6.51";"479.41";"42.02";"105.31";"5.58";"83.92";"11.27";"2.5";"0.99";"20.92"
"Lynden Gooch";"L. Gooch";"42530";"1995-12-24";"Huddersfield Town";"309";"ENG - League One";"101";"2025/2026";"129";"RWB";"Full Back";"87.64";"9";"0";"9571.11";"109.22";"1339.11";"587.56";"55.44";"175.44";"9.89";"763.0";"65.33";"29.09";"29.72";"101.11";"9.78";"82.89";"18.0";"6.78";"0.63";"0.66";"2.78";"1.18";"1.4";"31.67";"1.96";"2.76";"9829.39";"109.22";"1375.25";"603.41";"56.94";"180.18";"10.16";"783.59";"67.1";"103.84";"10.04";"85.13";"18.49";"6.96";"2.85";"32.52"
"Max Power";"M. Power";"42532";"1993-07-27";"Bradford City AFC";"2810";"ENG - League One";"101";"2025/2026";"129";"LM";"Midfield";"98.32";"11";"0";"11196.55";"113.88";"1976.55";"659.55";"52.82";"107.09";"7.36";"766.64";"60.18";"26.76";"27.8";"126.91";"5.55";"106.09";"13.27";"3.55";"0.65";"0.88";"0.45";"1.79";"null";"23.55";"2.03";"2.86";"10249.11";"113.88";"1809.29";"603.74";"48.35";"98.03";"6.74";"701.76";"55.09";"116.17";"5.08";"97.11";"12.15";"3.25";"0.42";"21.55"
"Max Power";"M. Power";"42532";"1993-07-27";"Bradford City AFC";"2810";"ENG - League One";"101";"2025/2026";"129";"RM";"Midfield";"99.45";"16";"0";"10872.69";"109.32";"1899.75";"615.62";"50.75";"74.12";"5.56";"689.75";"56.31";"26.24";"26.84";"128.69";"6.25";"105.06";"15.5";"2.88";"0.73";"0.78";"0.5";"1.37";"null";"22.62";"2.0";"2.86";"9839.12";"109.32";"1719.16";"557.1";"45.93";"67.08";"5.03";"624.18";"50.96";"116.45";"5.66";"95.08";"14.03";"2.6";"0.45";"20.47"
"Jack Diamond";"J. Diamond";"42537";"2000-01-12";"Stockport County FC";"2820";"ENG - League One";"101";"2025/2026";"129";"AM";"Midfield";"93.15";"14";"0";"10629.79";"114.11";"1567.21";"683.29";"72.79";"294.21";"16.36";"977.5";"89.14";"30.24";"31.26";"109.21";"6.14";"86.29";"15.86";"4.71";"0.65";"0.65";"1.5";"1.22";"1.4";"47.79";"1.93";"2.81";"10269.8";"114.11";"1514.14";"660.15";"70.32";"284.25";"15.8";"944.4";"86.12";"105.52";"5.93";"83.36";"15.32";"4.55";"1.45";"46.17"
"Rob Atkinson";"R. Atkinson";"42540";"1998-07-13";"Bristol City";"753";"ENG - Championship";"31";"2025/2026";"129";"LCB";"Central Defender";"91.37";"17";"0";"9553.71";"104.56";"1129.35";"384.71";"36.47";"99.35";"5.88";"484.06";"42.35";"27.71";"28.96";"106.88";"4.59";"81.94";"10.65";"2.82";"0.69";"0.78";"0.82";"1.43";"null";"22.35";"2.1";"2.88";"9410.09";"104.56";"1112.38";"378.92";"35.92";"97.86";"5.79";"476.78";"41.72";"105.28";"4.52";"80.71";"10.49";"2.78";"0.81";"22.02"
"Cameron Brannagan";"C. Brannagan";"42542";"1996-05-09";"Oxford United";"1588";"ENG - Championship";"31";"2025/2026";"129";"LM";"Midfield";"97.59";"14";"0";"11347.0";"116.27";"1801.64";"475.0";"41.36";"81.79";"4.07";"556.79";"45.43";"27.11";"28.5";"100.0";"2.5";"81.64";"7.43";"1.43";"0.75";"0.87";"0.14";"null";"null";"36.79";"2.06";"2.74";"10464.44";"116.27";"1661.51";"438.06";"38.14";"75.42";"3.75";"513.48";"41.9";"92.22";"2.31";"75.29";"6.85";"1.32";"0.13";"33.92"
"Isaac Price";"I. Price";"42776";"2003-09-26";"West Bromwich Albion";"34";"ENG - Championship";"31";"2025/2026";"129";"AM";"Midfield";"89.94";"14";"0";"11157.64";"124.05";"1941.0";"872.14";"80.29";"294.86";"16.21";"1167.0";"96.5";"29.3";"30.06";"113.0";"6.36";"92.36";"17.21";"4.79";"0.69";"0.79";"1.29";"1.5";"1.7";"58.07";"1.8";"2.65";"11164.58";"124.05";"1942.21";"872.69";"80.34";"295.04";"16.22";"1167.73";"96.56";"113.07";"6.36";"92.41";"17.22";"4.79";"1.29";"58.11"
"Will Fish";"W. Fish";"42836";"2003-02-17";"Cardiff City";"61";"ENG - League One";"101";"2025/2026";"129";"RCB";"Central Defender";"98.29";"18";"0";"10272.67";"104.51";"1396.5";"421.06";"39.67";"108.72";"6.33";"529.78";"46.0";"28.58";"29.72";"114.11";"6.0";"85.61";"8.67";"3.67";"0.6";"0.69";"0.72";"1.32";"1.5";"20.67";"2.3";"2.86";"9406.26";"104.51";"1278.72";"385.54";"36.32";"99.55";"5.8";"485.1";"42.12";"104.49";"5.49";"78.39";"7.94";"3.36";"0.66";"18.92"
"Lewis Gordon";"L. Gordon";"42920";"2001-02-12";"Chesterfield FC";"3361";"ENG - League Two";"204";"2025/2026";"129";"LB";"Full Back";"95.44";"20";"0";"9952.15";"104.28";"1304.0";"508.1";"48.35";"145.7";"7.55";"653.8";"55.9";"28.55";"30.3";"109.3";"6.15";"90.6";"15.1";"4.1";"0.56";"0.59";"0.85";"1.44";"1.64";"28.1";"1.95";"2.75";"9384.8";"104.28";"1229.66";"479.13";"45.59";"137.39";"7.12";"616.53";"52.71";"103.07";"5.8";"85.44";"14.24";"3.87";"0.8";"26.5"
"Issahaku Abdul Fatawu";"A. Fatawu";"42930";"2004-03-08";"Leicester City";"62";"ENG - Championship";"31";"2025/2026";"129";"RW";"Wide Attacker";"93.0";"30";"0";"9684.23";"104.13";"1328.17";"571.8";"62.03";"225.43";"13.23";"797.23";"75.27";"30.01";"32.2";"112.07";"11.7";"93.43";"20.27";"9.2";"0.56";"0.59";"3.17";"1.1";"1.13";"36.9";"1.96";"2.53";"9371.56";"104.13";"1285.28";"553.34";"60.03";"218.15";"12.81";"771.49";"72.84";"108.45";"11.32";"90.42";"19.61";"8.9";"3.06";"35.71"
"Maxime Estève";"M. Estève";"43112";"2002-05-26";"Burnley";"53";"ENG - Premier League";"1";"2025/2026";"129";"LCB";"Central Defender";"99.66";"17";"0";"10380.06";"104.16";"1228.82";"467.88";"45.53";"183.88";"9.88";"651.76";"55.41";"30.14";"31.4";"115.76";"5.82";"87.0";"13.18";"4.18";"0.63";"0.67";"1.41";"1.29";"1.34";"32.76";"1.91";"2.65";"9374.13";"104.16";"1109.74";"422.54";"41.12";"166.06";"8.92";"588.6";"50.04";"104.55";"5.26";"78.57";"11.9";"3.77";"1.27";"29.59"
"Jonathan Varane";"J. Varane";"43133";"2001-09-09";"Queens Park Rangers";"56";"ENG - Championship";"31";"2025/2026";"129";"RM";"Midfield";"83.95";"9";"0";"9636.0";"114.78";"1544.89";"457.89";"41.56";"104.67";"5.67";"562.56";"47.22";"27.66";"28.5";"100.0";"5.33";"79.44";"12.33";"3.67";"0.62";"0.67";"1.22";"1.27";"1.27";"34.67";"1.95";"2.88";"10330.43";"114.78";"1656.22";"490.89";"44.55";"112.21";"6.08";"603.1";"50.63";"107.21";"5.72";"85.17";"13.22";"3.93";"1.31";"37.16"
"Arouna Sanganté";"A. Sanganté";"43136";"2002-04-12";"Le Havre AC";"69";"FRA - Ligue 1";"3";"2025/2026";"129";"RCB";"Central Defender";"97.68";"14";"0";"10037.57";"102.76";"1242.79";"399.64";"38.86";"111.0";"6.36";"510.64";"45.21";"28.66";"30.82";"117.93";"7.79";"90.43";"18.29";"5.57";"0.61";"0.65";"1.21";"1.29";"1.51";"33.07";"1.89";"2.69";"9248.29";"102.76";"1145.06";"368.22";"35.8";"102.27";"5.86";"470.49";"41.66";"108.66";"7.17";"83.32";"16.85";"5.13";"1.12";"30.47"
"Tarik Muharemović";"T. Muharemović";"43140";"2003-02-28";"Sassuolo";"158";"ITA - Serie A";"5";"2025/2026";"129";"LCB";"Central Defender";"98.43";"21";"0";"10192.57";"103.55";"1235.05";"372.14";"36.38";"108.05";"5.95";"480.19";"42.33";"28.66";"30.76";"105.86";"5.43";"85.29";"12.71";"3.19";"0.68";"0.68";"0.81";"1.4";"1.44";"27.9";"1.91";"2.69";"9319.84";"103.55";"1129.3";"340.28";"33.27";"98.8";"5.44";"439.07";"38.71";"96.79";"4.96";"77.98";"11.63";"2.92";"0.74";"25.52"
"Nathan Ngoy";"N. Ngoy";"43288";"2003-06-10";"LOSC Lille";"78";"FRA - Ligue 1";"3";"2025/2026";"129";"RCB";"Central Defender";"99.57";"15";"0";"10940.27";"109.87";"1528.27";"484.4";"44.93";"141.67";"8.47";"626.07";"53.4";"29.49";"30.76";"115.0";"5.87";"88.6";"13.33";"4.13";"0.58";"0.72";"1.33";"1.15";"1.29";"33.4";"1.87";"2.79";"9888.65";"109.87";"1381.36";"437.84";"40.61";"128.05";"7.65";"565.89";"48.27";"103.95";"5.3";"80.08";"12.05";"3.74";"1.21";"30.19"
"Roberto Fernández Jaén";"Roberto Fernández";"43300";"2002-07-03";"RCD Espanyol";"271";"ESP - LaLiga";"4";"2025/2026";"129";"CF";"Center Forward";"89.92";"16";"0";"10209.12";"113.54";"1443.31";"641.69";"70.62";"291.31";"16.44";"933.0";"87.06";"30.57";"31.92";"117.12";"9.06";"92.0";"22.0";"6.69";"0.61";"0.65";"2.56";"1.14";"1.15";"41.75";"1.78";"2.67";"10218.71";"113.54";"1444.67";"642.29";"70.69";"291.59";"16.45";"933.88";"87.14";"117.23";"9.07";"92.09";"22.02";"6.69";"2.56";"41.79"
"Hákon Arnar Haraldsson";"H. Haraldsson";"43319";"2003-04-10";"LOSC Lille";"78";"FRA - Ligue 1";"3";"2025/2026";"129";"AM";"Midfield";"89.23";"14";"0";"11212.21";"125.66";"1962.29";"831.14";"75.93";"272.21";"15.71";"1103.36";"91.64";"28.74";"29.8";"113.07";"4.5";"91.5";"11.57";"3.5";"0.68";"0.72";"1.29";"1.29";"1.4";"58.64";"1.82";"2.63";"11309.45";"125.66";"1979.3";"838.35";"76.59";"274.58";"15.85";"1112.93";"92.44";"114.05";"4.54";"92.29";"11.67";"3.53";"1.3";"59.15"
"Jon Mikel Aramburu Mejías";"Jon Aramburu";"43874";"2002-07-23";"Real Sociedad";"282";"ESP - LaLiga";"4";"2025/2026";"129";"RB";"Full Back";"96.07";"18";"0";"10195.89";"106.13";"1254.33";"521.06";"52.44";"179.39";"10.22";"700.44";"62.67";"29.39";"31.46";"109.17";"6.72";"87.61";"19.67";"4.83";"0.6";"0.6";"1.78";"1.25";"1.29";"32.22";"1.97";"2.66";"9551.74";"106.13";"1175.09";"488.14";"49.13";"168.06";"9.58";"656.19";"58.71";"102.27";"6.3";"82.08";"18.42";"4.53";"1.67";"30.19"
"Castello  Lukeba";"C. Lukeba";"44864";"2002-12-17";"RB Leipzig";"312";"GER - Bundesliga";"6";"2025/2026";"129";"LCB";"Central Defender";"98.21";"16";"0";"10387.44";"105.77";"1288.06";"415.69";"38.75";"122.12";"7.44";"537.81";"46.19";"28.76";"30.94";"102.31";"4.56";"82.12";"10.75";"3.12";"0.68";"0.76";"1.38";"1.38";"1.5";"25.88";"1.93";"2.71";"9519.15";"105.77";"1180.39";"380.94";"35.51";"111.92";"6.82";"492.86";"42.33";"93.76";"4.18";"75.26";"9.85";"2.86";"1.26";"23.71"
"Daniel David Jebbison";"D. Jebbison";"44870";"2003-07-11";"Preston North End";"748";"ENG - Championship";"31";"2025/2026";"129";"CF";"Center Forward";"79.4";"13";"0";"8836.77";"111.29";"1228.46";"622.69";"70.0";"298.15";"16.38";"920.85";"86.38";"30.8";"32.12";"97.62";"11.08";"78.85";"18.15";"8.46";"0.59";"0.72";"2.38";"1.18";"1.6";"49.69";"1.9";"2.78";"10016.0";"111.29";"1392.4";"705.79";"79.34";"337.94";"18.57";"1043.73";"97.91";"110.64";"12.56";"89.37";"20.58";"9.59";"2.7";"56.32"
"Lewis Macari";"L. Macari";"45047";"2002-02-08";"Notts County FC";"1563";"ENG - League Two";"204";"2025/2026";"129";"RCB";"Central Defender";"94.5";"22";"0";"9884.55";"104.6";"1239.41";"401.41";"35.14";"107.73";"5.95";"509.14";"41.09";"27.75";"29.64";"108.32";"4.27";"82.05";"9.77";"1.91";"0.74";"0.84";"0.27";"1.59";"null";"20.82";"2.05";"2.82";"9414.08";"104.6";"1180.42";"382.3";"33.46";"102.6";"5.67";"484.9";"39.14";"103.16";"4.07";"78.14";"9.31";"1.82";"0.26";"19.83"
"Liam Kitching";"L. Kitching";"45048";"1999-09-25";"Coventry City Football Club";"1545";"ENG - Championship";"31";"2025/2026";"129";"LCB";"Central Defender";"99.39";"28";"0";"10392.93";"104.57";"1327.36";"526.71";"51.71";"196.43";"11.0";"723.14";"62.71";"29.54";"31.8";"122.82";"7.14";"90.25";"15.96";"5.18";"0.7";"0.73";"1.57";"1.31";"1.34";"26.61";"1.94";"2.67";"9411.39";"104.57";"1202.0";"476.97";"46.83";"177.88";"9.96";"654.85";"56.79";"111.22";"6.47";"81.73";"14.46";"4.69";"1.42";"24.09"
"Antoine Mendy";"A. Mendy";"45404";"2004-05-27";"OGC Nice";"70";"FRA - Ligue 1";"3";"2025/2026";"129";"RCB";"Central Defender";"97.67";"12";"0";"9986.5";"102.25";"1136.67";"411.42";"39.25";"133.17";"7.67";"544.58";"46.92";"28.89";"30.0";"96.92";"5.08";"76.83";"12.08";"3.33";"0.65";"0.67";"1.5";"1.22";"null";"27.58";"1.93";"2.65";"9202.32";"102.25";"1047.41";"379.11";"36.17";"122.71";"7.06";"501.82";"43.23";"89.31";"4.68";"70.8";"11.13";"3.07";"1.38";"25.42"
"Caleb Taylor";"C. Taylor";"45409";"2003-01-14";"Millwall FC";"751";"ENG - Championship";"31";"2025/2026";"129";"RCB";"Central Defender";"99.0";"14";"0";"10304.29";"104.08";"1276.5";"402.07";"39.0";"139.36";"7.43";"541.43";"46.43";"29.3";"30.88";"106.5";"5.5";"84.21";"11.14";"3.64";"0.67";"0.72";"0.64";"1.34";"1.34";"26.36";"2.09";"2.69";"9367.19";"104.08";"1160.41";"365.51";"35.45";"126.68";"6.75";"492.19";"42.21";"96.81";"5.0";"76.56";"10.13";"3.31";"0.58";"23.96"
"Nicolás Nahuel Valentini";"N. Valentini";"45913";"2001-04-06";"Hellas Verona";"157";"ITA - Serie A";"5";"2025/2026";"129";"LCB";"Central Defender";"95.55";"9";"0";"9562.11";"100.07";"918.22";"335.89";"31.33";"86.44";"4.89";"422.33";"36.22";"28.41";"29.56";"100.11";"3.78";"80.22";"10.44";"2.11";"0.83";"0.91";"0.11";"null";"null";"25.89";"2.16";"2.81";"9006.52";"100.07";"864.87";"316.37";"29.51";"81.42";"4.6";"397.79";"34.12";"94.29";"3.56";"75.56";"9.84";"1.99";"0.1";"24.38"
"Tawanda Jethro Maswanhise";"T. Maswanhise";"46021";"2002-11-20";"Motherwell";"243";"SCO - Premiership";"18";"2025/2026";"129";"RW";"Wide Attacker";"86.43";"12";"0";"8718.25";"100.87";"1075.17";"509.5";"54.67";"255.25";"13.33";"764.75";"68.0";"29.77";"30.86";"94.83";"8.33";"78.0";"16.92";"6.42";"0.64";"0.69";"2.17";"1.09";"1.29";"34.08";"1.99";"2.69";"9078.59";"100.87";"1119.61";"530.56";"56.93";"265.8";"13.88";"796.36";"70.81";"98.75";"8.68";"81.22";"17.62";"6.68";"2.26";"35.49"
"Priestley Farquharson";"P. Farquharson";"46112";"1997-03-15";"Walsall FC";"2508";"ENG - League Two";"204";"2025/2026";"129";"RCB";"Central Defender";"93.52";"9";"0";"9581.78";"102.45";"1056.56";"350.33";"34.11";"107.78";"6.0";"458.11";"40.11";"28.63";"29.62";"103.22";"5.22";"79.56";"10.11";"3.56";"0.73";"0.8";"1.33";"1.46";"null";"19.67";"2.01";"3.02";"9220.73";"102.45";"1016.74";"337.13";"32.83";"103.72";"5.77";"440.85";"38.6";"99.33";"5.03";"76.56";"9.73";"3.42";"1.28";"18.93"
"William Albert Evans";"W. Evans";"46291";"1997-07-01";"Mansfield Town FC";"2819";"ENG - League One";"101";"2025/2026";"129";"CF";"Center Forward";"88.59";"18";"0";"9851.33";"111.2";"1420.83";"637.17";"64.22";"221.0";"14.28";"858.17";"78.5";"29.22";"30.62";"111.78";"7.72";"85.28";"21.72";"5.5";"0.65";"0.79";"1.44";"1.27";"1.68";"40.89";"1.83";"2.82";"10008.25";"111.2";"1443.47";"647.32";"65.25";"224.52";"14.51";"871.84";"79.75";"113.56";"7.85";"86.64";"22.07";"5.59";"1.47";"41.54"
"Lucas Lopes Beraldo";"Lucas Beraldo";"46620";"2003-11-24";"Paris Saint-Germain";"76";"FRA - Ligue 1";"3";"2025/2026";"129";"LCB";"Central Defender";"87.35";"8";"0";"8755.25";"100.23";"1007.0";"355.75";"35.25";"148.62";"6.88";"504.38";"42.12";"29.73";"30.5";"98.25";"5.12";"77.0";"12.0";"3.12";"0.75";"0.75";"1.25";"1.51";"1.79";"23.25";"2.07";"2.99";"9021.08";"100.23";"1037.57";"366.55";"36.32";"153.14";"7.08";"519.69";"43.4";"101.23";"5.28";"79.34";"12.36";"3.22";"1.29";"23.96"
"Oluwafemi Seriki";"F. Seriki";"47892";"2003-04-28";"Sheffield United";"746";"ENG - Championship";"31";"2025/2026";"129";"RB";"Full Back";"97.84";"17";"0";"10185.47";"104.1";"1405.41";"642.41";"68.18";"323.41";"16.65";"965.82";"84.82";"30.59";"31.8";"123.59";"10.88";"102.88";"20.88";"8.53";"0.61";"0.66";"3.65";"1.12";"1.24";"34.88";"2.03";"2.6";"9369.38";"104.1";"1292.81";"590.94";"62.71";"297.5";"15.31";"888.44";"78.03";"113.69";"10.01";"94.64";"19.21";"7.85";"3.35";"32.09"
"Mamadou Moustapha Mbow";"M. Mbow";"48845";"2000-03-08";"Paris FC";"327";"FRA - Ligue 1";"3";"2025/2026";"129";"RCB";"Central Defender";"99.6";"16";"0";"10265.94";"103.07";"1208.75";"422.19";"42.69";"149.31";"8.31";"571.5";"51.0";"29.44";"30.86";"116.56";"6.75";"90.0";"17.5";"4.62";"0.6";"0.62";"1.69";"1.18";"1.38";"27.69";"1.93";"2.67";"9276.06";"103.07";"1092.2";"381.48";"38.57";"134.92";"7.51";"516.39";"46.08";"105.32";"6.1";"81.32";"15.81";"4.18";"1.52";"25.02"
"Nicolò Bertola";"N. Bertola";"48852";"2003-03-23";"Udinese";"148";"ITA - Serie A";"5";"2025/2026";"129";"RCB";"Central Defender";"92.95";"8";"0";"9905.5";"106.56";"1255.88";"456.12";"41.62";"153.88";"7.38";"610.0";"49.0";"29.75";"30.72";"104.12";"6.75";"81.62";"14.25";"4.75";"0.71";"0.75";"1.25";"1.36";"null";"33.38";"1.99";"2.78";"9590.69";"106.56";"1215.96";"441.63";"40.3";"148.98";"7.14";"590.61";"47.44";"100.82";"6.54";"79.03";"13.8";"4.6";"1.21";"32.31"
"Sebastian Söraas Sebulonsen";"S. Sebulonsen";"49442";"2000-01-27";"1. FC Köln";"107";"GER - Bundesliga";"6";"2025/2026";"129";"RCB";"Central Defender";"98.81";"9";"0";"11569.78";"117.09";"1500.78";"535.56";"53.22";"217.44";"11.56";"753.0";"64.78";"30.69";"31.34";"107.11";"5.56";"88.0";"13.33";"3.78";"0.72";"0.75";"1.89";"1.31";"1.47";"29.11";"2.09";"2.89";"10538.09";"117.09";"1366.95";"487.8";"48.48";"198.05";"10.53";"685.85";"59.0";"97.56";"5.06";"80.15";"12.14";"3.44";"1.72";"26.52"
"Trai Hume";"T. Hume";"49915";"2002-03-18";"Sunderland";"35";"ENG - Premier League";"1";"2025/2026";"129";"RB";"Full Back";"98.29";"8";"0";"10399.25";"105.8";"1271.62";"495.0";"54.62";"224.0";"11.0";"719.0";"65.62";"29.73";"30.32";"114.5";"7.12";"91.25";"20.25";"5.12";"0.68";"0.69";"1.75";"1.32";"1.38";"38.62";"2.0";"2.67";"9521.99";"105.8";"1164.35";"453.24";"50.02";"205.1";"10.07";"658.35";"60.09";"104.84";"6.52";"83.55";"18.54";"4.69";"1.6";"35.37"
"Dan Casey";"D. Casey";"50105";"1997-10-29";"Wycombe Wanderers";"1546";"ENG - League One";"101";"2025/2026";"129";"RCB";"Central Defender";"99.85";"16";"0";"10038.12";"100.54";"1235.38";"451.25";"43.19";"131.06";"7.44";"582.31";"50.62";"29.16";"30.88";"115.56";"5.75";"90.62";"12.19";"4.06";"0.62";"0.75";"1.31";"1.31";"1.49";"16.25";"2.12";"null";"9048.26";"100.54";"1113.55";"406.75";"38.93";"118.14";"6.7";"524.89";"45.63";"104.17";"5.18";"81.69";"10.99";"3.66";"1.18";"14.65"
"Sergi Cardona Bermúdez";"Sergi Cardona";"50778";"1999-07-08";"Villarreal CF";"260";"ESP - LaLiga";"4";"2025/2026";"129";"LB";"Full Back";"95.14";"10";"0";"11192.7";"117.64";"1582.9";"768.9";"69.3";"268.8";"14.9";"1037.7";"84.2";"28.79";"29.42";"128.8";"8.5";"103.8";"24.1";"6.2";"0.7";"0.74";"2.1";"1.5";"1.55";"46.1";"1.93";"2.53";"10587.82";"117.64";"1497.36";"727.35";"65.55";"254.27";"14.09";"981.62";"79.65";"121.84";"8.04";"98.19";"22.8";"5.86";"1.99";"43.61"
"Macaulay Gillesphey";"M. Gillesphey";"50993";"1995-11-24";"Charlton Athletic";"877";"ENG - Championship";"31";"2025/2026";"129";"LCB";"Central Defender";"96.9";"18";"0";"10288.56";"106.18";"1345.89";"459.5";"42.89";"145.0";"7.94";"604.5";"50.83";"28.11";"29.34";"102.94";"4.11";"80.33";"9.5";"2.5";"0.74";"0.79";"0.83";"1.63";"1.74";"25.89";"2.01";"2.79";"9556.3";"106.18";"1250.1";"426.8";"39.84";"134.68";"7.38";"561.48";"47.22";"95.62";"3.82";"74.62";"8.82";"2.32";"0.77";"24.05"
"Cameron Devlin";"C. Devlin";"51030";"1998-06-07";"Heart of Midlothian";"242";"SCO - Premiership";"18";"2025/2026";"129";"LM";"Midfield";"98.71";"8";"0";"11429.0";"115.79";"1836.38";"538.0";"54.38";"135.25";"8.0";"673.25";"62.38";"27.68";"28.22";"127.88";"5.88";"102.38";"19.5";"4.62";"0.58";"0.7";"1.5";"1.33";"null";"53.5";"1.87";"2.61";"10420.92";"115.79";"1674.4";"490.55";"49.58";"123.32";"7.29";"613.87";"56.87";"116.6";"5.36";"93.35";"17.78";"4.22";"1.37";"48.78"
"John Koutroumbis";"J. Koutroumbis";"51676";"1998-03-06";"Motherwell";"243";"SCO - Premiership";"18";"2025/2026";"129";"RB";"Full Back";"85.67";"8";"0";"9531.38";"111.26";"1372.88";"612.62";"60.75";"262.88";"14.12";"875.5";"74.88";"29.94";"30.68";"113.75";"10.25";"96.0";"20.12";"7.62";"0.63";"0.63";"2.25";"1.22";"1.42";"33.62";"2.14";"2.51";"10013.26";"111.26";"1442.28";"643.6";"63.82";"276.17";"14.84";"919.76";"78.66";"119.5";"10.77";"100.85";"21.14";"8.01";"2.36";"35.33"
" Apostolos  Stamatelopoulos";"A. Stamatelopoulos";"51689";"1999-04-09";"Motherwell";"243";"SCO - Premiership";"18";"2025/2026";"129";"CF";"Center Forward";"77.58";"9";"0";"9217.22";"118.81";"1275.78";"609.0";"58.44";"201.44";"11.67";"810.44";"70.11";"29.29";"30.26";"96.0";"6.67";"79.33";"15.44";"4.22";"0.64";"0.72";"0.78";"1.51";"1.51";"42.67";"2.03";"2.68";"10693.14";"118.81";"1480.06";"706.52";"67.8";"233.7";"13.53";"940.22";"81.34";"111.37";"7.73";"92.04";"17.92";"4.9";"0.9";"49.5"
"Ronald Pereira Martins";"Ronald";"53123";"2001-06-14";"Swansea City";"55";"ENG - Championship";"31";"2025/2026";"129";"RW";"Wide Attacker";"87.5";"22";"0";"10037.32";"114.71";"1674.91";"788.73";"79.41";"336.59";"17.77";"1125.32";"97.18";"30.17";"31.24";"112.64";"9.18";"88.14";"22.36";"7.05";"0.6";"0.6";"2.36";"1.23";"1.28";"51.86";"1.91";"2.55";"10324.19";"114.71";"1722.78";"811.27";"81.68";"346.21";"18.28";"1157.48";"99.96";"115.86";"9.44";"90.66";"23.0";"7.25";"2.43";"53.35"
"Adrián De La Fuente Barquilla";"Adrián de la Fuente";"53337";"1999-02-26";"Levante UD";"281";"ESP - LaLiga";"4";"2025/2026";"129";"RCB";"Central Defender";"97.28";"11";"0";"9432.09";"96.95";"1038.27";"328.18";"30.91";"87.45";"5.09";"415.64";"36.0";"28.09";"29.16";"104.36";"4.82";"81.82";"13.82";"3.45";"0.77";"0.79";"0.73";"1.65";"null";"19.73";"2.32";"2.89";"8725.8";"96.95";"960.53";"303.61";"28.59";"80.91";"4.71";"384.51";"33.3";"96.55";"4.46";"75.69";"12.78";"3.2";"0.67";"18.25"
"Alejandro Balde Martínez";"Alejandro Balde";"53347";"2003-10-18";"FC Barcelona";"264";"ESP - LaLiga";"4";"2025/2026";"129";"LB";"Full Back";"90.42";"14";"0";"9903.57";"109.52";"1534.64";"821.36";"80.79";"318.93";"17.86";"1140.29";"98.64";"30.14";"31.38";"122.93";"10.71";"110.29";"23.43";"8.71";"0.58";"0.65";"3.14";"1.25";"1.39";"41.71";"2.04";"2.53";"9857.15";"109.52";"1527.45";"817.51";"80.41";"317.43";"17.77";"1134.94";"98.18";"122.35";"10.66";"109.77";"23.32";"8.67";"3.13";"41.52"
"Nicolás González Iglesias";"Nico González";"53348";"2002-01-03";"Manchester City";"40";"ENG - Premier League";"1";"2025/2026";"129";"DM";"Midfield";"90.52";"14";"0";"11096.79";"122.6";"2088.5";"558.5";"41.64";"67.07";"4.36";"625.57";"46.0";"26.18";"27.4";"112.79";"3.29";"96.14";"10.21";"2.0";"0.68";"0.8";"0.36";"1.72";"null";"33.29";"2.15";"2.76";"11033.59";"122.6";"2076.61";"555.32";"41.41";"66.69";"4.33";"622.01";"45.74";"112.14";"3.27";"95.6";"10.16";"1.99";"0.36";"33.1"
"Aune Selland Heggebø";"A. Heggebø";"54543";"2001-07-29";"West Bromwich Albion";"34";"ENG - Championship";"31";"2025/2026";"129";"CF";"Center Forward";"87.22";"24";"0";"10150.25";"116.38";"1509.42";"663.08";"60.54";"170.46";"9.79";"833.54";"70.33";"28.16";"30.4";"102.29";"9.88";"82.33";"16.75";"6.71";"0.64";"0.67";"1.54";"1.31";"1.32";"45.83";"1.85";"2.7";"10474.34";"116.38";"1557.61";"684.26";"62.47";"175.9";"10.1";"860.16";"72.58";"105.56";"10.19";"84.96";"17.28";"6.92";"1.59";"47.3"
"José Manuel Arias Copete";"José Copete";"54938";"1999-10-10";"Valencia CF";"257";"ESP - LaLiga";"4";"2025/2026";"129";"LCB";"Central Defender";"95.13";"19";"0";"9586.26";"100.77";"995.58";"361.11";"36.26";"121.63";"7.05";"482.74";"43.32";"29.04";"31.04";"102.58";"4.84";"80.89";"12.42";"3.63";"0.67";"0.78";"1.68";"1.27";"1.41";"23.68";"1.9";"2.67";"9069.58";"100.77";"941.92";"341.64";"34.31";"115.08";"6.67";"456.72";"40.98";"97.05";"4.58";"76.53";"11.75";"3.44";"1.59";"22.41"
"Sebastian Tounekti";"S. Tounekti";"58597";"2002-07-13";"Celtic FC";"248";"SCO - Premiership";"18";"2025/2026";"129";"LF";"Wide Attacker";"70.9";"8";"0";"8137.25";"114.77";"1209.38";"557.88";"53.12";"179.62";"9.62";"737.5";"62.75";"29.68";"30.52";"86.62";"7.12";"70.88";"17.75";"5.75";"0.69";"0.71";"1.88";"1.31";"1.49";"46.62";"1.96";"2.69";"10329.37";"114.77";"1535.17";"708.16";"67.44";"228.01";"12.22";"936.18";"79.65";"109.96";"9.04";"89.97";"22.53";"7.3";"2.38";"59.19"
"Thierry Mikael Gale";"T. Gale";"58629";"2002-05-01";"Bolton Wanderers";"45";"ENG - League One";"101";"2025/2026";"129";"LW";"Wide Attacker";"76.46";"11";"0";"8207.36";"107.35";"1083.64";"536.45";"61.18";"308.36";"16.36";"844.82";"77.55";"31.44";"32.32";"92.73";"10.0";"73.82";"20.82";"8.55";"0.6";"0.65";"4.18";"1.13";"1.21";"30.73";"2.16";"2.75";"9661.08";"107.35";"1275.57";"631.47";"72.02";"362.98";"19.26";"994.46";"91.28";"109.15";"11.77";"86.89";"24.51";"10.06";"4.92";"36.17"
"Liam Scales";"L. Scales";"58639";"1998-08-08";"Celtic FC";"248";"SCO - Premiership";"18";"2025/2026";"129";"LCB";"Central Defender";"97.27";"16";"0";"10325.31";"106.15";"1344.5";"444.06";"42.5";"119.44";"7.12";"563.5";"49.62";"28.49";"30.32";"110.88";"6.06";"88.75";"13.12";"3.12";"0.71";"0.75";"1.19";"1.28";"1.41";"24.56";"1.93";"2.87";"9553.61";"106.15";"1244.01";"410.87";"39.32";"110.51";"6.59";"521.38";"45.92";"102.59";"5.61";"82.12";"12.14";"2.89";"1.1";"22.73"
"Milutin Osmajić";"M. Osmajić";"58687";"1999-07-25";"Preston North End";"748";"ENG - Championship";"31";"2025/2026";"129";"CF";"Center Forward";"85.59";"13";"0";"8964.31";"104.74";"1084.77";"542.92";"67.08";"342.69";"18.69";"885.62";"85.77";"31.73";"32.84";"100.0";"9.62";"74.38";"21.23";"7.92";"0.66";"0.76";"2.69";"1.25";"1.33";"33.15";"1.92";"2.95";"9426.5";"104.74";"1140.7";"570.92";"70.54";"360.36";"19.66";"931.28";"90.19";"105.16";"10.11";"78.22";"22.33";"8.33";"2.83";"34.86"
"Valentín Barco";"V. Barco";"58854";"2004-07-23";"RC Strasbourg Alsace";"311";"FRA - Ligue 1";"3";"2025/2026";"129";"LM";"Midfield";"92.27";"8";"0";"11197.75";"121.36";"1728.12";"729.75";"65.38";"207.38";"11.75";"937.12";"77.12";"28.34";"28.88";"106.5";"4.88";"89.12";"15.75";"3.62";"0.79";"0.81";"1.25";"1.62";"1.77";"41.62";"1.85";"2.95";"10922.17";"121.36";"1685.59";"711.79";"63.77";"202.27";"11.46";"914.06";"75.23";"103.88";"4.76";"86.93";"15.36";"3.54";"1.22";"40.6"
"Alassana Jatta";"A. Jatta";"58974";"1999-01-12";"Notts County FC";"1563";"ENG - League Two";"204";"2025/2026";"129";"CF";"Center Forward";"89.64";"21";"0";"9639.19";"107.54";"1308.0";"670.24";"64.05";"210.52";"13.71";"880.76";"77.76";"29.01";"30.14";"97.0";"11.0";"79.33";"14.76";"7.52";"0.6";"0.73";"2.14";"1.24";"1.39";"39.33";"1.86";"2.84";"9678.36";"107.54";"1313.32";"672.96";"64.31";"211.38";"13.77";"884.34";"78.08";"97.39";"11.04";"79.66";"14.82";"7.55";"2.15";"39.49"
"Toti António Gomes";"Toti";"59889";"1999-01-16";"Wolverhampton Wanderers";"52";"ENG - Premier League";"1";"2025/2026";"129";"LCB";"Central Defender";"94.26";"10";"0";"9840.3";"104.4";"1107.8";"369.2";"34.3";"109.0";"6.2";"478.2";"40.5";"28.7";"30.12";"98.6";"4.3";"76.7";"9.0";"3.4";"0.7";"0.89";"1.2";"1.39";"null";"22.3";"1.99";"2.84";"9395.74";"104.4";"1057.75";"352.52";"32.75";"104.08";"5.92";"456.6";"38.67";"94.15";"4.11";"73.23";"8.59";"3.25";"1.15";"21.29"
"Kilian Fischer";"K. Fischer";"59982";"2000-10-12";"VfL Wolfsburg";"106";"GER - Bundesliga";"6";"2025/2026";"129";"RB";"Full Back";"93.92";"8";"0";"11208.12";"119.34";"1840.62";"733.38";"65.12";"223.5";"12.12";"956.88";"77.25";"29.69";"30.08";"119.38";"9.38";"100.75";"20.12";"5.62";"0.66";"0.76";"1.88";"1.17";"1.45";"45.38";"2.03";"2.8";"10740.71";"119.34";"1763.86";"702.79";"62.41";"214.18";"11.62";"916.97";"74.03";"114.4";"8.98";"96.55";"19.29";"5.39";"1.8";"43.48"
"Deniz Undav";"D. Undav";"60012";"1996-07-19";"VfB Stuttgart";"115";"GER - Bundesliga";"6";"2025/2026";"129";"CF";"Center Forward";"94.33";"10";"0";"10226.6";"108.41";"1474.8";"548.7";"49.6";"119.7";"7.3";"668.4";"56.9";"27.49";"28.44";"116.0";"5.7";"99.2";"15.0";"3.2";"0.86";"0.9";"0.7";"1.94";"2.08";"34.9";"1.82";"3.06";"9756.65";"108.41";"1407.03";"523.49";"47.32";"114.2";"6.96";"637.68";"54.29";"110.67";"5.44";"94.64";"14.31";"3.05";"0.67";"33.3"
"Matthew Sorinola";"M. Sorinola";"60016";"2001-02-19";"Plymouth Argyle";"1728";"ENG - League One";"101";"2025/2026";"129";"LB";"Full Back";"94.3";"8";"0";"10312.5";"109.36";"1433.25";"589.25";"53.0";"190.88";"9.88";"780.12";"62.88";"29.15";"29.76";"108.25";"8.12";"86.5";"16.25";"5.0";"0.62";"0.77";"2.0";"1.26";"1.76";"31.5";"2.15";"2.69";"9842.69";"109.36";"1367.96";"562.41";"50.59";"182.18";"9.43";"744.58";"60.01";"103.32";"7.75";"82.56";"15.51";"4.77";"1.91";"30.06"
"Daouda Guindo";"D. Guindo";"60112";"2002-10-14";"Stade Brestois 29";"89";"FRA - Ligue 1";"3";"2025/2026";"129";"LB";"Full Back";"93.25";"10";"0";"9772.7";"104.8";"1274.9";"586.5";"57.6";"198.4";"11.0";"784.9";"68.6";"29.24";"30.34";"109.3";"9.2";"88.0";"20.5";"6.2";"0.69";"0.71";"1.3";"1.43";"1.66";"39.1";"2.0";"2.69";"9431.93";"104.8";"1230.44";"566.05";"55.59";"191.48";"10.62";"757.53";"66.21";"105.49";"8.88";"84.93";"19.79";"5.98";"1.25";"37.74"
"Yannik Engelhardt";"Y. Engelhardt";"60479";"2001-02-07";"Borussia Mönchengladbach";"114";"GER - Bundesliga";"6";"2025/2026";"129";"LM";"Midfield";"94.9";"12";"0";"12139.08";"127.92";"2020.5";"562.83";"54.67";"144.58";"9.25";"707.42";"63.92";"28.17";"29.36";"129.5";"4.25";"113.83";"17.17";"3.08";"0.71";"0.71";"0.92";"1.35";"1.38";"50.92";"1.89";"2.74";"11512.81";"127.92";"1916.26";"533.8";"51.85";"137.12";"8.77";"670.92";"60.62";"122.82";"4.03";"107.96";"16.28";"2.92";"0.87";"48.29"
"Jordy Makengo Basambundu";"J. Makengo";"60487";"2001-08-03";"SC Freiburg";"118";"GER - Bundesliga";"6";"2025/2026";"129";"LB";"Full Back";"92.09";"8";"0";"10188.88";"110.64";"1349.12";"565.62";"58.62";"216.25";"12.88";"781.88";"71.5";"29.8";"30.64";"111.75";"6.25";"97.75";"19.0";"4.25";"0.62";"0.62";"1.62";"1.1";"1.11";"44.62";"1.89";"2.55";"9957.23";"110.64";"1318.45";"552.77";"57.29";"211.33";"12.58";"764.1";"69.87";"109.21";"6.11";"95.53";"18.57";"4.15";"1.59";"43.61"
"Aidomo Emakhu";"A. Emakhu";"60732";"2003-10-26";"Millwall FC";"751";"ENG - Championship";"31";"2025/2026";"129";"LW";"Wide Attacker";"84.76";"8";"0";"8452.0";"99.72";"1198.38";"547.12";"58.62";"229.0";"12.75";"776.12";"71.38";"30.41";"31.4";"100.75";"8.88";"78.5";"19.12";"6.25";"0.71";"0.77";"1.88";"1.33";"1.48";"39.25";"1.89";"2.52";"8974.47";"99.72";"1272.45";"580.95";"62.25";"243.16";"13.54";"824.1";"75.79";"106.98";"9.42";"83.35";"20.31";"6.64";"1.99";"41.68"
"Alex Sean Pablo Robertson";"A. Robertson";"60850";"2003-04-17";"Cardiff City";"61";"ENG - League One";"101";"2025/2026";"129";"LDM";"Midfield";"79.81";"8";"0";"10161.5";"127.31";"2060.75";"547.88";"43.88";"56.25";"4.5";"604.12";"48.38";"25.74";"26.4";"97.12";"4.12";"80.38";"8.38";"2.38";"0.76";"0.84";"0.62";"1.59";"null";"49.0";"1.93";"2.87";"11458.24";"127.31";"2323.73";"617.79";"49.47";"63.43";"5.07";"681.22";"54.55";"109.52";"4.65";"90.63";"9.44";"2.68";"0.7";"55.25"
"Omar Haktab Traorè";"O. Traorè";"61095";"1998-02-04";"1. FC Heidenheim 1846";"763";"GER - Bundesliga";"6";"2025/2026";"129";"RB";"Full Back";"92.2";"10";"0";"10083.9";"109.37";"1319.6";"572.0";"55.1";"207.9";"10.9";"779.9";"66.0";"29.72";"30.78";"108.7";"7.4";"91.2";"18.8";"5.6";"0.66";"0.68";"1.6";"1.27";"1.39";"35.0";"1.85";"2.66";"9843.64";"109.37";"1288.16";"558.37";"53.79";"202.95";"10.64";"761.32";"64.43";"106.11";"7.22";"89.03";"18.35";"5.47";"1.56";"34.17"
"Isak Malcolm Kwaku Hien";"I. Hien";"61190";"1999-01-13";"Atalanta";"130";"ITA - Serie A";"5";"2025/2026";"129";"CB";"Central Defender";"96.18";"13";"0";"9786.92";"101.75";"1110.46";"439.15";"41.54";"138.0";"8.08";"577.15";"49.62";"29.69";"31.16";"102.38";"4.77";"80.77";"10.23";"2.69";"0.69";"0.69";"0.62";"1.46";"1.73";"27.46";"1.98";"2.68";"9157.63";"101.75";"1039.06";"410.92";"38.87";"129.13";"7.56";"540.04";"46.43";"95.8";"4.46";"75.58";"9.57";"2.52";"0.58";"25.7"
"Nathan Moriah-Welsh";"N. Moriah-Welsh";"61222";"2002-03-18";"Mansfield Town FC";"2819";"ENG - League One";"101";"2025/2026";"129";"RW";"Wide Attacker";"80.21";"8";"0";"8404.12";"104.78";"1082.88";"462.12";"46.12";"187.5";"10.25";"649.62";"56.38";"29.88";"30.42";"91.5";"4.62";"69.25";"13.5";"3.75";"0.72";"0.72";"1.25";"1.41";"1.55";"29.0";"2.0";"2.98";"9430.08";"104.78";"1215.07";"518.54";"51.76";"210.39";"11.5";"728.93";"63.26";"102.67";"5.19";"77.7";"15.15";"4.21";"1.4";"32.54"
"Brian De Keersmaecker";"B. De Keersmaecker";"61287";"2000-05-06";"Oxford United";"1588";"ENG - Championship";"31";"2025/2026";"129";"RM";"Midfield";"97.49";"10";"0";"10555.1";"108.27";"1663.8";"533.2";"51.9";"184.6";"8.5";"717.8";"60.4";"29.72";"30.9";"105.1";"3.8";"83.9";"13.6";"2.8";"0.68";"0.71";"0.7";"1.43";"null";"34.9";"1.82";"2.93";"9744.34";"108.27";"1536.0";"492.24";"47.91";"170.42";"7.85";"662.66";"55.76";"97.03";"3.51";"77.46";"12.56";"2.58";"0.65";"32.22"
"Josh Flint";"J. Flint";"61299";"2000-10-13";"Crawley Town FC";"2635";"ENG - League Two";"204";"2025/2026";"129";"LCB";"Central Defender";"100.54";"27";"0";"10564.04";"105.07";"1294.52";"512.26";"50.11";"200.96";"11.04";"713.22";"61.15";"29.88";"32.0";"115.44";"7.11";"80.74";"13.33";"4.81";"0.62";"0.66";"2.04";"1.18";"1.3";"23.96";"1.99";"2.72";"9456.61";"105.07";"1158.81";"458.56";"44.86";"179.9";"9.88";"638.46";"54.74";"103.34";"6.37";"72.28";"11.94";"4.31";"1.82";"21.45"
"Mats Wieffer";"M. Wieffer";"61302";"1999-11-16";"Brighton and Hove Albion";"308";"ENG - Premier League";"1";"2025/2026";"129";"RB";"Full Back";"96.46";"12";"0";"11108.33";"115.16";"1701.17";"729.92";"72.17";"296.5";"15.75";"1026.42";"87.92";"29.78";"31.0";"130.42";"7.67";"105.25";"25.92";"5.92";"0.64";"0.69";"1.33";"1.41";"1.56";"46.58";"1.8";"2.54";"10363.98";"115.16";"1587.17";"681.01";"67.33";"276.63";"14.69";"957.64";"82.03";"121.68";"7.15";"98.2";"24.18";"5.52";"1.24";"43.46"
"George Dobson";"G. Dobson";"61415";"1997-11-15";"Wrexham FC";"3139";"ENG - Championship";"31";"2025/2026";"129";"RM";"Midfield";"93.9";"22";"0";"10510.82";"111.93";"1570.77";"567.09";"55.59";"145.91";"8.64";"713.0";"64.23";"27.86";"29.38";"112.91";"5.41";"90.09";"16.05";"3.68";"0.64";"0.66";"1.18";"1.32";"1.34";"28.55";"1.95";"2.82";"10073.94";"111.93";"1505.48";"543.52";"53.28";"139.84";"8.28";"683.36";"61.56";"108.22";"5.18";"86.35";"15.38";"3.53";"1.13";"27.36"
"Ayodeji Joshua Oluwapelumi Akinola Elerewe";"D. Elerewe";"61417";"2003-09-14";"Bromley FC";"3700";"ENG - League Two";"204";"2025/2026";"129";"LCB";"Central Defender";"99.21";"10";"0";"10324.9";"104.07";"1150.1";"422.7";"39.3";"106.7";"6.4";"529.4";"45.7";"29.52";"30.76";"102.2";"4.9";"76.4";"7.3";"2.9";"0.64";"0.7";"1.4";"1.38";"null";"20.8";"2.22";"3.05";"9366.72";"104.07";"1043.37";"383.47";"35.65";"96.8";"5.81";"480.27";"41.46";"92.72";"4.45";"69.31";"6.62";"2.63";"1.27";"18.87"
"Callum Doyle";"C. Doyle";"61428";"2003-10-03";"Wrexham FC";"3139";"ENG - Championship";"31";"2025/2026";"129";"LCB";"Central Defender";"96.79";"16";"0";"10300.75";"106.42";"1269.81";"423.69";"39.5";"135.44";"7.19";"559.12";"46.69";"28.82";"30.26";"110.56";"4.81";"84.81";"12.56";"3.38";"0.73";"0.8";"1.19";"1.36";"null";"27.12";"2.05";"2.8";"9578.17";"106.42";"1180.74";"393.97";"36.73";"125.94";"6.68";"519.9";"43.41";"102.81";"4.47";"78.86";"11.68";"3.14";"1.1";"25.22"
"Luke Leahy";"L. Leahy";"61432";"1992-11-19";"Wycombe Wanderers";"1546";"ENG - League One";"101";"2025/2026";"129";"LDM";"Midfield";"87.58";"8";"0";"10424.5";"119.04";"1752.88";"549.62";"46.5";"79.88";"4.75";"629.5";"51.25";"26.56";"27.16";"115.75";"3.88";"97.25";"10.88";"2.25";"0.71";"0.77";"0.62";"2.1";"null";"32.25";"2.07";"2.87";"10713.16";"119.04";"1801.41";"564.84";"47.79";"82.09";"4.88";"646.93";"52.67";"118.96";"3.98";"99.94";"11.18";"2.31";"0.64";"33.14"
"Nathanael Ogbeta";"N. Ogbeta";"61437";"2001-04-28";"Barnsley FC";"878";"ENG - League One";"101";"2025/2026";"129";"LB";"Full Back";"94.05";"11";"0";"10186.36";"108.3";"1546.64";"651.18";"60.09";"188.91";"11.0";"840.09";"71.09";"28.68";"29.68";"119.09";"11.0";"99.27";"16.27";"8.18";"0.56";"0.6";"2.36";"1.13";"1.55";"33.0";"2.04";"2.75";"9747.4";"108.3";"1479.99";"623.12";"57.5";"180.77";"10.53";"803.89";"68.03";"113.96";"10.53";"94.99";"15.57";"7.83";"2.26";"31.58"
"Omari Patrick";"O. Patrick";"61438";"1996-05-24";"Tranmere Rovers FC";"2822";"ENG - League Two";"204";"2025/2026";"129";"LWB";"Full Back";"99.6";"9";"0";"10862.89";"109.07";"1571.78";"708.0";"67.22";"262.44";"15.11";"970.44";"82.33";"30.6";"31.86";"133.0";"9.44";"104.11";"19.0";"6.33";"0.57";"0.73";"2.89";"1.06";"1.31";"42.11";"2.09";"2.63";"9816.05";"109.07";"1420.31";"639.77";"60.74";"237.15";"13.65";"876.92";"74.4";"120.18";"8.53";"94.08";"17.17";"5.72";"2.61";"38.05"
"Tom Hamer";"T. Hamer";"61439";"1999-10-01";"Lincoln City FC";"1721";"ENG - League One";"101";"2025/2026";"129";"RCB";"Central Defender";"99.08";"22";"0";"10409.82";"105.07";"1261.36";"413.09";"38.23";"112.05";"6.27";"525.14";"44.5";"28.22";"30.22";"116.0";"6.73";"81.82";"13.09";"4.68";"0.61";"0.64";"1.73";"1.13";"1.17";"25.0";"1.85";"2.93";"9456.09";"105.07";"1145.8";"375.24";"34.72";"101.78";"5.7";"477.02";"40.42";"105.37";"6.11";"74.32";"11.89";"4.25";"1.57";"22.71"
"Bryn Morris";"B. Morris";"61444";"1996-04-25";"Harrogate Town FC";"2818";"ENG - League Two";"204";"2025/2026";"129";"RDM";"Midfield";"95.72";"14";"0";"10850.86";"113.36";"1653.64";"510.0";"45.71";"86.86";"6.14";"596.86";"51.86";"27.65";"28.62";"124.57";"5.21";"103.07";"15.43";"2.21";"0.6";"0.64";"0.5";"1.42";"null";"34.43";"1.86";"2.72";"10202.54";"113.36";"1554.84";"479.53";"42.98";"81.67";"5.78";"561.2";"48.76";"117.13";"4.9";"96.91";"14.51";"2.08";"0.47";"32.37"
"Frazer Blake-Tracy";"F. Blake-Tracy";"61445";"1995-09-10";"Mansfield Town FC";"2819";"ENG - League One";"101";"2025/2026";"129";"LCB";"Central Defender";"98.14";"8";"0";"9988.88";"101.79";"1353.25";"390.88";"38.0";"86.38";"5.25";"477.25";"43.25";"27.66";"28.3";"112.5";"3.88";"81.88";"11.62";"2.62";"0.69";"0.86";"0.25";"null";"null";"29.75";"1.96";"2.95";"9160.8";"101.79";"1241.07";"358.47";"34.85";"79.21";"4.81";"437.69";"39.66";"103.17";"3.55";"75.09";"10.66";"2.41";"0.23";"27.28"
"Frazer Blake-Tracy";"F. Blake-Tracy";"61445";"1995-09-10";"Mansfield Town FC";"2819";"ENG - League One";"101";"2025/2026";"129";"LWB";"Full Back";"93.49";"8";"0";"10275.38";"109.9";"1344.75";"541.0";"54.62";"179.12";"10.0";"720.12";"64.62";"29.68";"30.62";"123.75";"8.0";"99.62";"18.12";"5.62";"0.69";"0.69";"1.88";"1.34";"1.47";"32.0";"2.03";"2.83";"9891.4";"109.9";"1294.5";"520.78";"52.58";"172.43";"9.63";"693.21";"62.21";"119.13";"7.7";"95.9";"17.45";"5.41";"1.8";"30.8"
"Adam Randell";"A. Randell";"61450";"2000-10-01";"Bristol City";"753";"ENG - Championship";"31";"2025/2026";"129";"LM";"Midfield";"91.94";"16";"0";"10372.75";"112.82";"1577.56";"447.81";"43.0";"120.75";"6.06";"568.56";"49.06";"28.07";"29.98";"103.88";"3.5";"91.12";"12.38";"2.44";"0.66";"0.71";"0.56";"1.35";"1.54";"35.0";"1.91";"2.61";"10153.81";"112.82";"1544.26";"438.36";"42.09";"118.2";"5.93";"556.56";"48.03";"101.68";"3.43";"89.2";"12.11";"2.39";"0.55";"34.26"
"Adam Randell";"A. Randell";"61450";"2000-10-01";"Bristol City";"753";"ENG - Championship";"31";"2025/2026";"129";"RM";"Midfield";"98.25";"10";"0";"10696.7";"108.87";"1664.4";"533.7";"49.5";"119.7";"6.4";"653.4";"55.9";"27.72";"28.66";"110.3";"4.6";"94.0";"13.2";"2.6";"0.63";"0.64";"0.9";"1.33";"1.33";"37.0";"1.94";"2.75";"9798.67";"108.87";"1524.67";"488.89";"45.34";"109.65";"5.86";"598.54";"51.21";"101.04";"4.21";"86.11";"12.09";"2.38";"0.82";"33.89"
"Kane Vincent-Young";"K. Vincent-Young";"61455";"1996-03-15";"Colchester United FC";"2814";"ENG - League Two";"204";"2025/2026";"129";"RB";"Full Back";"99.46";"16";"0";"9766.31";"98.2";"1107.69";"426.0";"40.25";"118.06";"5.12";"544.06";"45.38";"27.86";"29.16";"111.62";"5.56";"90.94";"12.62";"3.81";"0.59";"0.79";"0.75";"1.42";"null";"23.75";"2.07";"2.82";"8837.64";"98.2";"1002.36";"385.49";"36.42";"106.84";"4.64";"492.33";"41.06";"101.01";"5.03";"82.29";"11.42";"3.45";"0.68";"21.49"
"Armando Dobra";"A. Dobra";"61457";"2001-04-14";"Chesterfield FC";"3361";"ENG - League Two";"204";"2025/2026";"129";"LW";"Wide Attacker";"90.06";"10";"0";"9813.8";"108.98";"1238.2";"535.9";"56.8";"214.1";"12.1";"750.0";"68.9";"28.96";"29.72";"91.7";"5.0";"73.0";"16.9";"3.7";"0.65";"0.67";"1.4";"1.26";"1.26";"37.6";"1.96";"2.65";"9807.81";"108.98";"1237.44";"535.57";"56.77";"213.97";"12.09";"749.54";"68.86";"91.64";"5.0";"72.96";"16.89";"3.7";"1.4";"37.58"
"Idris El Mizouni";"I. El Mizouni";"61458";"2000-09-26";"Leyton Orient FC";"2821";"ENG - League One";"101";"2025/2026";"129";"LDM";"Midfield";"93.05";"8";"0";"10657.0";"114.53";"1584.0";"464.12";"43.12";"105.12";"5.38";"569.25";"48.5";"28.07";"29.0";"95.0";"3.12";"73.75";"13.62";"1.88";"0.75";"0.77";"0.5";"1.6";"1.6";"35.0";"1.97";"3.02";"10307.68";"114.53";"1532.08";"448.91";"41.71";"101.68";"5.2";"550.59";"46.91";"91.89";"3.02";"71.33";"13.18";"1.81";"0.48";"33.85"
"Anthony Dean O'Connor";"A. O'Connor";"61466";"1992-10-25";"Harrogate Town FC";"2818";"ENG - League Two";"204";"2025/2026";"129";"RCB";"Central Defender";"98.82";"15";"0";"9813.53";"99.31";"1089.4";"323.4";"34.07";"67.47";"4.33";"390.87";"38.4";"27.91";"29.54";"112.87";"4.8";"84.2";"10.73";"3.27";"0.66";"0.95";"0.8";"1.49";"null";"22.0";"1.81";"2.96";"8937.54";"99.31";"992.16";"294.53";"31.03";"61.44";"3.95";"355.98";"34.97";"102.79";"4.37";"76.68";"9.78";"2.98";"0.73";"20.04"
"Jonah Ayunga";"J. Ayunga";"61469";"1997-05-24";"St. Mirren";"249";"SCO - Premiership";"18";"2025/2026";"129";"CF";"Center Forward";"81.0";"9";"0";"8664.67";"106.97";"1112.56";"501.78";"52.56";"205.0";"11.67";"706.78";"64.22";"29.84";"30.7";"89.11";"8.0";"73.89";"18.0";"7.22";"0.61";"0.81";"2.22";"1.43";"1.88";"30.11";"2.12";"2.98";"9626.97";"106.97";"1236.12";"557.51";"58.39";"227.77";"12.96";"785.27";"71.35";"99.01";"8.89";"82.1";"20.0";"8.02";"2.47";"33.46"
"John Marquis";"J. Marquis";"61483";"1992-05-16";"Shrewsbury Town";"882";"ENG - League Two";"204";"2025/2026";"129";"CF";"Center Forward";"96.17";"14";"0";"10284.43";"106.93";"1454.93";"676.07";"63.36";"179.21";"12.57";"855.29";"75.93";"28.29";"29.38";"117.0";"9.5";"91.36";"16.93";"6.14";"0.67";"0.71";"1.29";"1.42";"1.42";"37.79";"1.88";"2.77";"9624.11";"106.93";"1361.51";"632.66";"59.29";"167.71";"11.76";"800.37";"71.05";"109.49";"8.89";"85.49";"15.84";"5.75";"1.2";"35.36"
"Marcus Myers-Harness";"M. Harness";"61484";"1996-02-24";"Huddersfield Town";"309";"ENG - League One";"101";"2025/2026";"129";"RM";"Midfield";"90.68";"8";"0";"10151.88";"111.95";"1778.38";"577.62";"50.38";"106.38";"6.25";"684.0";"56.62";"27.24";"27.84";"115.88";"5.75";"95.88";"12.75";"4.0";"0.68";"0.76";"0.88";"1.47";"null";"41.12";"1.93";"2.8";"10075.84";"111.95";"1765.06";"573.3";"50.0";"105.58";"6.2";"678.88";"56.2";"115.01";"5.71";"95.16";"12.65";"3.97";"0.87";"40.82"
"Marcus Myers-Harness";"M. Harness";"61484";"1996-02-24";"Huddersfield Town";"309";"ENG - League One";"101";"2025/2026";"129";"RW";"Wide Attacker";"81.88";"8";"0";"8937.25";"109.15";"1478.62";"650.5";"58.0";"166.12";"9.62";"816.62";"67.62";"28.39";"29.24";"98.25";"5.38";"75.38";"15.38";"3.38";"0.66";"0.71";"0.88";"1.4";"null";"42.5";"1.9";"2.87";"9823.4";"109.15";"1625.23";"715.0";"63.75";"182.6";"10.58";"897.6";"74.33";"107.99";"5.91";"82.85";"16.9";"3.71";"0.96";"46.71"
"Haji Suleiman Mnoga";"H. Mnoga";"61488";"2002-04-16";"Salford City FC";"2816";"ENG - League Two";"204";"2025/2026";"129";"RWB";"Full Back";"83.96";"9";"0";"9531.56";"113.52";"1341.11";"580.44";"56.0";"223.89";"11.22";"804.33";"67.22";"29.78";"30.82";"103.67";"9.22";"80.44";"13.78";"6.89";"0.6";"0.71";"1.44";"1.36";"null";"35.56";"1.85";"2.63";"10217.11";"113.52";"1437.57";"622.19";"60.03";"239.99";"12.03";"862.18";"72.06";"111.12";"9.89";"86.23";"14.77";"7.38";"1.55";"38.11"
"Reeco Hackett-Fairchild";"R. Hackett";"61490";"1998-01-09";"Lincoln City FC";"1721";"ENG - League One";"101";"2025/2026";"129";"RW";"Wide Attacker";"82.05";"14";"0";"9638.29";"117.47";"1502.79";"523.71";"55.36";"161.79";"10.43";"685.5";"65.79";"28.81";"30.46";"108.43";"9.0";"85.14";"20.07";"5.79";"0.63";"0.67";"2.07";"1.18";"1.45";"47.21";"1.86";"2.48";"10572.47";"117.47";"1648.44";"574.47";"60.72";"177.47";"11.44";"751.94";"72.16";"118.94";"9.87";"93.4";"22.02";"6.35";"2.27";"51.79"
"Kyle Knoyle";"K. Knoyle";"61495";"1996-09-24";"Mansfield Town FC";"2819";"ENG - League One";"101";"2025/2026";"129";"RB";"Full Back";"97.08";"14";"0";"10143.29";"104.48";"1345.21";"517.64";"51.0";"171.5";"9.79";"689.14";"60.79";"28.63";"29.5";"120.5";"8.43";"99.29";"18.79";"6.21";"0.66";"0.69";"2.5";"1.2";"1.45";"28.5";"2.09";"2.64";"9403.1";"104.48";"1247.05";"479.87";"47.28";"158.99";"9.07";"638.85";"56.35";"111.71";"7.81";"92.04";"17.41";"5.76";"2.32";"26.42"
"Ollie Palmer";"O. Palmer";"61497";"1992-01-21";"Swindon Town";"1587";"ENG - League Two";"204";"2025/2026";"129";"CF";"Center Forward";"82.69";"14";"0";"8836.21";"106.86";"1031.29";"393.29";"37.14";"98.71";"6.07";"492.0";"43.21";"28.06";"29.22";"82.07";"5.64";"62.07";"6.5";"3.57";"0.67";"0.8";"0.5";"1.77";"null";"23.5";"1.94";"3.12";"9617.03";"106.86";"1122.42";"428.04";"40.42";"107.44";"6.61";"535.48";"47.03";"89.32";"6.14";"67.56";"7.07";"3.89";"0.54";"25.58"
"Nesta Guinness-Walker";"N. Guinness-Walker";"61504";"1999-09-14";"Northampton Town FC";"2811";"ENG - League One";"101";"2025/2026";"129";"LCB";"Central Defender";"96.28";"10";"0";"10511.0";"109.17";"1386.4";"575.8";"52.6";"178.1";"11.2";"753.9";"63.8";"28.96";"29.62";"117.8";"6.4";"86.6";"12.9";"4.3";"0.66";"0.67";"1.1";"1.3";"null";"30.8";"2.04";"2.75";"9824.89";"109.17";"1295.9";"538.21";"49.17";"166.47";"10.47";"704.69";"59.64";"110.11";"5.98";"80.95";"12.06";"4.02";"1.03";"28.79"
"Nesta Guinness-Walker";"N. Guinness-Walker";"61504";"1999-09-14";"Northampton Town FC";"2811";"ENG - League One";"101";"2025/2026";"129";"LWB";"Full Back";"94.18";"11";"0";"10501.64";"111.51";"1464.64";"653.73";"61.09";"234.0";"12.18";"887.73";"73.27";"29.68";"31.0";"113.91";"7.18";"92.09";"18.09";"5.64";"0.69";"0.74";"1.64";"1.36";"1.36";"35.91";"2.08";"2.7";"10035.99";"111.51";"1399.69";"624.74";"58.38";"223.62";"11.64";"848.37";"70.02";"108.86";"6.86";"88.01";"17.29";"5.39";"1.56";"34.32"
"Ben Heneghan";"B. Heneghan";"61505";"1993-09-19";"Port Vale FC";"2543";"ENG - League One";"101";"2025/2026";"129";"CB";"Central Defender";"88.97";"10";"0";"9050.1";"101.72";"1146.1";"419.9";"37.2";"134.0";"7.1";"553.9";"44.3";"27.69";"28.48";"102.2";"4.6";"77.9";"9.0";"3.4";"0.76";"0.82";"0.6";"1.76";"null";"17.3";"2.35";"2.8";"9155.04";"101.72";"1159.39";"424.77";"37.63";"135.55";"7.18";"560.32";"44.81";"103.39";"4.65";"78.8";"9.1";"3.44";"0.61";"17.5"
"Jack Rudoni";"J. Rudoni";"61506";"2001-06-14";"Coventry City Football Club";"1545";"ENG - Championship";"31";"2025/2026";"129";"AM";"Midfield";"88.09";"10";"0";"10680.1";"121.24";"1724.6";"679.4";"62.2";"183.0";"10.8";"862.4";"73.0";"28.24";"29.28";"115.0";"6.2";"92.5";"16.4";"4.1";"0.72";"0.75";"0.8";"1.42";"1.81";"51.2";"1.79";"2.77";"10911.67";"121.24";"1761.99";"694.13";"63.55";"186.97";"11.03";"881.1";"74.58";"117.49";"6.33";"94.51";"16.76";"4.19";"0.82";"52.31"
"Luke Offord";"L. Offord";"61518";"1999-11-19";"Milton Keynes Dons";"755";"ENG - League Two";"204";"2025/2026";"129";"LCB";"Central Defender";"99.95";"14";"0";"10496.0";"105.01";"1325.21";"419.43";"38.64";"94.57";"5.79";"514.0";"44.43";"27.69";"29.04";"110.5";"5.0";"82.36";"10.0";"2.21";"0.72";"0.72";"0.21";"null";"null";"23.5";"1.96";"2.67";"9451.01";"105.01";"1193.28";"377.67";"34.8";"85.16";"5.21";"462.83";"40.01";"99.5";"4.5";"74.16";"9.0";"1.99";"0.19";"21.16"
"Luke Offord";"L. Offord";"61518";"1999-11-19";"Milton Keynes Dons";"755";"ENG - League Two";"204";"2025/2026";"129";"RCB";"Central Defender";"100.46";"9";"0";"10608.67";"105.6";"1335.78";"408.44";"37.11";"101.33";"5.33";"509.78";"42.44";"28.04";"29.26";"110.78";"3.89";"80.22";"7.89";"2.22";"0.81";"null";"0.11";"null";"null";"18.44";"2.15";"2.98";"9504.33";"105.6";"1196.73";"365.93";"33.25";"90.78";"4.78";"456.71";"38.03";"99.25";"3.48";"71.87";"7.07";"1.99";"0.1";"16.52"
"Mikael Mandron";"M. Mandron";"61519";"1994-10-11";"St. Mirren";"249";"SCO - Premiership";"18";"2025/2026";"129";"CF";"Center Forward";"85.61";"19";"0";"9528.79";"111.3";"1328.63";"512.74";"47.11";"119.16";"7.26";"631.89";"54.37";"27.34";"28.64";"94.84";"7.53";"79.21";"15.0";"4.47";"0.76";"0.79";"0.79";"1.68";"1.68";"37.84";"1.9";"2.75";"10017.05";"111.3";"1396.71";"539.01";"49.52";"125.26";"7.64";"664.27";"57.15";"99.7";"7.91";"83.27";"15.77";"4.7";"0.83";"39.78"
"Alfie May";"A. May";"61524";"1993-07-02";"Huddersfield Town";"309";"ENG - League One";"101";"2025/2026";"129";"CF";"Center Forward";"90.15";"12";"0";"10233.17";"113.52";"1465.33";"739.5";"70.58";"255.58";"16.92";"995.08";"87.5";"28.99";"29.98";"104.25";"9.0";"80.0";"18.67";"5.92";"0.68";"0.7";"2.25";"1.42";"1.5";"53.5";"1.84";"2.57";"10216.45";"113.52";"1462.94";"738.29";"70.47";"255.17";"16.89";"993.46";"87.36";"104.08";"8.99";"79.87";"18.64";"5.91";"2.25";"53.41"
"Conor Thomas";"C. Thomas";"61530";"1993-10-29";"Crewe Alexandra FC";"1726";"ENG - League Two";"204";"2025/2026";"129";"LDM";"Midfield";"86.35";"8";"0";"10274.12";"118.99";"1713.75";"615.38";"48.25";"69.88";"6.12";"685.25";"54.38";"27.2";"27.82";"102.12";"4.5";"87.5";"12.38";"2.75";"0.68";"0.78";"0.62";"1.29";"null";"36.5";"2.03";"2.67";"10708.93";"118.99";"1786.28";"641.42";"50.29";"72.83";"6.38";"714.25";"56.68";"106.45";"4.69";"91.2";"12.9";"2.87";"0.65";"38.04"
"Charlie Raglan";"C. Raglan";"61532";"1993-04-28";"Barrow AFC";"2808";"ENG - League Two";"204";"2025/2026";"129";"CB";"Central Defender";"99.31";"14";"0";"9732.5";"98.0";"1022.29";"295.71";"29.0";"63.79";"3.64";"359.5";"32.64";"27.21";"28.94";"99.29";"3.57";"77.5";"7.29";"2.0";"0.64";"0.72";"0.29";"1.52";"null";"14.79";"2.05";"2.86";"8819.94";"98.0";"926.43";"267.99";"26.28";"57.8";"3.3";"325.79";"29.58";"89.98";"3.24";"70.23";"6.6";"1.81";"0.26";"13.4"
"Charlie Raglan";"C. Raglan";"61532";"1993-04-28";"Barrow AFC";"2808";"ENG - League Two";"204";"2025/2026";"129";"RCB";"Central Defender";"95.99";"10";"0";"9730.9";"101.37";"1034.0";"298.5";"29.3";"95.4";"5.0";"393.9";"34.3";"28.11";"29.2";"98.5";"3.0";"76.9";"7.8";"1.4";"0.73";"null";"0.4";"1.78";"null";"13.5";"2.0";"2.93";"9123.35";"101.37";"969.44";"279.86";"27.47";"89.44";"4.69";"369.31";"32.16";"92.35";"2.81";"72.1";"7.31";"1.31";"0.38";"12.66"
"Will Boyle";"W. Boyle";"61533";"1995-09-01";"Shrewsbury Town";"882";"ENG - League Two";"204";"2025/2026";"129";"LCB";"Central Defender";"97.73";"23";"0";"10213.13";"104.5";"1131.26";"429.83";"38.65";"91.48";"5.43";"521.3";"44.09";"27.66";"29.16";"118.13";"5.43";"81.26";"13.17";"2.91";"0.66";"0.71";"0.61";"1.51";"null";"22.87";"1.99";"3.02";"9405.42";"104.5";"1041.79";"395.83";"35.6";"84.24";"5.0";"480.08";"40.6";"108.79";"5.0";"74.83";"12.13";"2.68";"0.56";"21.06"
"Callum Wright";"C. Wright";"61534";"2000-05-02";"Wigan Athletic";"38";"ENG - League One";"101";"2025/2026";"129";"LM";"Midfield";"84.69";"9";"0";"10154.67";"119.91";"1709.56";"668.56";"64.78";"249.78";"12.89";"918.33";"77.67";"29.21";"30.04";"107.89";"5.44";"84.44";"18.56";"3.56";"0.73";"0.81";"0.78";"1.4";"1.73";"45.89";"1.88";"2.85";"10791.73";"119.91";"1816.81";"710.5";"68.84";"265.45";"13.7";"975.95";"82.54";"114.66";"5.79";"89.74";"19.72";"3.78";"0.83";"48.77"
"Lewis Freestone";"L. Freestone";"61535";"1999-10-26";"Stevenage FC";"2817";"ENG - League One";"101";"2025/2026";"129";"LB";"Full Back";"91.01";"14";"0";"9349.93";"102.73";"1174.79";"443.07";"43.93";"141.71";"7.36";"584.79";"51.29";"28.94";"30.16";"103.93";"6.14";"80.5";"15.21";"2.79";"0.71";"0.73";"0.57";"1.51";"1.51";"24.71";"2.16";"2.65";"9246.09";"102.73";"1161.74";"438.15";"43.44";"140.14";"7.28";"578.29";"50.72";"102.77";"6.07";"79.61";"15.05";"2.75";"0.57";"24.44"
"George Lloyd";"G. Lloyd";"61539";"2000-02-11";"Shrewsbury Town";"882";"ENG - League Two";"204";"2025/2026";"129";"CF";"Center Forward";"95.06";"12";"0";"10500.0";"110.46";"1334.75";"624.67";"67.42";"210.83";"14.58";"835.5";"82.0";"29.3";"30.4";"116.5";"10.58";"84.5";"19.83";"6.25";"0.71";"0.77";"1.25";"1.34";"null";"51.25";"1.78";"2.59";"9941.41";"110.46";"1263.74";"591.43";"63.83";"199.62";"13.81";"791.05";"77.64";"110.3";"10.02";"80.0";"18.78";"5.92";"1.18";"48.52"
"James Brophy";"J. Brophy";"61542";"1994-07-25";"Cambridge United";"1871";"ENG - League Two";"204";"2025/2026";"129";"RW";"Wide Attacker";"85.34";"15";"0";"9437.27";"110.59";"1383.53";"576.93";"54.87";"177.33";"10.73";"754.27";"65.6";"29.48";"30.72";"104.13";"8.0";"79.67";"17.07";"4.93";"0.6";"0.62";"1.4";"1.19";"1.19";"37.4";"1.9";"2.58";"9952.72";"110.59";"1459.1";"608.44";"57.86";"187.02";"11.32";"795.46";"69.18";"109.82";"8.44";"84.02";"18.0";"5.2";"1.48";"39.44"
"Joe Ironside";"J. Ironside";"61545";"1993-10-16";"Tranmere Rovers FC";"2822";"ENG - League Two";"204";"2025/2026";"129";"CF";"Center Forward";"78.41";"13";"0";"8441.92";"107.67";"1090.85";"438.38";"40.38";"96.0";"6.23";"534.38";"46.62";"27.46";"28.54";"94.69";"7.69";"72.77";"14.0";"4.77";"0.67";"0.83";"0.77";"1.54";"null";"27.08";"1.98";"2.67";"9689.87";"107.67";"1252.1";"503.19";"46.35";"110.19";"7.15";"613.38";"53.51";"108.69";"8.83";"83.53";"16.07";"5.47";"0.88";"31.08"
"Jack Iredale";"J. Iredale";"61546";"1996-05-02";"Hibernian";"245";"SCO - Premiership";"18";"2025/2026";"129";"LCB";"Central Defender";"93.68";"19";"0";"10003.16";"106.78";"1227.0";"416.26";"40.74";"150.32";"8.0";"566.58";"48.74";"29.65";"30.92";"95.74";"4.74";"73.42";"10.32";"3.26";"0.7";"0.73";"1.0";"1.4";"1.53";"23.68";"1.94";"2.68";"9610.59";"106.78";"1178.85";"399.93";"39.14";"144.42";"7.69";"544.34";"46.82";"91.98";"4.55";"70.54";"9.91";"3.14";"0.96";"22.75"
"Antoni Sarcevic";"A. Sarcevic";"61556";"1992-03-13";"Bradford City AFC";"2810";"ENG - League One";"101";"2025/2026";"129";"AM";"Midfield";"94.22";"12";"0";"11023.42";"116.99";"2035.5";"930.0";"79.33";"198.08";"13.08";"1128.08";"92.42";"27.77";"28.6";"130.75";"7.92";"99.08";"21.67";"5.17";"0.72";"0.78";"1.08";"1.47";"1.65";"52.58";"1.87";"2.71";"10529.29";"116.99";"1944.26";"888.31";"75.78";"189.2";"12.5";"1077.52";"88.27";"124.89";"7.56";"94.64";"20.7";"4.94";"1.03";"50.23"
"Warren Patrick  O'Hora";"W. O'Hora";"61565";"1999-04-19";"Hibernian";"245";"SCO - Premiership";"18";"2025/2026";"129";"RCB";"Central Defender";"93.25";"16";"0";"9710.31";"104.13";"1149.81";"379.81";"33.69";"87.25";"5.0";"467.06";"38.69";"27.04";"28.48";"98.62";"4.44";"81.94";"10.12";"1.88";"0.79";"0.93";"0.56";"1.55";"null";"19.44";"1.95";"2.86";"9371.46";"104.13";"1109.69";"366.56";"32.51";"84.21";"4.83";"450.76";"37.34";"95.18";"4.28";"79.08";"9.77";"1.81";"0.54";"18.76"
"Harry Darling";"H. Darling";"61566";"1999-08-08";"Norwich City";"57";"ENG - Championship";"31";"2025/2026";"129";"LCB";"Central Defender";"98.99";"18";"0";"9857.5";"99.58";"1129.44";"384.72";"36.56";"102.33";"6.28";"487.06";"42.83";"28.76";"30.14";"105.17";"4.39";"78.94";"9.89";"2.56";"0.76";"0.9";"0.78";"1.43";"null";"17.5";"1.99";"2.83";"8962.54";"99.58";"1026.9";"349.79";"33.24";"93.04";"5.71";"442.84";"38.94";"95.62";"3.99";"71.78";"8.99";"2.32";"0.71";"15.91"
"Zak Jules";"Z. Jules";"61568";"1997-02-07";"Rotherham United";"750";"ENG - League One";"101";"2025/2026";"129";"LCB";"Central Defender";"93.75";"8";"0";"9657.38";"103.01";"1174.25";"432.75";"37.88";"83.38";"5.25";"516.12";"43.12";"27.55";"28.28";"103.62";"5.88";"76.75";"13.38";"4.38";"0.7";"0.87";"0.38";"null";"null";"20.38";"2.11";"2.89";"9271.08";"103.01";"1127.28";"415.44";"36.36";"80.04";"5.04";"495.48";"41.4";"99.48";"5.64";"73.68";"12.84";"4.2";"0.36";"19.56"
"Aden Baldwin";"A. Baldwin";"61575";"1997-06-10";"Bradford City AFC";"2810";"ENG - League One";"101";"2025/2026";"129";"CB";"Central Defender";"94.83";"9";"0";"9770.78";"103.04";"1226.78";"387.78";"35.33";"103.89";"4.67";"491.67";"40.0";"28.32";"29.26";"105.44";"3.67";"72.33";"9.22";"2.0";"0.79";"0.91";"0.33";"null";"null";"17.89";"2.23";"3.18";"9273.16";"103.04";"1164.3";"368.03";"33.53";"98.6";"4.43";"466.63";"37.96";"100.07";"3.48";"68.65";"8.75";"1.9";"0.32";"16.98"
"Joe Ward";"J. Ward";"61597";"1995-08-22";"Derby County FC";"359";"ENG - Championship";"31";"2025/2026";"129";"RWB";"Full Back";"94.91";"11";"0";"10085.36";"106.26";"1368.27";"545.55";"56.27";"243.64";"12.45";"789.18";"68.73";"30.37";"31.58";"109.0";"9.27";"87.36";"22.64";"5.91";"0.63";"0.63";"2.09";"1.16";"1.2";"34.55";"2.15";"2.7";"9563.4";"106.26";"1297.46";"517.31";"53.36";"231.03";"11.81";"748.34";"65.17";"103.36";"8.79";"82.84";"21.46";"5.6";"1.98";"32.76"
"Harrison Burrows";"H. Burrows";"61599";"2002-01-12";"Sheffield United";"746";"ENG - Championship";"31";"2025/2026";"129";"LB";"Full Back";"93.8";"14";"0";"10291.43";"109.72";"1519.71";"680.79";"64.29";"247.21";"13.71";"928.0";"78.0";"29.24";"30.22";"118.71";"7.79";"98.21";"20.5";"6.29";"0.66";"0.77";"1.79";"1.41";"1.59";"35.57";"1.94";"2.92";"9874.63";"109.72";"1458.17";"653.21";"61.68";"237.2";"13.16";"890.42";"74.84";"113.91";"7.47";"94.24";"19.67";"6.03";"1.71";"34.13"
"Idris Sheka Kanu";"I. Kanu";"61601";"1999-12-05";"Barnet FC";"3940";"ENG - League Two";"204";"2025/2026";"129";"LWB";"Full Back";"93.84";"10";"0";"10354.5";"110.34";"1423.2";"657.9";"59.3";"255.6";"12.9";"913.5";"72.2";"30.45";"31.42";"105.2";"8.4";"77.5";"16.4";"5.9";"0.58";"0.67";"1.8";"1.14";"null";"37.2";"1.85";"2.81";"9930.96";"110.34";"1364.99";"630.99";"56.87";"245.15";"12.37";"876.13";"69.25";"100.9";"8.06";"74.33";"15.73";"5.66";"1.73";"35.68"
"Ethan Hamilton";"E. Hamilton";"61603";"1998-10-18";"Dundee FC";"254";"SCO - Premiership";"18";"2025/2026";"129";"LM";"Midfield";"97.07";"9";"0";"11691.11";"120.44";"1780.67";"536.56";"45.67";"116.11";"6.22";"652.67";"51.89";"27.77";"28.62";"102.33";"4.11";"90.89";"13.89";"1.56";"0.81";"0.83";"0.11";"null";"null";"34.22";"2.03";"3.13";"10839.97";"120.44";"1651.03";"497.49";"42.34";"107.66";"5.77";"605.15";"48.11";"94.88";"3.81";"84.27";"12.88";"1.44";"0.1";"31.73"
"Joel Randall";"J. Randall";"61604";"1999-10-29";"Bolton Wanderers";"45";"ENG - League One";"101";"2025/2026";"129";"AM";"Midfield";"75.6";"9";"0";"9446.0";"124.95";"1845.33";"675.89";"62.67";"199.44";"12.11";"875.33";"74.78";"28.42";"29.52";"118.67";"6.56";"97.56";"16.22";"4.33";"0.74";"0.77";"1.33";"1.51";"1.89";"53.0";"1.96";"2.65";"11245.24";"124.95";"2196.83";"804.63";"74.6";"237.43";"14.42";"1042.06";"89.02";"141.27";"7.8";"116.14";"19.31";"5.16";"1.59";"63.1"
"Luke Garbutt";"L. Garbutt";"61606";"1993-05-21";"Salford City FC";"2816";"ENG - League Two";"204";"2025/2026";"129";"LCB";"Central Defender";"99.39";"24";"0";"10218.88";"102.82";"1300.92";"489.71";"48.08";"164.08";"9.33";"653.79";"57.42";"29.73";"32.1";"120.79";"6.54";"87.21";"13.88";"4.25";"0.56";"0.6";"1.5";"1.32";"1.33";"25.92";"2.0";"2.64";"9253.67";"102.82";"1178.04";"443.45";"43.54";"148.59";"8.45";"592.04";"51.99";"109.38";"5.92";"78.97";"12.56";"3.85";"1.36";"23.47"
"Jerry Yates";"J. Yates";"61609";"1996-11-10";"Luton Town";"879";"ENG - League One";"101";"2025/2026";"129";"CF";"Center Forward";"85.45";"11";"0";"9547.36";"111.73";"1355.18";"564.36";"57.55";"159.64";"10.0";"724.0";"67.55";"29.05";"29.7";"100.18";"8.91";"77.27";"17.45";"6.09";"0.71";"0.79";"2.55";"1.31";"1.38";"39.27";"2.01";"2.82";"10055.92";"111.73";"1427.37";"594.43";"60.61";"168.14";"10.53";"762.56";"71.14";"105.52";"9.38";"81.39";"18.38";"6.42";"2.68";"41.36"
"Marvin Ekpiteta";"M. Ekpiteta";"61610";"1995-08-26";"Milton Keynes Dons";"755";"ENG - League Two";"204";"2025/2026";"129";"CB";"Central Defender";"97.77";"14";"0";"9920.64";"101.47";"1143.86";"364.71";"33.93";"85.14";"5.79";"449.86";"39.71";"28.59";"30.26";"110.64";"5.21";"77.21";"11.43";"3.14";"0.71";"0.79";"0.93";"1.33";"null";"21.86";"2.17";"2.89";"9131.87";"101.47";"1052.91";"335.72";"31.23";"78.37";"5.33";"414.09";"36.56";"101.85";"4.8";"71.08";"10.52";"2.89";"0.85";"20.12"
"Cameron Antwi";"C. Antwi";"61611";"2001-10-07";"Newport County AFC";"2815";"ENG - League Two";"204";"2025/2026";"129";"RM";"Midfield";"88.68";"10";"0";"9632.3";"108.62";"1284.1";"418.5";"36.3";"56.4";"3.9";"474.9";"40.2";"26.26";"27.44";"89.6";"3.7";"79.2";"6.9";"2.2";"0.75";"0.79";"0.7";"2.05";"null";"24.3";"2.12";"2.97";"9775.86";"108.62";"1303.24";"424.74";"36.84";"57.24";"3.96";"481.98";"40.8";"90.94";"3.76";"80.38";"7.0";"2.23";"0.71";"24.66"
"Sonny Carey";"S. Carey";"61612";"2001-01-20";"Charlton Athletic";"877";"ENG - Championship";"31";"2025/2026";"129";"AM";"Midfield";"84.75";"10";"0";"10012.8";"118.15";"1640.6";"581.3";"57.2";"172.9";"10.3";"754.2";"67.5";"28.29";"29.22";"98.7";"3.4";"77.3";"14.3";"2.2";"0.72";"0.77";"1.2";"1.43";"1.63";"40.6";"1.89";"2.88";"10633.48";"118.15";"1742.3";"617.33";"60.75";"183.62";"10.94";"800.95";"71.68";"104.82";"3.61";"82.09";"15.19";"2.34";"1.27";"43.12"
"Ryan Sweeney";"R. Sweeney";"61633";"1997-04-15";"Mansfield Town FC";"2819";"ENG - League One";"101";"2025/2026";"129";"CB";"Central Defender";"97.59";"10";"0";"10464.1";"107.23";"1175.4";"410.0";"38.8";"102.0";"6.0";"512.0";"44.8";"28.2";"28.92";"116.1";"4.5";"86.6";"11.2";"2.0";"0.72";"0.91";"0.7";"1.68";"null";"23.7";"1.94";"2.75";"9650.26";"107.23";"1083.98";"378.11";"35.78";"94.07";"5.53";"472.18";"41.32";"107.07";"4.15";"79.86";"10.33";"1.84";"0.65";"21.86"
"Bradley Locko";"B. Locko";"61636";"2002-05-06";"Stade Brestois 29";"89";"FRA - Ligue 1";"3";"2025/2026";"129";"LB";"Full Back";"95.32";"11";"0";"9726.36";"102.04";"1153.36";"480.18";"49.64";"189.45";"9.64";"669.64";"59.27";"29.44";"30.84";"109.27";"7.18";"87.91";"19.0";"5.18";"0.74";"0.74";"1.82";"1.41";"1.77";"29.45";"2.0";"2.68";"9183.4";"102.04";"1088.98";"453.38";"46.87";"178.88";"9.1";"632.25";"55.96";"103.17";"6.78";"83.0";"17.94";"4.89";"1.72";"27.81"
"Mark McGuinness";"M. McGuinness";"61651";"2001-01-05";"Sheffield United";"746";"ENG - Championship";"31";"2025/2026";"129";"RCB";"Central Defender";"91.33";"9";"0";"8915.11";"97.62";"1121.67";"356.22";"34.22";"128.44";"6.11";"484.67";"40.33";"28.63";"29.4";"103.33";"5.11";"83.56";"10.33";"3.89";"0.66";"0.97";"2.0";"1.39";"null";"14.33";"2.49";"3.18";"8785.68";"97.62";"1105.38";"351.05";"33.73";"126.58";"6.02";"477.63";"39.75";"101.83";"5.04";"82.34";"10.18";"3.83";"1.97";"14.13"
"Ryan Wintle";"R. Wintle";"61652";"1997-06-13";"Cardiff City";"61";"ENG - League One";"101";"2025/2026";"129";"LDM";"Midfield";"92.52";"8";"0";"10889.12";"117.7";"1912.25";"615.0";"52.62";"179.25";"9.75";"794.25";"62.38";"28.9";"29.72";"111.75";"6.38";"97.0";"8.12";"4.0";"0.68";"0.81";"1.12";"1.29";"1.63";"30.25";"2.19";"3.02";"10592.68";"117.7";"1860.19";"598.26";"51.19";"174.37";"9.48";"772.63";"60.68";"108.71";"6.2";"94.36";"7.9";"3.89";"1.09";"29.43"
"Ryan Wintle";"R. Wintle";"61652";"1997-06-13";"Cardiff City";"61";"ENG - League One";"101";"2025/2026";"129";"RDM";"Midfield";"96.92";"13";"0";"11335.46";"116.95";"2030.54";"673.31";"55.46";"164.23";"7.92";"837.54";"63.38";"28.44";"29.98";"122.69";"4.46";"103.46";"9.15";"2.77";"0.76";"0.82";"0.54";"1.44";"2.0";"34.77";"1.92";"2.83";"10525.92";"116.95";"1885.52";"625.22";"51.5";"152.5";"7.36";"777.72";"58.86";"113.93";"4.14";"96.07";"8.5";"2.57";"0.5";"32.29"
"Kyle Joseph";"K. Joseph";"61706";"2001-09-10";"Hull City";"47";"ENG - Championship";"31";"2025/2026";"129";"CF";"Center Forward";"79.73";"10";"0";"9637.6";"120.88";"1345.7";"657.4";"66.3";"265.4";"15.6";"922.8";"81.9";"29.85";"30.74";"95.5";"6.1";"76.9";"15.1";"3.6";"0.8";"0.81";"1.2";"1.48";"null";"41.7";"1.83";"2.7";"10879.47";"120.88";"1519.1";"742.11";"74.84";"299.6";"17.61";"1041.71";"92.45";"107.81";"6.89";"86.81";"17.05";"4.06";"1.35";"47.07"
"Dango Aboubacar Faissal Ouattara";"Dango Ouattara";"61720";"2002-02-11";"Brentford FC";"754";"ENG - Premier League";"1";"2025/2026";"129";"RW";"Wide Attacker";"87.83";"13";"0";"9652.31";"109.9";"1452.0";"730.46";"73.85";"360.69";"18.23";"1091.15";"92.08";"31.02";"32.18";"106.54";"11.15";"87.08";"25.23";"8.85";"0.58";"0.6";"3.62";"1.14";"1.15";"42.46";"2.08";"2.54";"9890.55";"109.9";"1487.84";"748.49";"75.67";"369.6";"18.68";"1118.09";"94.35";"109.17";"11.43";"89.23";"25.85";"9.06";"3.7";"43.51"
"Jodi Felice Jones";"J. Jones";"61767";"1997-10-22";"Notts County FC";"1563";"ENG - League Two";"204";"2025/2026";"129";"LWB";"Full Back";"76.45";"10";"0";"8612.7";"112.66";"1157.8";"432.3";"41.8";"184.5";"8.5";"616.8";"50.3";"29.45";"30.8";"88.0";"6.5";"70.1";"12.4";"5.2";"0.57";"0.62";"1.9";"1.23";"1.4";"28.2";"1.91";"2.65";"10139.44";"112.66";"1363.04";"508.93";"49.21";"217.21";"10.01";"726.14";"59.22";"103.6";"7.65";"82.53";"14.6";"6.12";"2.24";"33.2"
"Isaac Hutchinson";"I. Hutchinson";"61778";"2000-04-10";"Cheltenham Town";"1870";"ENG - League Two";"204";"2025/2026";"129";"LM";"Midfield";"89.62";"12";"0";"11301.92";"126.11";"2044.75";"668.67";"58.75";"99.25";"7.67";"767.92";"66.42";"27.36";"28.46";"122.08";"5.08";"105.75";"12.08";"3.33";"0.68";"0.81";"0.33";"null";"null";"47.33";"1.9";"2.78";"11349.56";"126.11";"2053.37";"671.49";"59.0";"99.67";"7.7";"771.15";"66.7";"122.6";"5.1";"106.2";"12.13";"3.35";"0.33";"47.53"
"Ollie Turton";"O. Turton";"61780";"1992-12-06";"Salford City FC";"2816";"ENG - League Two";"204";"2025/2026";"129";"RCB";"Central Defender";"94.98";"19";"0";"10360.74";"109.09";"1375.74";"490.26";"42.68";"96.37";"6.21";"586.63";"48.89";"27.59";"29.12";"117.05";"6.11";"82.05";"11.37";"3.68";"0.63";"0.71";"0.84";"1.18";"1.37";"30.26";"1.9";"2.87";"9817.7";"109.09";"1303.63";"464.57";"40.45";"91.32";"5.89";"555.88";"46.33";"110.92";"5.79";"77.75";"10.77";"3.49";"0.8";"28.68"
"Alfie Jones";"A. Jones";"61790";"1997-10-07";"Middlesbrough";"43";"ENG - Championship";"31";"2025/2026";"129";"LCB";"Central Defender";"96.1";"15";"0";"10194.8";"106.09";"1289.67";"482.47";"46.67";"159.2";"9.07";"641.67";"55.73";"29.56";"31.18";"116.0";"4.73";"91.33";"11.87";"3.53";"0.76";"0.95";"0.47";"1.6";"null";"23.6";"1.98";"2.85";"9547.68";"106.09";"1207.8";"451.84";"43.7";"149.09";"8.49";"600.94";"52.2";"108.64";"4.43";"85.54";"11.11";"3.31";"0.44";"22.1"
"Abdoul Bamo Meïté";"B. Meïté";"61920";"2001-12-03";"FC Lorient";"72";"FRA - Ligue 1";"3";"2025/2026";"129";"RCB";"Central Defender";"97.74";"14";"0";"10550.21";"107.94";"1210.71";"366.36";"35.14";"92.36";"5.07";"458.71";"40.21";"28.14";"29.6";"106.71";"5.57";"88.36";"13.07";"3.71";"0.69";"0.74";"0.86";"1.51";"1.66";"36.57";"2.11";"2.89";"9714.46";"107.94";"1114.81";"337.34";"32.36";"85.04";"4.67";"422.38";"37.03";"98.26";"5.13";"81.36";"12.04";"3.42";"0.79";"33.67"
"Patrick Osterhage";"P. Osterhage";"61931";"2000-02-01";"SC Freiburg";"118";"GER - Bundesliga";"6";"2025/2026";"129";"LDM";"Midfield";"89.33";"9";"0";"11301.56";"126.51";"1924.0";"722.89";"63.0";"209.44";"12.11";"932.33";"75.11";"29.08";"30.18";"116.89";"4.11";"101.78";"16.89";"3.0";"0.69";"0.84";"0.78";"1.34";"null";"39.44";"2.08";"2.81";"11385.9";"126.51";"1938.36";"728.28";"63.47";"211.01";"12.2";"939.29";"75.67";"117.76";"4.14";"102.54";"17.01";"3.02";"0.78";"39.74"
"Sam  Beukema";"S. Beukema";"61934";"1998-11-17";"Napoli";"143";"ITA - Serie A";"5";"2025/2026";"129";"RCB";"Central Defender";"92.78";"9";"0";"10075.89";"108.6";"1271.56";"374.11";"34.78";"98.89";"5.22";"473.0";"40.0";"27.98";"28.84";"106.0";"3.67";"84.0";"10.33";"2.78";"0.74";"0.76";"0.78";"1.63";"null";"23.56";"2.17";"2.83";"9773.63";"108.6";"1233.41";"362.89";"33.73";"95.92";"5.07";"458.81";"38.8";"102.82";"3.56";"81.48";"10.02";"2.69";"0.75";"22.85"
"Jesús Areso Blanco";"Jesús Areso";"62029";"1999-07-02";"Athletic Club de Bilbao";"273";"ESP - LaLiga";"4";"2025/2026";"129";"RB";"Full Back";"90.22";"13";"0";"9933.77";"110.11";"1294.23";"633.38";"66.62";"302.85";"16.08";"936.23";"82.69";"30.42";"31.6";"112.62";"7.92";"90.92";"22.08";"6.31";"0.64";"0.7";"2.15";"1.22";"1.34";"36.77";"2.0";"2.61";"9909.91";"110.11";"1291.12";"631.86";"66.46";"302.12";"16.04";"933.98";"82.49";"112.34";"7.9";"90.7";"22.02";"6.29";"2.15";"36.68"
"Ryan Longman";"R. Longman";"62033";"2000-11-06";"Wrexham FC";"3139";"ENG - Championship";"31";"2025/2026";"129";"RWB";"Full Back";"96.4";"13";"0";"10441.85";"108.32";"1522.23";"666.69";"64.0";"244.54";"13.15";"911.23";"77.15";"29.78";"31.18";"125.69";"10.38";"100.85";"27.0";"8.0";"0.65";"0.66";"3.08";"1.25";"1.51";"38.0";"2.04";"2.6";"9749.0";"108.32";"1421.23";"622.46";"59.75";"228.31";"12.28";"850.77";"72.03";"117.35";"9.7";"94.15";"25.21";"7.47";"2.87";"35.48"
"Liam Bennett";"L. Bennett";"62042";"2001-11-30";"Cambridge United";"1871";"ENG - League Two";"204";"2025/2026";"129";"RB";"Full Back";"89.31";"10";"0";"10375.1";"116.16";"1611.6";"688.6";"61.5";"203.6";"11.9";"892.2";"73.4";"29.16";"30.6";"110.9";"10.2";"89.6";"17.3";"6.5";"0.55";"0.62";"2.4";"1.27";"1.59";"42.1";"2.1";"2.62";"10454.67";"116.16";"1623.96";"693.88";"61.97";"205.16";"11.99";"899.04";"73.96";"111.75";"10.28";"90.29";"17.43";"6.55";"2.42";"42.42"
"Liam Bennett";"L. Bennett";"62042";"2001-11-30";"Cambridge United";"1871";"ENG - League Two";"204";"2025/2026";"129";"RWB";"Full Back";"85.84";"9";"0";"10663.22";"124.22";"1876.56";"731.11";"60.56";"174.44";"11.0";"905.56";"71.56";"28.93";"29.94";"112.67";"8.44";"91.44";"17.33";"4.78";"0.63";"0.64";"1.33";"1.3";"1.67";"45.11";"1.99";"2.74";"11179.65";"124.22";"1967.44";"766.52";"63.49";"182.89";"11.53";"949.41";"75.02";"118.12";"8.85";"95.87";"18.17";"5.01";"1.4";"47.3"
"Ellis Taylor";"E. Taylor";"62044";"2003-04-14";"Harrogate Town FC";"2818";"ENG - League Two";"204";"2025/2026";"129";"RW";"Wide Attacker";"86.74";"9";"0";"10284.22";"118.56";"1638.89";"707.22";"62.67";"176.44";"9.78";"883.67";"72.44";"28.36";"29.56";"104.56";"7.11";"79.0";"16.33";"4.56";"0.63";"0.63";"1.11";"1.74";"1.91";"46.11";"2.03";"2.69";"10670.19";"118.56";"1700.4";"733.76";"65.02";"183.07";"10.14";"916.83";"75.16";"108.48";"7.38";"81.96";"16.95";"4.73";"1.15";"47.84"
"Thomas Stanley Bloxham";"Tom Bloxham";"62048";"2003-11-01";"Blackpool";"54";"ENG - League One";"101";"2025/2026";"129";"CF";"Center Forward";"87.22";"15";"0";"9664.2";"110.8";"1411.4";"637.8";"59.13";"168.93";"10.93";"806.73";"70.07";"29.09";"30.48";"98.27";"6.47";"75.33";"17.47";"4.6";"0.69";"0.84";"1.67";"1.39";"1.61";"40.4";"2.05";"2.84";"9971.85";"110.8";"1456.33";"658.1";"61.02";"174.31";"11.28";"832.41";"72.3";"101.39";"6.67";"77.73";"18.02";"4.75";"1.72";"41.69"
"Jay Idzes";"J. Idzes";"62185";"2000-06-02";"Sassuolo";"158";"ITA - Serie A";"5";"2025/2026";"129";"RCB";"Central Defender";"98.4";"22";"0";"10112.91";"102.78";"1138.64";"370.68";"34.86";"104.0";"5.45";"474.68";"40.32";"28.72";"31.08";"99.27";"4.91";"79.73";"10.36";"3.05";"0.69";"0.71";"1.36";"1.3";"1.41";"25.5";"2.0";"2.73";"9249.83";"102.78";"1041.46";"339.05";"31.89";"95.12";"4.99";"434.17";"36.88";"90.8";"4.49";"72.92";"9.48";"2.79";"1.25";"23.32"
"Robert  Street";"R. Street";"62201";"2001-09-26";"Lincoln City FC";"1721";"ENG - League One";"101";"2025/2026";"129";"RW";"Wide Attacker";"86.28";"11";"0";"9928.73";"115.07";"1608.09";"643.91";"60.45";"183.82";"11.82";"827.73";"72.27";"29.38";"30.32";"108.73";"7.45";"88.45";"17.45";"4.73";"0.59";"0.72";"1.45";"1.16";"1.33";"35.55";"1.86";"2.57";"10356.59";"115.07";"1677.39";"671.66";"63.06";"191.74";"12.33";"863.4";"75.39";"113.41";"7.78";"92.27";"18.21";"4.93";"1.52";"37.08"
"Scott Smith";"S. Smith";"62204";"2001-02-07";"Barrow AFC";"2808";"ENG - League Two";"204";"2025/2026";"129";"RM";"Midfield";"80.8";"9";"0";"9027.33";"111.73";"1409.22";"472.0";"43.0";"135.44";"5.67";"607.44";"48.67";"28.41";"29.0";"91.78";"3.44";"79.0";"11.67";"2.89";"0.71";"0.91";"1.0";"1.31";"null";"31.56";"1.93";"2.74";"10055.43";"111.73";"1569.71";"525.75";"47.9";"150.87";"6.31";"676.62";"54.21";"102.23";"3.84";"88.0";"13.0";"3.22";"1.11";"35.15"
"Roger Brugué Ayguadé";"Roger Brugué";"62275";"1996-11-04";"Levante UD";"281";"ESP - LaLiga";"4";"2025/2026";"129";"LW";"Wide Attacker";"79.93";"8";"0";"9168.12";"114.7";"1316.12";"538.0";"57.5";"192.88";"12.38";"730.88";"69.88";"28.48";"28.78";"93.12";"7.38";"73.62";"20.62";"5.38";"0.7";"0.71";"1.75";"1.42";"null";"43.38";"2.18";"2.76";"10323.28";"114.7";"1481.95";"605.79";"64.74";"217.18";"13.93";"822.96";"78.68";"104.86";"8.3";"82.9";"23.22";"6.05";"1.97";"48.84"
"Yousef Salech";"Y. Salech";"62323";"2002-01-17";"Cardiff City";"61";"ENG - League One";"101";"2025/2026";"129";"CF";"Center Forward";"93.28";"23";"0";"9627.7";"103.21";"1106.17";"577.26";"59.22";"212.35";"12.26";"789.61";"71.48";"28.87";"30.36";"99.96";"10.91";"81.0";"19.13";"8.22";"0.61";"0.65";"1.96";"1.29";"1.34";"37.3";"1.8";"2.63";"9288.83";"103.21";"1067.24";"556.94";"57.13";"204.87";"11.83";"761.82";"68.96";"96.44";"10.53";"78.15";"18.46";"7.93";"1.89";"35.99"
"Ben Knight";"B. Knight";"62333";"2002-06-14";"Cambridge United";"1871";"ENG - League Two";"204";"2025/2026";"129";"AM";"Midfield";"88.07";"8";"0";"10101.38";"114.7";"1489.0";"626.12";"61.0";"217.75";"13.12";"843.88";"74.12";"30.25";"31.14";"106.62";"6.12";"91.25";"12.88";"4.25";"0.62";"0.7";"1.88";"1.31";"1.31";"49.12";"1.99";"2.66";"10323.13";"114.7";"1521.69";"639.87";"62.34";"222.53";"13.41";"862.4";"75.75";"108.97";"6.26";"93.25";"13.16";"4.34";"1.92";"50.2"
"Mamadou Jobe";"M. Jobe";"62344";"2003-03-02";"Cambridge United";"1871";"ENG - League Two";"204";"2025/2026";"129";"RCB";"Central Defender";"95.09";"14";"0";"10246.57";"107.76";"1345.29";"439.5";"44.07";"136.71";"8.71";"576.21";"52.79";"30.06";"31.52";"112.29";"7.36";"83.57";"13.0";"5.0";"0.59";"0.67";"1.07";"1.27";"1.33";"30.36";"2.0";"2.72";"9698.53";"107.76";"1273.33";"415.99";"41.71";"129.4";"8.25";"545.4";"49.96";"106.28";"6.96";"79.1";"12.3";"4.73";"1.01";"28.73"
"Ismael kenneth Jordan Koné";"I. Koné";"62448";"2002-06-16";"Sassuolo";"158";"ITA - Serie A";"5";"2025/2026";"129";"LM";"Midfield";"89.77";"15";"0";"10351.27";"115.31";"1525.8";"601.4";"53.93";"201.33";"10.2";"802.73";"64.13";"28.56";"30.02";"104.53";"5.67";"87.33";"13.4";"4.07";"0.59";"0.62";"0.87";"1.26";"1.42";"37.53";"1.94";"2.79";"10377.92";"115.31";"1529.73";"602.95";"54.07";"201.85";"10.23";"804.8";"64.3";"104.8";"5.68";"87.56";"13.43";"4.08";"0.87";"37.63"
"Samuele Angori";"S. Angori";"63014";"2003-10-07";"Pisa Sporting Club";"1453";"ITA - Serie A";"5";"2025/2026";"129";"LWB";"Full Back";"88.52";"14";"0";"10300.64";"116.36";"1623.07";"709.14";"59.93";"227.93";"11.07";"937.07";"71.0";"28.81";"29.78";"112.79";"7.71";"87.21";"21.29";"6.14";"0.64";"0.7";"1.64";"1.29";"1.67";"43.79";"2.01";"2.54";"10472.41";"116.36";"1650.14";"720.97";"60.93";"231.73";"11.26";"952.7";"72.18";"114.67";"7.84";"88.67";"21.64";"6.25";"1.67";"44.52"
"Simone Canestrelli";"S. Canestrelli";"63027";"2000-09-11";"Pisa Sporting Club";"1453";"ITA - Serie A";"5";"2025/2026";"129";"LCB";"Central Defender";"97.73";"12";"0";"10524.0";"107.68";"1316.25";"427.08";"38.0";"135.25";"6.42";"562.33";"44.42";"28.35";"29.64";"101.5";"4.58";"81.08";"10.08";"2.92";"0.68";"0.79";"0.42";"1.66";"null";"25.83";"2.02";"2.85";"9691.41";"107.68";"1212.12";"393.3";"34.99";"124.55";"5.91";"517.85";"40.9";"93.47";"4.22";"74.67";"9.29";"2.69";"0.38";"23.79"
"Simone Canestrelli";"S. Canestrelli";"63027";"2000-09-11";"Pisa Sporting Club";"1453";"ITA - Serie A";"5";"2025/2026";"129";"RCB";"Central Defender";"98.42";"9";"0";"10390.22";"105.57";"1245.11";"403.33";"36.78";"100.44";"5.89";"503.78";"42.67";"28.13";"28.84";"93.56";"4.33";"71.89";"9.44";"2.67";"0.68";"null";"1.0";"1.43";"null";"24.22";"2.22";"2.8";"9501.46";"105.57";"1138.61";"368.83";"33.63";"91.85";"5.39";"460.69";"39.02";"85.55";"3.96";"65.74";"8.64";"2.44";"0.91";"22.15"
"Sam Sherring";"S. Sherring";"63052";"2000-05-08";"Cheltenham Town";"1870";"ENG - League Two";"204";"2025/2026";"129";"RCB";"Central Defender";"96.42";"10";"0";"10052.7";"104.26";"1285.6";"418.8";"37.1";"84.4";"5.4";"503.2";"42.5";"27.9";"28.92";"125.3";"5.6";"93.7";"11.5";"2.3";"0.6";"0.79";"0.3";"1.43";"null";"25.3";"2.07";"2.96";"9383.03";"104.26";"1199.96";"390.9";"34.63";"78.78";"5.04";"469.68";"39.67";"116.95";"5.23";"87.46";"10.73";"2.15";"0.28";"23.61"
"Federico Baschirotto";"F. Baschirotto";"63155";"1996-09-20";"US Cremonese";"771";"ITA - Serie A";"5";"2025/2026";"129";"CB";"Central Defender";"98.33";"23";"0";"10415.91";"105.92";"1222.09";"417.83";"41.91";"138.0";"7.87";"555.83";"49.78";"28.61";"30.36";"107.43";"5.17";"84.0";"12.35";"3.09";"0.64";"0.68";"0.74";"1.25";"null";"27.61";"1.94";"2.8";"9533.14";"105.92";"1118.51";"382.41";"38.36";"126.3";"7.2";"508.72";"45.56";"98.33";"4.74";"76.88";"11.3";"2.83";"0.68";"25.27"
"Alfie Chang";"A. Chang";"63307";"2002-09-04";"Bristol Rovers FC";"2540";"ENG - League Two";"204";"2025/2026";"129";"LM";"Midfield";"91.57";"8";"0";"9879.25";"107.88";"1552.25";"499.38";"45.38";"102.75";"6.38";"602.12";"51.75";"27.26";"27.82";"117.25";"5.5";"91.62";"16.88";"3.62";"0.72";"0.74";"1.12";"1.56";"1.56";"34.12";"2.03";"2.71";"9709.56";"107.88";"1525.59";"490.8";"44.6";"100.99";"6.27";"591.78";"50.86";"115.24";"5.41";"90.05";"16.59";"3.56";"1.11";"33.54"
"Tom Fellows";"T. Fellows";"63408";"2003-07-25";"Southampton";"58";"ENG - Championship";"31";"2025/2026";"129";"RWB";"Full Back";"78.56";"11";"0";"9417.0";"119.86";"1479.45";"759.18";"70.45";"382.55";"18.0";"1141.73";"88.45";"31.16";"32.44";"99.55";"8.0";"86.55";"14.82";"7.36";"0.56";"0.58";"3.73";"1.06";"1.09";"38.73";"1.85";"2.59";"10787.82";"119.86";"1694.82";"869.69";"80.71";"438.23";"20.62";"1307.93";"101.33";"114.04";"9.16";"99.14";"16.98";"8.44";"4.27";"44.36"
"Alex Mitchell";"A. Mitchell";"63412";"2001-10-07";"Plymouth Argyle";"1728";"ENG - League One";"101";"2025/2026";"129";"LCB";"Central Defender";"99.55";"15";"0";"10594.27";"106.42";"1268.6";"411.73";"36.53";"90.0";"6.07";"501.73";"42.6";"28.81";"30.5";"111.6";"3.93";"83.27";"9.4";"2.53";"0.64";"0.78";"0.8";"1.36";"null";"20.6";"2.2";"3.08";"9577.73";"106.42";"1146.88";"372.23";"33.03";"81.36";"5.48";"453.59";"38.51";"100.89";"3.56";"75.28";"8.5";"2.29";"0.72";"18.62"
"Mitchell Clark";"M. Clark";"63417";"1999-03-13";"Port Vale FC";"2543";"ENG - League One";"101";"2025/2026";"129";"RWB";"Full Back";"94.13";"9";"0";"9623.89";"102.24";"1281.89";"539.11";"54.0";"231.22";"11.56";"770.33";"65.56";"29.86";"30.34";"109.56";"7.67";"92.89";"15.56";"5.89";"0.68";"0.79";"2.33";"1.36";"1.43";"29.0";"2.0";"3.04";"9201.31";"102.24";"1225.6";"515.44";"51.63";"221.07";"11.05";"736.51";"62.68";"104.75";"7.33";"88.81";"14.87";"5.63";"2.23";"27.73"
"Amadou Salif Mbengue";"A. Mbengue";"63450";"2002-01-05";"Queens Park Rangers";"56";"ENG - Championship";"31";"2025/2026";"129";"RB";"Full Back";"93.11";"14";"0";"9738.71";"104.6";"1275.07";"582.43";"62.57";"310.14";"14.36";"892.57";"76.93";"31.0";"32.44";"116.43";"8.5";"95.07";"19.79";"7.5";"0.62";"0.63";"2.71";"1.28";"1.35";"32.71";"1.96";"2.58";"9413.84";"104.6";"1232.54";"563.0";"60.48";"299.8";"13.88";"862.8";"74.36";"112.54";"8.22";"91.9";"19.13";"7.25";"2.62";"31.62"
"Théo Le Bris";"T. Le Bris";"63451";"2002-10-01";"FC Lorient";"72";"FRA - Ligue 1";"3";"2025/2026";"129";"RWB";"Full Back";"90.22";"14";"0";"10268.86";"113.82";"1353.43";"600.14";"62.5";"263.07";"15.14";"863.21";"77.64";"30.29";"31.64";"108.07";"10.5";"88.86";"22.29";"7.86";"0.56";"0.58";"3.14";"1.13";"1.16";"42.5";"1.87";"2.6";"10244.06";"113.82";"1350.16";"598.69";"62.35";"262.44";"15.11";"861.13";"77.46";"107.81";"10.47";"88.64";"22.23";"7.84";"3.14";"42.4"
"Alessandro Zanoli";"A. Zanoli";"63461";"2000-10-03";"Udinese";"148";"ITA - Serie A";"5";"2025/2026";"129";"RWB";"Full Back";"80.81";"15";"0";"9053.47";"112.04";"1265.27";"554.4";"55.2";"269.8";"13.93";"824.2";"69.13";"30.92";"33.02";"94.4";"7.33";"75.4";"16.8";"5.87";"0.61";"0.62";"3.0";"1.12";"1.14";"32.53";"1.94";"2.58";"10083.61";"112.04";"1409.23";"617.48";"61.48";"300.5";"15.52";"917.98";"77.0";"105.14";"8.17";"83.98";"18.71";"6.53";"3.34";"36.24"
"Ciarán Kelly";"C. Kelly";"64458";"1998-07-04";"Bradford City AFC";"2810";"ENG - League One";"101";"2025/2026";"129";"LCB";"Central Defender";"92.41";"11";"0";"9794.18";"105.99";"1324.36";"435.27";"38.55";"113.18";"6.18";"548.45";"44.73";"28.35";"29.38";"108.27";"5.36";"77.73";"10.36";"3.18";"0.7";"0.71";"0.73";"1.41";"1.49";"20.0";"2.1";"3.37";"9538.69";"105.99";"1289.82";"423.92";"37.54";"110.23";"6.02";"534.15";"43.56";"105.45";"5.22";"75.7";"10.09";"3.1";"0.71";"19.48"
"Nasser Yacouba Djiga";"N. Djiga";"64552";"2002-11-15";"Rangers";"241";"SCO - Premiership";"18";"2025/2026";"129";"RCB";"Central Defender";"97.68";"11";"0";"10051.27";"102.9";"1267.09";"419.0";"41.36";"145.27";"7.82";"564.27";"49.18";"29.73";"31.0";"117.91";"7.36";"89.09";"14.36";"4.09";"0.61";"0.7";"1.27";"1.2";"null";"22.18";"2.21";"2.88";"9260.97";"102.9";"1167.46";"386.06";"38.11";"133.85";"7.2";"519.91";"45.31";"108.64";"6.78";"82.09";"13.23";"3.77";"1.17";"20.44"
"Patrick Kelly";"P. Kelly";"64904";"2004-10-02";"Barnsley FC";"878";"ENG - League One";"101";"2025/2026";"129";"AM";"Midfield";"94.69";"8";"0";"11359.38";"119.96";"2101.0";"797.38";"71.0";"232.25";"14.62";"1029.62";"85.62";"28.48";"29.0";"126.5";"6.38";"105.12";"18.75";"4.75";"0.75";"0.81";"2.12";"1.51";"1.98";"47.0";"2.1";"2.68";"10796.79";"119.96";"1996.95";"757.88";"67.48";"220.75";"13.9";"978.63";"81.38";"120.23";"6.06";"99.92";"17.82";"4.51";"2.02";"44.67"
"Jordan Gibson";"J. Gibson";"65126";"1998-02-26";"Doncaster Rovers FC";"1725";"ENG - League One";"101";"2025/2026";"129";"LW";"Wide Attacker";"79.87";"11";"0";"8867.55";"111.02";"1316.0";"556.27";"49.0";"126.0";"8.36";"682.27";"57.36";"28.1";"29.46";"91.91";"6.73";"70.09";"12.82";"5.0";"0.74";"0.78";"1.18";"1.3";"null";"34.45";"1.82";"2.71";"9991.88";"111.02";"1482.86";"626.8";"55.21";"141.98";"9.42";"768.78";"64.64";"103.56";"7.58";"78.98";"14.44";"5.63";"1.33";"38.82"
"Mattie Pollock";"M. Pollock";"65860";"2001-09-28";"Watford";"64";"ENG - Championship";"31";"2025/2026";"129";"LCB";"Central Defender";"99.46";"11";"0";"10029.0";"100.84";"1178.45";"343.0";"32.45";"84.73";"4.36";"427.73";"36.82";"27.64";"28.52";"112.27";"4.45";"87.09";"11.09";"2.64";"0.83";"0.89";"0.73";"1.82";"null";"17.36";"2.08";"3.03";"9075.33";"100.84";"1066.39";"310.38";"29.37";"76.67";"3.95";"387.05";"33.32";"101.6";"4.03";"78.81";"10.04";"2.39";"0.66";"15.71"
"Žan Vipotnik";"Ž. Vipotnik";"66256";"2002-03-18";"Swansea City";"55";"ENG - Championship";"31";"2025/2026";"129";"CF";"Center Forward";"83.84";"21";"0";"8880.33";"105.92";"1149.52";"603.05";"59.62";"210.9";"12.14";"813.95";"71.76";"28.83";"30.4";"97.05";"11.1";"77.43";"17.86";"8.33";"0.62";"0.66";"2.52";"1.29";"1.29";"37.57";"1.83";"2.68";"9532.75";"105.92";"1233.98";"647.35";"64.0";"226.4";"13.03";"873.75";"77.03";"104.18";"11.91";"83.12";"19.17";"8.95";"2.71";"40.33"
"Carl Johnston";"C. Johnston";"66342";"2002-05-29";"Peterborough United";"1869";"ENG - League One";"101";"2025/2026";"129";"LB";"Full Back";"95.77";"14";"0";"10879.07";"113.6";"1616.36";"641.86";"62.71";"188.64";"11.07";"830.5";"73.79";"28.71";"30.26";"132.0";"10.36";"107.71";"17.93";"7.79";"0.62";"0.65";"3.21";"1.28";"1.31";"33.93";"1.88";"2.72";"10223.6";"113.6";"1518.97";"603.18";"58.94";"177.28";"10.4";"780.46";"69.34";"124.05";"9.73";"101.22";"16.85";"7.32";"3.02";"31.88"
"Thierno Ballo";"T. Ballo";"67555";"2002-01-02";"Millwall FC";"751";"ENG - Championship";"31";"2025/2026";"129";"LW";"Wide Attacker";"84.07";"12";"0";"9576.75";"113.91";"1578.42";"790.33";"71.33";"276.92";"13.92";"1067.25";"85.25";"29.37";"30.42";"109.42";"9.33";"87.75";"20.5";"6.58";"0.64";"0.7";"2.08";"1.33";"1.54";"49.5";"1.95";"2.69";"10251.82";"113.91";"1689.68";"846.04";"76.36";"296.44";"14.9";"1142.48";"91.26";"117.13";"9.99";"93.94";"21.95";"7.05";"2.23";"52.99"
"Thierry Small";"T. Small";"67566";"2004-08-01";"Preston North End";"748";"ENG - Championship";"31";"2025/2026";"129";"LWB";"Full Back";"85.97";"16";"0";"9605.69";"111.73";"1377.94";"612.88";"61.19";"272.25";"13.44";"885.12";"74.62";"30.81";"32.58";"113.88";"9.44";"87.62";"20.44";"7.19";"0.63";"0.69";"2.88";"1.16";"1.25";"33.31";"2.01";"2.75";"10055.39";"111.73";"1442.45";"641.57";"64.05";"285.0";"14.07";"926.56";"78.12";"119.21";"9.88";"91.73";"21.39";"7.52";"3.01";"34.87"
"Tom Cannon";"T. Cannon";"67569";"2002-12-28";"Sheffield United";"746";"ENG - Championship";"31";"2025/2026";"129";"CF";"Center Forward";"79.7";"11";"0";"8775.64";"110.11";"1117.36";"550.64";"61.55";"218.27";"13.91";"768.91";"75.45";"29.92";"31.08";"89.91";"10.82";"71.0";"19.55";"8.55";"0.65";"0.65";"2.91";"1.29";"1.36";"36.73";"1.88";"2.72";"9910.13";"110.11";"1261.81";"621.82";"69.5";"246.49";"15.71";"868.31";"85.21";"101.53";"12.22";"80.18";"22.07";"9.65";"3.29";"41.48"
"Jayden Wareham";"J. Wareham";"67571";"2003-05-13";"Exeter City FC";"2542";"ENG - League One";"101";"2025/2026";"129";"CF";"Center Forward";"83.17";"26";"0";"9417.54";"113.23";"1316.0";"576.65";"57.85";"164.46";"11.23";"741.12";"69.08";"28.47";"30.02";"100.62";"9.31";"79.42";"15.46";"6.54";"0.6";"0.74";"1.65";"1.29";"1.39";"34.27";"1.84";"2.78";"10191.01";"113.23";"1424.08";"624.01";"62.6";"177.97";"12.15";"801.98";"74.75";"108.88";"10.07";"85.95";"16.73";"7.08";"1.79";"37.08"
"Charlie Webster";"C. Webster";"67574";"2004-01-31";"Burton Albion";"1874";"ENG - League One";"101";"2025/2026";"129";"LM";"Midfield";"98.62";"11";"0";"11343.36";"115.02";"1976.73";"672.27";"58.73";"120.64";"7.36";"792.91";"66.09";"27.38";"28.54";"126.73";"7.91";"98.91";"18.27";"4.55";"0.6";"0.63";"0.55";"1.55";"1.72";"47.0";"2.01";"2.78";"10351.76";"115.02";"1803.93";"613.5";"53.59";"110.09";"6.72";"723.6";"60.31";"115.65";"7.22";"90.26";"16.68";"4.15";"0.5";"42.89"
"Charlie Savage";"C. Savage";"67580";"2003-05-02";"Reading";"59";"ENG - League One";"101";"2025/2026";"129";"LDM";"Midfield";"97.49";"13";"0";"11939.62";"122.47";"2275.23";"742.85";"65.0";"200.23";"9.77";"943.08";"74.77";"28.61";"29.34";"132.08";"5.0";"110.0";"13.69";"3.38";"0.77";"0.83";"0.62";"1.79";"null";"49.69";"2.07";"2.7";"11022.2";"122.47";"2100.41";"685.77";"60.01";"184.85";"9.02";"870.61";"69.02";"121.93";"4.62";"101.55";"12.64";"3.12";"0.57";"45.87"
"Charlie Savage";"C. Savage";"67580";"2003-05-02";"Reading";"59";"ENG - League One";"101";"2025/2026";"129";"LM";"Midfield";"90.8";"14";"0";"11030.57";"121.48";"2034.93";"831.21";"69.21";"260.29";"12.64";"1091.5";"81.86";"28.99";"30.18";"125.79";"5.71";"104.21";"14.71";"4.29";"0.64";"0.7";"1.36";"1.34";"1.94";"44.57";"1.92";"2.59";"10933.39";"121.48";"2017.0";"823.89";"68.6";"257.99";"12.53";"1081.88";"81.14";"124.68";"5.66";"103.3";"14.58";"4.25";"1.35";"44.18"
"Álvaro Fernández Carreras";"Álvaro Carreras";"67581";"2003-03-23";"Real Madrid CF";"262";"ESP - LaLiga";"4";"2025/2026";"129";"LB";"Full Back";"98.39";"17";"0";"10598.24";"107.71";"1419.35";"703.53";"71.12";"304.53";"17.41";"1008.06";"88.53";"29.78";"30.98";"124.41";"11.47";"104.0";"24.41";"8.82";"0.66";"0.69";"3.59";"1.37";"1.55";"45.24";"1.85";"2.72";"9694.28";"107.71";"1298.29";"643.52";"65.05";"278.56";"15.93";"922.08";"80.98";"113.8";"10.49";"95.13";"22.33";"8.07";"3.28";"41.38"
"Joseph Olowu";"J. Olowu";"67583";"1999-11-27";"Stockport County FC";"2820";"ENG - League One";"101";"2025/2026";"129";"RCB";"Central Defender";"89.59";"14";"0";"8917.71";"99.54";"1031.5";"385.21";"38.86";"131.21";"6.5";"516.43";"45.36";"29.56";"31.56";"99.07";"4.93";"76.07";"10.21";"3.43";"0.61";"0.64";"1.14";"1.22";"null";"19.86";"2.18";"2.59";"8958.6";"99.54";"1036.23";"386.98";"39.04";"131.82";"6.53";"518.8";"45.57";"99.53";"4.95";"76.42";"10.26";"3.44";"1.15";"19.95"
"Matías Soulé Malvano";"M. Soulé";"67782";"2003-04-15";"Roma";"142";"ITA - Serie A";"5";"2025/2026";"129";"AM";"Midfield";"79.33";"11";"0";"9350.55";"117.87";"1595.0";"635.45";"59.0";"146.73";"8.91";"782.18";"67.91";"27.9";"28.92";"105.36";"6.09";"89.09";"18.36";"4.82";"0.68";"0.7";"1.27";"1.3";"1.3";"50.82";"1.86";"2.55";"10608.37";"117.87";"1809.56";"720.94";"66.94";"166.46";"10.11";"887.4";"77.04";"119.54";"6.91";"101.08";"20.83";"5.47";"1.44";"57.65"
"Brandon Hanlan";"B. Hanlan";"67869";"1997-05-31";"Doncaster Rovers FC";"1725";"ENG - League One";"101";"2025/2026";"129";"CF";"Center Forward";"84.46";"9";"0";"8892.11";"105.28";"1133.89";"529.89";"60.22";"194.44";"13.11";"724.33";"73.33";"29.7";"30.3";"105.67";"13.67";"82.0";"20.22";"10.0";"0.57";"0.57";"3.0";"1.07";"1.12";"33.33";"1.8";"2.9";"9475.04";"105.28";"1208.22";"564.63";"64.17";"207.19";"13.97";"771.82";"78.14";"112.59";"14.56";"87.38";"21.55";"10.66";"3.2";"35.52"
"William Mbongo Desire Hondermarck";"W. Hondermarck";"67951";"2000-11-21";"Bromley FC";"3700";"ENG - League Two";"204";"2025/2026";"129";"LM";"Midfield";"82.94";"9";"0";"9080.78";"109.48";"1353.67";"464.44";"43.0";"130.22";"7.0";"594.67";"50.0";"28.96";"30.28";"86.89";"5.44";"71.89";"11.56";"3.89";"0.6";"0.63";"0.44";"1.56";"null";"36.0";"2.03";"2.71";"9853.44";"109.48";"1468.85";"503.96";"46.66";"141.3";"7.6";"645.27";"54.25";"94.28";"5.91";"78.01";"12.54";"4.22";"0.48";"39.06"
"Kaoru Mitoma";"K. Mitoma";"67969";"1997-05-20";"Brighton and Hove Albion";"308";"ENG - Premier League";"1";"2025/2026";"129";"LW";"Wide Attacker";"92.15";"10";"0";"10155.9";"110.21";"1458.8";"720.5";"71.0";"339.0";"17.8";"1059.5";"88.8";"30.73";"31.62";"107.6";"7.3";"90.5";"17.1";"5.8";"0.67";"0.75";"2.2";"1.35";"1.59";"48.3";"1.87";"2.63";"9919.31";"110.21";"1424.82";"703.72";"69.35";"331.1";"17.39";"1034.82";"86.73";"105.09";"7.13";"88.39";"16.7";"5.66";"2.15";"47.17"
"Kelvin Ehibhatiomhan";"K. Ehibhatiomhan";"67991";"2003-04-23";"Reading";"59";"ENG - League One";"101";"2025/2026";"129";"CF";"Center Forward";"87.04";"8";"0";"9745.0";"111.96";"1325.38";"587.5";"59.12";"218.25";"12.5";"805.75";"71.62";"29.29";"29.9";"103.25";"8.75";"80.38";"15.5";"6.12";"0.74";"0.84";"2.38";"1.42";"null";"36.5";"2.01";"2.96";"10075.97";"111.96";"1370.39";"607.45";"61.13";"225.66";"12.92";"833.12";"74.06";"106.76";"9.05";"83.1";"16.03";"6.33";"2.46";"37.74"
"Bradley Barcola";"B. Barcola";"68485";"2002-09-02";"Paris Saint-Germain";"76";"FRA - Ligue 1";"3";"2025/2026";"129";"LF";"Wide Attacker";"77.2";"9";"0";"8081.11";"104.68";"882.22";"397.89";"52.78";"292.89";"13.56";"690.78";"66.33";"32.73";"33.48";"79.67";"8.33";"65.44";"15.78";"7.0";"0.59";"0.59";"3.56";"1.11";"1.14";"34.56";"1.86";"2.92";"9420.76";"104.68";"1028.47";"463.85";"61.53";"341.44";"15.8";"805.29";"77.33";"92.87";"9.71";"76.29";"18.39";"8.16";"4.14";"40.28"
"George Tanner";"G. Tanner";"68588";"1999-11-16";"Bristol City";"753";"ENG - Championship";"31";"2025/2026";"129";"RCB";"Central Defender";"95.52";"21";"0";"10296.86";"107.8";"1415.24";"510.71";"51.14";"163.48";"10.29";"674.19";"61.43";"28.69";"30.28";"129.14";"6.95";"100.62";"14.19";"4.95";"0.61";"0.62";"1.29";"1.31";"1.33";"30.86";"1.93";"2.72";"9702.31";"107.8";"1333.52";"481.23";"48.19";"154.04";"9.69";"635.26";"57.88";"121.69";"6.55";"94.81";"13.37";"4.67";"1.21";"29.08"
"Mohamed El Amine Amoura";"M. Amoura";"68779";"2000-05-09";"VfL Wolfsburg";"106";"GER - Bundesliga";"6";"2025/2026";"129";"CF";"Center Forward";"87.05";"9";"0";"10682.89";"122.72";"1671.33";"667.44";"72.44";"288.33";"16.67";"955.78";"89.11";"30.62";"31.9";"108.0";"9.0";"86.56";"20.89";"6.11";"0.61";"0.69";"2.11";"1.24";"null";"60.11";"1.92";"2.89";"11044.68";"122.72";"1727.94";"690.05";"74.9";"298.1";"17.23";"988.15";"92.13";"111.66";"9.3";"89.49";"21.6";"6.32";"2.18";"62.15"
"Lewis Dobbin";"L. Dobbin";"68805";"2003-01-03";"Preston North End";"748";"ENG - Championship";"31";"2025/2026";"129";"CF";"Center Forward";"74.24";"16";"0";"8152.75";"109.82";"1232.12";"520.81";"54.12";"215.19";"10.81";"736.0";"64.94";"30.2";"31.48";"99.06";"9.19";"76.44";"16.56";"7.38";"0.63";"0.64";"2.06";"1.28";"1.43";"36.88";"1.82";"2.68";"9884.06";"109.82";"1493.78";"631.41";"65.62";"260.88";"13.11";"892.3";"78.73";"120.1";"11.14";"92.67";"20.08";"8.94";"2.5";"44.71"
"Lewis Hall";"L. Hall";"68884";"2004-09-08";"Newcastle United";"32";"ENG - Premier League";"1";"2025/2026";"129";"LB";"Full Back";"96.26";"12";"0";"10736.17";"111.53";"1626.5";"774.5";"71.25";"295.25";"15.67";"1069.75";"86.92";"29.32";"30.64";"116.33";"9.08";"97.0";"19.42";"7.17";"0.66";"0.66";"2.75";"1.34";"1.36";"43.92";"1.91";"2.69";"10037.85";"111.53";"1520.71";"724.12";"66.62";"276.05";"14.65";"1000.17";"81.26";"108.77";"8.49";"90.69";"18.15";"6.7";"2.57";"41.06"
"Finley Burns";"F. Burns";"68899";"2003-06-17";"Reading";"59";"ENG - League One";"101";"2025/2026";"129";"RCB";"Central Defender";"99.23";"13";"0";"10750.46";"108.34";"1455.92";"468.85";"43.92";"118.77";"7.46";"587.62";"51.38";"28.11";"29.14";"116.15";"4.23";"90.15";"11.77";"2.54";"0.73";"0.88";"1.08";"1.45";"1.92";"25.85";"2.15";"2.99";"9750.54";"108.34";"1320.51";"425.24";"39.84";"107.72";"6.77";"532.96";"46.61";"105.35";"3.84";"81.77";"10.67";"2.3";"0.98";"23.44"
"Adrián Bernabé García";"Adrián Bernabé";"68901";"2001-05-26";"Parma";"152";"ITA - Serie A";"5";"2025/2026";"129";"RM";"Midfield";"85.11";"15";"0";"9553.53";"112.25";"1431.6";"460.53";"40.27";"112.33";"5.27";"572.87";"45.53";"27.91";"29.72";"96.6";"3.47";"82.4";"10.73";"2.2";"0.7";"0.73";"0.8";"1.4";"1.77";"31.27";"1.85";"2.78";"10102.56";"112.25";"1513.87";"487.0";"42.58";"118.79";"5.57";"605.79";"48.15";"102.15";"3.67";"87.14";"11.35";"2.33";"0.85";"33.06"
"Caspar Jander";"C. Jander";"68955";"2003-03-23";"Southampton";"58";"ENG - Championship";"31";"2025/2026";"129";"LM";"Midfield";"88.46";"12";"0";"10874.75";"122.93";"2099.92";"768.08";"62.83";"151.25";"8.83";"919.33";"71.67";"27.74";"29.04";"124.92";"6.42";"101.17";"13.08";"3.92";"0.68";"0.75";"0.67";"1.44";"null";"52.92";"1.78";"2.68";"11063.76";"122.93";"2136.41";"781.43";"63.93";"153.88";"8.99";"935.31";"72.91";"127.09";"6.53";"102.92";"13.31";"3.98";"0.68";"53.84"
"Emre Tezgel";"E. Tezgel";"69016";"2005-09-19";"Crewe Alexandra FC";"1726";"ENG - League Two";"204";"2025/2026";"129";"CF";"Center Forward";"92.98";"9";"0";"9926.78";"106.76";"1231.89";"677.0";"67.0";"220.11";"14.33";"897.11";"81.33";"29.42";"30.14";"101.56";"11.44";"79.0";"17.44";"8.33";"0.62";"0.75";"2.56";"1.56";"1.67";"37.44";"1.99";"2.87";"9608.66";"106.76";"1192.41";"655.3";"64.85";"213.06";"13.87";"868.36";"78.73";"98.3";"11.08";"76.47";"16.89";"8.07";"2.47";"36.24"
"Josh Feeney";"J. Feeney";"69019";"2005-05-06";"Huddersfield Town";"309";"ENG - League One";"101";"2025/2026";"129";"RCB";"Central Defender";"99.11";"13";"0";"10381.08";"104.74";"1383.62";"375.31";"35.46";"89.92";"5.23";"465.23";"40.69";"27.56";"28.94";"111.15";"4.77";"87.31";"10.15";"3.0";"0.69";"0.74";"0.92";"1.39";"1.62";"22.31";"2.25";"2.82";"9426.72";"104.74";"1256.42";"340.8";"32.2";"81.66";"4.75";"422.46";"36.95";"100.94";"4.33";"79.28";"9.22";"2.72";"0.84";"20.26"
"Nico O'Reilly";"N. O'Reilly";"69020";"2005-03-21";"Manchester City";"40";"ENG - Premier League";"1";"2025/2026";"129";"LB";"Full Back";"95.03";"17";"0";"10692.94";"112.52";"1482.35";"656.24";"69.65";"307.0";"16.06";"963.24";"85.71";"30.94";"32.7";"119.0";"8.65";"100.71";"21.06";"6.53";"0.61";"0.61";"2.41";"1.19";"1.21";"41.06";"1.9";"2.54";"10127.23";"112.52";"1403.93";"621.52";"65.96";"290.76";"15.21";"912.28";"81.17";"112.7";"8.19";"95.38";"19.94";"6.18";"2.28";"38.89"
"Ashley Phillips";"A. Phillips";"69024";"2005-06-26";"Stoke City";"46";"ENG - Championship";"31";"2025/2026";"129";"RCB";"Central Defender";"99.91";"22";"0";"10501.59";"105.11";"1541.59";"488.45";"45.27";"133.68";"7.77";"622.14";"53.05";"28.92";"31.06";"116.73";"6.32";"90.91";"11.18";"3.95";"0.66";"0.66";"1.09";"1.35";"1.39";"27.41";"1.93";"2.72";"9460.03";"105.11";"1388.69";"440.01";"40.78";"120.42";"7.0";"560.43";"47.78";"105.15";"5.69";"81.89";"10.07";"3.56";"0.98";"24.69"
"Amario Cozier-Duberry";"A. Cozier-Duberry";"69171";"2005-05-29";"Bolton Wanderers";"45";"ENG - League One";"101";"2025/2026";"129";"RW";"Wide Attacker";"96.6";"22";"0";"11077.82";"114.68";"1626.41";"750.27";"77.55";"289.14";"15.91";"1039.41";"93.45";"29.91";"31.72";"118.45";"10.18";"95.73";"20.41";"8.18";"0.61";"0.62";"3.27";"1.12";"1.12";"68.32";"1.84";"2.71";"10321.11";"114.68";"1515.31";"699.02";"72.25";"269.39";"14.82";"968.41";"87.07";"110.36";"9.49";"89.19";"19.01";"7.62";"3.05";"63.65"
"Bobby Clark";"B. Clark";"69174";"2005-02-07";"Derby County FC";"359";"ENG - Championship";"31";"2025/2026";"129";"AM";"Midfield";"81.03";"8";"0";"9734.75";"120.14";"1635.62";"748.75";"68.38";"231.12";"13.62";"979.88";"82.0";"28.41";"29.16";"107.38";"5.12";"89.12";"15.62";"3.62";"0.66";"0.72";"1.38";"1.31";"1.54";"61.62";"1.93";"2.78";"10812.5";"120.14";"1816.71";"831.64";"75.94";"256.71";"15.13";"1088.36";"91.08";"119.26";"5.69";"98.99";"17.35";"4.03";"1.53";"68.45"
"Bobby Clark";"B. Clark";"69174";"2005-02-07";"Derby County FC";"359";"ENG - Championship";"31";"2025/2026";"129";"RM";"Midfield";"92.17";"8";"0";"11096.38";"120.39";"1918.12";"615.12";"55.75";"142.88";"8.38";"758.0";"64.12";"28.11";"28.82";"111.88";"4.75";"94.25";"15.12";"3.75";"0.71";"0.71";"1.25";"1.37";"1.66";"58.25";"1.92";"2.67";"10835.03";"120.39";"1872.95";"600.64";"54.44";"139.51";"8.18";"740.15";"62.61";"109.24";"4.64";"92.03";"14.77";"3.66";"1.22";"56.88"
"Callum Agius";"C. Agius";"69191";"2005-09-05";"Crewe Alexandra FC";"1726";"ENG - League Two";"204";"2025/2026";"129";"LW";"Wide Attacker";"89.78";"22";"0";"10747.68";"119.72";"1740.59";"697.82";"62.5";"162.45";"10.32";"860.27";"72.82";"28.19";"29.84";"104.91";"7.73";"81.09";"17.09";"4.91";"0.56";"0.63";"1.05";"1.07";"1.19";"47.41";"1.86";"2.52";"10774.62";"119.72";"1744.95";"699.57";"62.66";"162.86";"10.34";"862.43";"73.0";"105.17";"7.75";"81.29";"17.13";"4.92";"1.05";"47.53"
"Charlie Whitaker";"C. Whitaker";"69222";"2003-09-16";"Tranmere Rovers FC";"2822";"ENG - League Two";"204";"2025/2026";"129";"AM";"Midfield";"88.94";"17";"0";"9749.24";"109.61";"1416.06";"500.71";"45.76";"115.71";"6.35";"616.41";"52.12";"29.22";"30.52";"100.71";"4.82";"80.88";"8.82";"3.29";"0.6";"0.65";"0.41";"1.32";"1.39";"35.41";"1.85";"2.73";"9865.08";"109.61";"1432.89";"506.66";"46.31";"117.08";"6.43";"623.74";"52.74";"101.9";"4.88";"81.84";"8.93";"3.33";"0.42";"35.83"
"Isaac Romero Bernal";"Isaac Romero";"69307";"2000-05-18";"Sevilla FC";"266";"ESP - LaLiga";"4";"2025/2026";"129";"CF";"Center Forward";"78.59";"11";"0";"9003.73";"114.56";"1199.27";"541.82";"61.09";"287.55";"14.73";"829.36";"75.82";"31.35";"32.4";"93.73";"8.91";"77.36";"17.82";"7.27";"0.63";"0.65";"3.36";"1.23";"1.34";"42.36";"2.01";"2.57";"10310.61";"114.56";"1373.35";"620.46";"69.96";"329.28";"16.86";"949.74";"86.82";"107.33";"10.2";"88.59";"20.4";"8.33";"3.85";"48.51"
"Juan Luis Sánchez Velasco";"Juanlu Sánchez";"69308";"2003-08-15";"Sevilla FC";"266";"ESP - LaLiga";"4";"2025/2026";"129";"RWB";"Full Back";"81.44";"8";"0";"8933.25";"109.69";"1333.25";"624.38";"63.0";"252.75";"13.5";"877.12";"76.5";"29.71";"30.48";"97.25";"8.38";"78.75";"20.0";"7.38";"0.71";"0.74";"2.38";"1.29";"1.42";"44.62";"1.96";"2.68";"9872.26";"109.69";"1473.39";"690.01";"69.62";"279.32";"14.92";"969.32";"84.54";"107.47";"9.26";"87.03";"22.1";"8.15";"2.62";"49.32"
"Enrique Jesús Salas Valiente";"Kike Salas";"69391";"2002-04-23";"Sevilla FC";"266";"ESP - LaLiga";"4";"2025/2026";"129";"LCB";"Central Defender";"95.78";"11";"0";"9902.27";"103.39";"1373.91";"500.45";"47.55";"158.82";"9.18";"659.27";"56.73";"29.15";"30.62";"118.27";"8.82";"93.91";"16.18";"6.64";"0.64";"0.68";"1.55";"1.37";"1.42";"34.55";"1.94";"2.7";"9304.97";"103.39";"1291.04";"470.27";"44.68";"149.24";"8.63";"619.51";"53.31";"111.14";"8.29";"88.24";"15.21";"6.24";"1.45";"32.46"
"Abdessamad Ezzalzouli";"A. Ezzalzouli";"69881";"2001-12-17";"Real Betis Balompié";"269";"ESP - LaLiga";"4";"2025/2026";"129";"LW";"Wide Attacker";"93.89";"10";"0";"9785.7";"104.22";"1187.6";"624.1";"71.8";"404.7";"18.1";"1028.8";"89.9";"31.84";"32.58";"99.7";"10.6";"80.0";"21.2";"8.4";"0.55";"0.55";"4.3";"1.03";"1.12";"46.6";"1.84";"2.62";"9379.76";"104.22";"1138.34";"598.21";"68.82";"387.91";"17.35";"986.12";"86.17";"95.56";"10.16";"76.68";"20.32";"8.05";"4.12";"44.67"
"Maghnes Akliouche";"M. Akliouche";"70204";"2002-02-25";"AS Monaco";"75";"FRA - Ligue 1";"3";"2025/2026";"129";"RW";"Wide Attacker";"98.31";"10";"0";"11105.9";"112.97";"1563.5";"614.3";"62.7";"196.7";"10.9";"811.0";"73.6";"28.75";"29.34";"102.9";"5.8";"82.7";"13.9";"4.1";"0.69";"0.72";"1.0";"1.37";"null";"52.1";"1.77";"2.9";"10166.96";"112.97";"1431.32";"562.36";"57.4";"180.07";"9.98";"742.43";"67.38";"94.2";"5.31";"75.71";"12.72";"3.75";"0.92";"47.7"
"Kévin Danois";"K. Danois";"70207";"2004-06-28";"AJ Auxerre";"65";"FRA - Ligue 1";"3";"2025/2026";"129";"LM";"Midfield";"93.06";"15";"0";"11641.33";"125.09";"1958.93";"657.07";"60.87";"179.0";"10.0";"836.07";"70.87";"28.26";"29.96";"122.53";"6.2";"98.73";"16.2";"3.87";"0.62";"0.65";"0.93";"1.29";"1.29";"48.2";"1.85";"2.58";"11258.14";"125.09";"1894.45";"635.44";"58.86";"173.11";"9.67";"808.55";"68.53";"118.5";"6.0";"95.48";"15.67";"3.74";"0.9";"46.61"
"Ivan Smolčić";"I. Smolčić";"70362";"2000-08-17";"Como 1907";"1948";"ITA - Serie A";"5";"2025/2026";"129";"RB";"Full Back";"82.39";"10";"0";"9452.5";"114.73";"1351.2";"611.7";"57.6";"237.3";"12.8";"849.0";"70.4";"29.68";"30.56";"104.1";"5.8";"80.7";"19.0";"4.2";"0.64";"0.67";"2.5";"1.28";"1.35";"38.8";"1.91";"2.74";"10326.0";"114.73";"1476.06";"668.23";"62.92";"259.23";"13.98";"927.46";"76.91";"113.72";"6.34";"88.16";"20.76";"4.59";"2.73";"42.39"
"Sambou Soumano";"S. Soumano";"70478";"2001-01-03";"FC Lorient";"72";"FRA - Ligue 1";"3";"2025/2026";"129";"CF";"Center Forward";"70.52";"8";"0";"7743.75";"109.81";"849.5";"356.25";"39.88";"133.75";"8.0";"490.0";"47.88";"29.27";"30.02";"80.12";"5.88";"63.38";"12.5";"4.75";"0.64";"0.69";"1.25";"1.49";"null";"31.12";"2.07";"2.93";"9883.3";"109.81";"1084.21";"454.68";"50.89";"170.7";"10.21";"625.38";"61.1";"102.26";"7.5";"80.89";"15.95";"6.06";"1.6";"39.72"
"Freddie Draper";"F. Draper";"70498";"2004-07-28";"Lincoln City FC";"1721";"ENG - League One";"101";"2025/2026";"129";"CF";"Center Forward";"81.82";"14";"0";"9353.29";"114.32";"1287.79";"547.21";"52.79";"159.93";"10.5";"707.14";"63.29";"28.38";"29.82";"97.43";"6.14";"77.43";"13.93";"3.57";"0.72";"0.84";"0.93";"1.39";"null";"35.14";"1.98";"2.71";"10288.95";"114.32";"1416.61";"601.96";"58.07";"175.93";"11.55";"777.88";"69.62";"107.17";"6.76";"85.17";"15.32";"3.93";"1.02";"38.66"
"Raúl Asencio del Rosario";"Raúl Asencio";"70532";"2003-02-13";"Real Madrid CF";"262";"ESP - LaLiga";"4";"2025/2026";"129";"RCB";"Central Defender";"96.78";"9";"0";"9270.0";"95.79";"984.22";"369.56";"36.33";"128.44";"7.56";"498.0";"43.89";"30.69";"32.56";"100.78";"5.22";"82.56";"13.11";"3.78";"0.64";"0.65";"1.78";"1.13";"1.19";"20.22";"2.23";"null";"8620.95";"95.79";"915.31";"343.68";"33.79";"119.45";"7.03";"463.13";"40.82";"93.72";"4.86";"76.78";"12.19";"3.51";"1.65";"18.81"
"Warren Zaire-Emery";"W. Zaire-Emery";"70578";"2006-03-08";"Paris Saint-Germain";"76";"FRA - Ligue 1";"3";"2025/2026";"129";"RB";"Full Back";"95.62";"12";"0";"12079.33";"126.32";"2075.33";"801.92";"71.92";"275.25";"13.25";"1077.17";"85.17";"29.32";"30.52";"121.25";"6.08";"99.83";"18.0";"4.75";"0.65";"0.76";"1.83";"1.34";"1.38";"53.08";"1.91";"2.6";"11368.78";"126.32";"1953.25";"754.75";"67.69";"259.06";"12.47";"1013.8";"80.16";"114.12";"5.73";"93.96";"16.94";"4.47";"1.73";"49.96"
"Ethan Ennis";"E. Ennis";"70634";"2004-12-11";"Fleetwood Town FC";"1724";"ENG - League Two";"204";"2025/2026";"129";"RWB";"Full Back";"93.35";"13";"0";"10290.23";"110.23";"1303.46";"519.08";"44.54";"151.69";"7.77";"670.77";"52.31";"29.42";"30.74";"106.69";"7.69";"83.77";"14.62";"5.08";"0.55";"0.55";"1.92";"1.1";"1.11";"27.69";"2.02";"2.78";"9920.95";"110.23";"1256.68";"500.45";"42.94";"146.25";"7.49";"646.7";"50.43";"102.86";"7.42";"80.76";"14.09";"4.89";"1.85";"26.7"
"Daniel Gore";"D. Gore";"70671";"2004-09-26";"Rotherham United";"750";"ENG - League One";"101";"2025/2026";"129";"LM";"Midfield";"98.79";"8";"0";"11081.12";"112.17";"1676.0";"410.88";"39.25";"91.88";"4.62";"502.75";"43.88";"27.55";"28.36";"111.62";"5.5";"97.5";"10.25";"3.75";"0.7";"0.75";"1.12";"1.42";"null";"38.75";"2.12";"2.88";"10095.42";"112.17";"1526.91";"374.33";"35.76";"83.7";"4.21";"458.03";"39.97";"101.7";"5.01";"88.83";"9.34";"3.42";"1.02";"35.3"
"Stanley Mills";"S. Mills";"70689";"2003-10-25";"Oxford United";"1588";"ENG - Championship";"31";"2025/2026";"129";"RW";"Wide Attacker";"79.09";"9";"0";"8015.56";"101.35";"1151.11";"585.22";"60.0";"314.22";"14.56";"899.44";"74.56";"31.43";"32.0";"95.78";"9.11";"69.78";"19.78";"7.11";"0.63";"0.69";"3.0";"1.17";"1.38";"35.11";"1.95";"2.71";"9121.17";"101.35";"1309.89";"665.94";"68.28";"357.56";"16.56";"1023.51";"84.84";"108.99";"10.37";"79.4";"22.51";"8.09";"3.41";"39.95"
"Lewis Warrington";"L. Warrington";"70692";"2002-10-10";"Walsall FC";"2508";"ENG - League Two";"204";"2025/2026";"129";"DM";"Midfield";"75.23";"9";"0";"9291.22";"123.5";"1902.11";"471.67";"42.67";"63.33";"3.78";"535.0";"46.44";"26.69";"27.5";"92.0";"3.89";"74.44";"12.22";"2.78";"0.75";"0.75";"0.56";"1.61";"2.05";"41.67";"1.94";"2.95";"11115.43";"123.5";"2275.57";"564.27";"51.04";"75.77";"4.52";"640.04";"55.56";"110.06";"4.65";"89.06";"14.62";"3.32";"0.66";"49.85"
"Matúš Holíček";"M. Holíček";"70747";"2005-01-25";"Crewe Alexandra FC";"1726";"ENG - League Two";"204";"2025/2026";"129";"AM";"Midfield";"85.31";"8";"0";"10348.0";"121.3";"1801.88";"653.0";"60.62";"136.75";"8.38";"789.75";"69.0";"28.96";"29.62";"114.12";"6.5";"93.38";"20.75";"3.0";"0.68";"0.97";"0.88";"1.2";"null";"50.62";"1.91";"2.86";"10916.84";"121.3";"1900.93";"688.9";"63.96";"144.27";"8.84";"833.16";"72.79";"120.4";"6.86";"98.51";"21.89";"3.16";"0.92";"53.41"
"Soumaïla Coulibaly ";"S. Coulibaly";"70850";"2003-10-14";"Stade Brestois 29";"89";"FRA - Ligue 1";"3";"2025/2026";"129";"LCB";"Central Defender";"97.71";"12";"0";"9369.0";"95.89";"1040.42";"342.92";"38.42";"143.83";"7.42";"486.75";"45.83";"29.88";"31.26";"107.92";"5.83";"85.75";"15.17";"4.5";"0.68";"0.7";"1.42";"1.27";"1.38";"22.42";"2.13";"2.84";"8630.11";"95.89";"958.36";"315.87";"35.39";"132.49";"6.83";"448.36";"42.22";"99.41";"5.37";"78.99";"13.97";"4.15";"1.3";"20.65"
"Antonio Eromonsele Nordby Nusa";"A. Nusa";"70853";"2005-04-17";"RB Leipzig";"312";"GER - Bundesliga";"6";"2025/2026";"129";"LF";"Wide Attacker";"85.06";"10";"0";"9937.7";"116.84";"1452.0";"613.5";"60.4";"201.8";"11.5";"815.3";"71.9";"29.39";"30.22";"105.0";"10.2";"90.6";"13.8";"7.3";"0.61";"0.64";"1.9";"1.18";"1.28";"49.9";"2.0";"2.79";"10515.47";"116.84";"1536.42";"649.17";"63.91";"213.53";"12.17";"862.7";"76.08";"111.1";"10.79";"95.87";"14.6";"7.72";"2.01";"52.8"
"Michael Craig";"M. Craig";"70918";"2003-04-16";"Leyton Orient FC";"2821";"ENG - League One";"101";"2025/2026";"129";"RB";"Full Back";"89.41";"11";"0";"9829.73";"109.94";"1490.55";"620.91";"57.64";"185.09";"10.82";"806.0";"68.45";"28.71";"30.06";"120.55";"6.55";"92.91";"20.64";"4.18";"0.73";"0.75";"1.09";"1.42";"1.54";"43.09";"1.92";"2.58";"9894.19";"109.94";"1500.32";"624.98";"58.01";"186.3";"10.89";"811.29";"68.9";"121.34";"6.59";"93.52";"20.77";"4.21";"1.1";"43.37"
"Jordan James";"J. James";"71493";"2004-07-02";"Leicester City";"62";"ENG - Championship";"31";"2025/2026";"129";"RDM";"Midfield";"88.57";"12";"0";"10742.33";"121.29";"1885.33";"575.58";"50.58";"142.42";"7.25";"718.0";"57.83";"28.11";"29.34";"106.25";"4.5";"92.42";"13.0";"2.92";"0.71";"0.73";"0.92";"1.29";"1.37";"34.92";"1.99";"2.65";"10916.35";"121.29";"1915.87";"584.91";"51.4";"144.72";"7.37";"729.63";"58.77";"107.97";"4.57";"93.91";"13.21";"2.96";"0.93";"35.48"
"Imari Samuels";"I. Samuels";"71494";"2003-02-05";"Dundee FC";"254";"SCO - Premiership";"18";"2025/2026";"129";"LWB";"Full Back";"92.45";"8";"0";"10557.88";"114.21";"1484.12";"633.38";"60.12";"237.38";"11.75";"870.75";"71.88";"29.41";"30.22";"111.5";"9.0";"95.5";"19.0";"6.38";"0.64";"0.69";"1.0";"1.38";"null";"37.25";"1.9";"2.63";"10278.55";"114.21";"1444.86";"616.62";"58.53";"231.09";"11.44";"847.71";"69.97";"108.55";"8.76";"92.97";"18.5";"6.21";"0.97";"36.26"
"Kelvin Abrefa";"K. Abrefa";"71495";"2003-12-09";"Reading";"59";"ENG - League One";"101";"2025/2026";"129";"RB";"Full Back";"85.62";"10";"0";"9316.8";"108.81";"1347.6";"526.9";"54.2";"193.5";"10.1";"720.4";"64.3";"29.9";"30.94";"106.9";"7.3";"88.4";"18.3";"5.6";"0.6";"0.61";"1.7";"1.2";"1.25";"31.1";"2.27";"2.77";"9793.22";"108.81";"1416.51";"553.84";"56.97";"203.39";"10.62";"757.24";"67.59";"112.37";"7.67";"92.92";"19.24";"5.89";"1.79";"32.69"
"Leopold Querfeld";"L. Querfeld";"71649";"2003-12-20";"FC Union Berlin";"757";"GER - Bundesliga";"6";"2025/2026";"129";"CB";"Central Defender";"101.17";"21";"0";"10414.05";"102.94";"1160.1";"311.71";"30.24";"70.48";"4.24";"382.19";"34.48";"27.75";"29.52";"105.29";"4.38";"83.67";"12.67";"2.52";"0.73";"0.8";"0.62";"1.5";"1.66";"25.33";"2.1";"2.78";"9264.63";"102.94";"1032.05";"277.31";"26.9";"62.7";"3.77";"340.01";"30.67";"93.67";"3.9";"74.43";"11.27";"2.25";"0.55";"22.54"
"Amar Abdirahman Ahmed Fatah";"A. Fatah";"71890";"2004-02-19";"Dundee United";"251";"SCO - Premiership";"18";"2025/2026";"129";"LF";"Wide Attacker";"83.44";"8";"0";"8753.75";"104.91";"1070.62";"581.25";"66.25";"286.88";"16.25";"868.12";"82.5";"29.6";"30.02";"102.0";"9.62";"74.0";"22.0";"7.5";"0.61";"0.77";"1.88";"1.28";"1.7";"37.12";"1.94";"2.7";"9441.78";"104.91";"1154.77";"626.93";"71.46";"309.42";"17.53";"936.36";"88.98";"110.02";"10.38";"79.82";"23.73";"8.09";"2.02";"40.04"
"Sindre Walle Egeli";"S. Egeli";"72044";"2006-06-21";"Ipswich Town";"752";"ENG - Championship";"31";"2025/2026";"129";"RW";"Wide Attacker";"79.68";"14";"0";"9200.0";"115.46";"1508.71";"642.36";"60.21";"236.86";"12.14";"879.21";"72.36";"29.3";"30.28";"100.0";"7.93";"80.29";"17.07";"5.29";"0.67";"0.77";"1.21";"1.33";"1.76";"43.14";"1.87";"2.6";"10391.6";"115.46";"1704.13";"725.56";"68.01";"267.54";"13.72";"993.09";"81.73";"112.95";"8.96";"90.68";"19.28";"5.97";"1.37";"48.73"
"Kallum Xzeiba Tracey Cesay";"K. Cesay";"72594";"2002-09-04";"Salford City FC";"2816";"ENG - League Two";"204";"2025/2026";"129";"RM";"Midfield";"98.32";"12";"0";"11298.58";"114.92";"1781.33";"786.42";"73.75";"318.42";"15.83";"1104.83";"89.58";"30.81";"31.76";"116.25";"6.67";"94.83";"15.42";"4.83";"0.57";"0.65";"2.08";"1.23";"1.43";"51.5";"1.78";"2.68";"10342.98";"114.92";"1630.67";"719.9";"67.51";"291.49";"14.49";"1011.39";"82.01";"106.42";"6.1";"86.81";"14.11";"4.42";"1.91";"47.14"
"Rômulo José Cardoso da Cruz";"Rômulo";"72978";"2002-02-08";"RB Leipzig";"312";"GER - Bundesliga";"6";"2025/2026";"129";"CF";"Center Forward";"84.41";"15";"0";"10627.6";"125.91";"1616.8";"750.4";"67.27";"239.13";"13.47";"989.53";"80.73";"29.53";"30.56";"102.2";"6.47";"86.87";"13.13";"4.6";"0.6";"0.64";"1.67";"1.32";"1.46";"49.33";"1.94";"2.73";"11331.56";"125.91";"1723.89";"800.11";"71.72";"254.97";"14.36";"1055.08";"86.08";"108.97";"6.9";"92.62";"14.0";"4.9";"1.78";"52.6"
"Chris Forino-Joseph";"C. Forino-Joseph";"72979";"2000-04-26";"Bolton Wanderers";"45";"ENG - League One";"101";"2025/2026";"129";"RCB";"Central Defender";"99.98";"8";"0";"10120.88";"101.23";"1217.0";"409.88";"41.5";"151.75";"8.88";"561.62";"50.38";"29.31";"29.94";"111.62";"5.88";"81.75";"11.12";"4.0";"0.65";"null";"0.75";"1.51";"null";"15.12";"null";"3.01";"9110.31";"101.23";"1095.48";"368.95";"37.36";"136.6";"7.99";"505.55";"45.35";"100.48";"5.29";"73.59";"10.01";"3.6";"0.68";"13.61"
"Conor Bradley";"C. Bradley";"73168";"2003-07-09";"Liverpool Football Club";"2";"ENG - Premier League";"1";"2025/2026";"129";"RB";"Full Back";"85.21";"9";"0";"9564.89";"112.25";"1323.44";"605.11";"61.11";"264.33";"14.56";"869.44";"75.67";"30.27";"30.88";"115.0";"7.0";"89.89";"20.33";"5.44";"0.68";"0.73";"2.33";"1.33";"1.46";"48.56";"1.89";"2.72";"10102.66";"112.25";"1397.85";"639.13";"64.55";"279.2";"15.37";"918.33";"79.92";"121.47";"7.39";"94.94";"21.48";"5.75";"2.46";"51.29"
"Fisnik Asllani";"F. Asllani";"73203";"2002-08-08";"TSG 1899 Hoffenheim";"113";"GER - Bundesliga";"6";"2025/2026";"129";"CF";"Center Forward";"76.56";"9";"0";"9601.78";"125.41";"1744.33";"618.44";"51.78";"106.33";"6.89";"724.78";"58.67";"27.11";"28.0";"97.89";"4.33";"83.44";"12.44";"2.44";"0.82";"0.87";"0.56";"null";"null";"40.22";"1.95";"2.9";"11286.92";"125.41";"2050.47";"726.98";"60.86";"125.0";"8.1";"851.98";"68.96";"115.07";"5.09";"98.09";"14.63";"2.87";"0.65";"47.28"
"Sam Gale";"S. Gale";"73230";"2004-10-01";"Gillingham FC";"1722";"ENG - League Two";"204";"2025/2026";"129";"RCB";"Central Defender";"98.9";"10";"0";"10899.5";"110.21";"1444.1";"483.3";"50.3";"175.0";"10.4";"658.3";"60.7";"30.13";"31.28";"123.5";"7.1";"87.7";"12.9";"4.5";"0.64";"0.67";"1.3";"1.22";"1.39";"29.9";"1.83";"2.62";"9918.66";"110.21";"1314.15";"439.81";"45.77";"159.25";"9.46";"599.06";"55.24";"112.39";"6.46";"79.81";"11.74";"4.1";"1.18";"27.21"
"Mason Burstow";"M. Burstow";"73395";"2003-08-04";"Bolton Wanderers";"45";"ENG - League One";"101";"2025/2026";"129";"CF";"Center Forward";"85.52";"18";"0";"10103.22";"118.14";"1575.0";"656.22";"60.39";"171.11";"10.78";"827.33";"71.17";"28.25";"28.98";"107.39";"7.67";"85.33";"16.67";"4.89";"0.67";"0.76";"0.89";"1.48";"1.97";"48.22";"1.91";"2.73";"10632.21";"118.14";"1657.46";"690.58";"63.55";"180.07";"11.34";"870.65";"74.89";"113.01";"8.07";"89.8";"17.54";"5.14";"0.94";"50.75"
"César  Tárrega Requeni";"César Tárrega";"73475";"2002-02-26";"Valencia CF";"257";"ESP - LaLiga";"4";"2025/2026";"129";"RCB";"Central Defender";"99.29";"17";"0";"10371.35";"104.45";"1232.18";"452.76";"46.59";"194.29";"10.18";"647.06";"56.76";"30.49";"32.1";"114.41";"6.88";"87.29";"14.88";"5.12";"0.6";"0.64";"2.12";"1.21";"1.26";"31.88";"1.94";"2.63";"9400.76";"104.45";"1116.86";"410.39";"42.23";"176.11";"9.22";"586.5";"51.45";"103.7";"6.24";"79.12";"13.49";"4.64";"1.92";"28.9"
"Tatsuhiro Sakamoto";"T. Sakamoto";"74121";"1996-10-22";"Coventry City Football Club";"1545";"ENG - Championship";"31";"2025/2026";"129";"RW";"Wide Attacker";"92.84";"17";"0";"9772.71";"105.27";"1367.88";"541.06";"51.18";"148.94";"8.53";"690.0";"59.71";"28.01";"29.46";"103.71";"7.53";"86.65";"14.71";"4.94";"0.61";"0.67";"1.41";"1.35";"1.42";"42.06";"1.75";"2.59";"9473.94";"105.27";"1326.06";"524.52";"49.61";"144.39";"8.27";"668.91";"57.88";"100.54";"7.3";"84.0";"14.26";"4.79";"1.37";"40.77"
"Maxwell Conway";"M. Conway";"78117";"2003-09-05";"Bolton Wanderers";"45";"ENG - League One";"101";"2025/2026";"129";"LB";"Full Back";"94.04";"25";"0";"10409.64";"110.69";"1451.44";"602.12";"59.68";"224.12";"12.64";"826.24";"72.32";"29.43";"31.08";"107.96";"7.8";"89.16";"15.64";"5.56";"0.67";"0.71";"2.2";"1.24";"1.3";"36.12";"2.05";"2.61";"9962.01";"110.69";"1389.03";"576.23";"57.11";"214.48";"12.1";"790.71";"69.21";"103.32";"7.46";"85.33";"14.97";"5.32";"2.11";"34.57"
"Alessandro Circati";"A. Circati";"78428";"2003-10-10";"Parma";"152";"ITA - Serie A";"5";"2025/2026";"129";"CB";"Central Defender";"99.27";"8";"0";"10039.38";"101.14";"1198.25";"441.62";"39.88";"161.62";"8.0";"603.25";"47.88";"29.46";"30.3";"97.62";"5.0";"78.25";"10.62";"2.62";"0.69";"0.69";"0.75";"1.4";"null";"29.75";"1.94";"3.06";"9102.19";"101.14";"1086.39";"400.4";"36.15";"146.54";"7.25";"546.94";"43.41";"88.51";"4.53";"70.95";"9.63";"2.38";"0.68";"26.97"
"Bryan Zaragoza Martínez";"Bryan Zaragoza";"80223";"2001-09-09";"RC Celta de Vigo";"285";"ESP - LaLiga";"4";"2025/2026";"129";"LF";"Wide Attacker";"83.95";"9";"0";"8938.22";"106.47";"1145.56";"417.22";"47.0";"161.22";"9.56";"578.44";"56.56";"29.42";"30.46";"97.33";"5.56";"80.44";"11.22";"4.89";"0.59";"0.63";"1.78";"1.16";"1.21";"37.11";"1.93";"2.9";"9582.37";"106.47";"1228.11";"447.29";"50.39";"172.84";"10.24";"620.13";"60.63";"104.35";"5.96";"86.24";"12.03";"5.24";"1.91";"39.79"
"Kamory Doumbia";"K. Doumbia";"81372";"2003-02-18";"Stade Brestois 29";"89";"FRA - Ligue 1";"3";"2025/2026";"129";"AM";"Midfield";"82.42";"10";"0";"10257.9";"124.46";"1998.8";"533.1";"49.7";"45.4";"4.0";"578.5";"53.7";"25.55";"26.14";"114.9";"5.4";"98.6";"15.2";"3.3";"0.75";"0.77";"0.6";"1.62";"null";"59.0";"2.03";"2.81";"11201.07";"124.46";"2182.58";"582.12";"54.27";"49.57";"4.37";"631.69";"58.64";"125.46";"5.9";"107.67";"16.6";"3.6";"0.66";"64.42"
"Wesley Vinícius França Lima";"Wesley";"82406";"2003-09-06";"Roma";"142";"ITA - Serie A";"5";"2025/2026";"129";"LWB";"Full Back";"93.21";"12";"0";"10596.67";"113.68";"1501.0";"801.5";"80.5";"395.58";"20.5";"1197.08";"101.0";"31.11";"32.12";"115.5";"12.08";"95.83";"25.92";"9.25";"0.56";"0.56";"4.08";"1.17";"1.17";"51.17";"2.11";"2.58";"10231.61";"113.68";"1449.29";"773.89";"77.73";"381.96";"19.79";"1155.84";"97.52";"111.52";"11.67";"92.53";"25.02";"8.93";"3.94";"49.4"
"Emmanuel Mbule Longelo";"E. Longelo";"84579";"2000-12-27";"Motherwell";"243";"SCO - Premiership";"18";"2025/2026";"129";"LB";"Full Back";"91.38";"18";"0";"10064.72";"110.14";"1415.94";"649.5";"64.83";"332.11";"15.06";"981.61";"79.89";"30.69";"31.66";"111.39";"9.78";"93.5";"20.11";"7.39";"0.58";"0.59";"3.06";"1.16";"1.17";"30.0";"2.03";"2.6";"9912.97";"110.14";"1394.6";"639.71";"63.86";"327.1";"14.83";"966.81";"78.68";"109.71";"9.63";"92.09";"19.81";"7.28";"3.01";"29.55"
"Nikola Štulić";"N. Štulić";"84589";"2001-09-08";"Lecce";"147";"ITA - Serie A";"5";"2025/2026";"129";"CF";"Center Forward";"76.02";"15";"0";"8368.53";"110.08";"1113.8";"458.87";"47.0";"146.13";"9.33";"605.0";"56.33";"28.29";"29.76";"85.53";"6.8";"69.6";"10.93";"4.93";"0.67";"0.73";"1.27";"1.29";"1.39";"41.73";"1.93";"2.82";"9907.5";"110.08";"1318.63";"543.25";"55.64";"173.01";"11.05";"716.26";"66.69";"101.26";"8.05";"82.4";"12.94";"5.84";"1.5";"49.41"
"Emersonn Correia da Silva";"Emersonn";"84612";"2004-07-16";"Toulouse FC";"74";"FRA - Ligue 1";"3";"2025/2026";"129";"CF";"Center Forward";"83.01";"10";"0";"9883.8";"119.07";"1545.7";"702.2";"74.8";"268.4";"16.5";"970.6";"91.3";"29.97";"30.8";"116.3";"15.9";"92.7";"24.4";"11.5";"0.59";"0.6";"3.7";"1.09";"1.12";"63.9";"1.8";"2.6";"10716.51";"119.07";"1675.93";"761.36";"81.1";"291.01";"17.89";"1052.37";"98.99";"126.1";"17.24";"100.51";"26.46";"12.47";"4.01";"69.28"
"Jonathan Tomkinson";"J. Tomkinson";"85218";"2002-04-11";"Cheltenham Town";"1870";"ENG - League Two";"204";"2025/2026";"129";"LB";"Full Back";"98.12";"14";"0";"10586.0";"107.88";"1368.36";"526.14";"53.0";"179.93";"8.5";"706.07";"61.5";"29.41";"30.66";"126.64";"9.14";"100.86";"18.5";"5.21";"0.72";"0.77";"1.14";"1.3";"null";"28.86";"1.88";"2.54";"9709.45";"107.88";"1255.05";"482.58";"48.61";"165.03";"7.8";"647.61";"56.41";"116.16";"8.39";"92.51";"16.97";"4.78";"1.05";"26.47"
"Reyes Cleary";"R. Cleary";"85786";"2004-04-13";"Barnsley FC";"878";"ENG - League One";"101";"2025/2026";"129";"LW";"Wide Attacker";"92.74";"14";"0";"9514.07";"102.59";"1227.14";"610.07";"63.57";"256.79";"14.43";"866.86";"78.0";"30.96";"32.18";"105.93";"10.0";"81.29";"22.86";"7.07";"0.59";"0.69";"3.36";"1.13";"1.18";"30.5";"1.98";"2.73";"9232.93";"102.59";"1190.88";"592.04";"61.69";"249.2";"14.0";"841.24";"75.7";"102.8";"9.7";"78.88";"22.18";"6.86";"3.26";"29.6"
"Josh Woods";"J. Woods";"85807";"2000-07-05";"Accrington Stanley";"1586";"ENG - League Two";"204";"2025/2026";"129";"CF";"Center Forward";"84.89";"8";"0";"9732.0";"114.64";"1418.88";"650.62";"67.75";"271.75";"16.75";"922.38";"84.5";"30.04";"31.14";"107.75";"10.88";"81.62";"20.38";"7.12";"0.65";"0.65";"1.75";"1.29";"1.41";"45.5";"2.08";"2.77";"10317.87";"114.64";"1504.29";"689.79";"71.83";"288.11";"17.76";"977.9";"89.59";"114.24";"11.53";"86.54";"21.6";"7.55";"1.86";"48.24"
"Adam Senior";"A. Senior";"85808";"2002-01-20";"Barnet FC";"3940";"ENG - League Two";"204";"2025/2026";"129";"LCB";"Central Defender";"95.47";"8";"0";"10422.75";"109.18";"1443.62";"598.62";"54.62";"182.12";"10.12";"780.75";"64.75";"29.43";"30.16";"120.38";"6.12";"92.25";"13.38";"4.12";"0.68";"0.78";"0.88";"1.58";"null";"31.5";"1.98";"2.89";"9825.92";"109.18";"1360.96";"564.35";"51.5";"171.7";"9.55";"736.04";"61.04";"113.48";"5.77";"86.97";"12.61";"3.89";"0.82";"29.7"
"Edward James Turns";"E. Turns";"88109";"2002-10-18";"Exeter City FC";"2542";"ENG - League One";"101";"2025/2026";"129";"LCB";"Central Defender";"97.09";"8";"0";"10647.5";"109.67";"1521.5";"411.0";"37.62";"72.0";"4.88";"483.0";"42.5";"27.24";"27.86";"110.75";"4.5";"85.5";"10.38";"2.62";"0.72";"0.75";"0.25";"null";"null";"24.38";"2.14";"2.89";"9870.22";"109.67";"1410.43";"381.0";"34.88";"66.74";"4.52";"447.74";"39.4";"102.67";"4.17";"79.26";"9.62";"2.43";"0.23";"22.6"
"Jarell Amorin Quansah";"J. Quansah";"90294";"2003-01-29";"Bayer 04 Leverkusen";"102";"GER - Bundesliga";"6";"2025/2026";"129";"RCB";"Central Defender";"98.47";"12";"0";"10567.83";"107.33";"1338.5";"438.33";"40.17";"145.42";"8.25";"583.75";"48.42";"29.43";"30.52";"108.33";"4.17";"89.08";"11.75";"2.67";"0.73";"0.75";"1.25";"1.35";"1.52";"28.17";"2.03";"2.97";"9659.29";"107.33";"1223.43";"400.65";"36.71";"132.91";"7.54";"533.56";"44.25";"99.02";"3.81";"81.42";"10.74";"2.44";"1.14";"25.75"
"Frank Magri";"F. Magri";"92777";"1999-09-04";"Toulouse FC";"74";"FRA - Ligue 1";"3";"2025/2026";"129";"CF";"Center Forward";"84.39";"8";"0";"9498.88";"112.56";"1395.75";"551.38";"51.62";"146.0";"8.75";"697.38";"60.38";"28.89";"29.76";"96.62";"7.38";"78.25";"14.12";"4.38";"0.67";"0.74";"2.0";"1.44";"1.7";"47.62";"2.06";"2.75";"10130.63";"112.56";"1488.58";"588.05";"55.06";"155.71";"9.33";"743.76";"64.39";"103.05";"7.87";"83.45";"15.06";"4.67";"2.13";"50.79"
"Rafael Marín Zamora";"Rafa Marín";"93039";"2002-05-19";"Villarreal CF";"260";"ESP - LaLiga";"4";"2025/2026";"129";"RCB";"Central Defender";"93.37";"9";"0";"9939.89";"106.46";"1202.78";"357.67";"32.78";"94.33";"5.89";"452.0";"38.67";"28.2";"29.92";"116.44";"5.11";"88.44";"13.33";"3.11";"0.77";"null";"0.67";"1.47";"null";"26.33";"2.11";"2.91";"9581.09";"106.46";"1159.36";"344.76";"31.59";"90.93";"5.68";"435.68";"37.27";"112.24";"4.93";"85.25";"12.85";"3.0";"0.64";"25.38"
"James Bolton";"J. Bolton";"94753";"1994-08-13";"Fleetwood Town FC";"1724";"ENG - League Two";"204";"2025/2026";"129";"CB";"Central Defender";"99.27";"13";"0";"10323.23";"103.99";"1240.0";"409.46";"36.23";"83.92";"4.85";"493.38";"41.08";"27.38";"28.18";"119.08";"5.23";"93.77";"10.15";"2.92";"0.71";"0.86";"0.69";"1.87";"null";"20.85";"2.02";"2.87";"9359.3";"103.99";"1124.22";"371.23";"32.85";"76.09";"4.39";"447.31";"37.24";"107.96";"4.74";"85.01";"9.21";"2.65";"0.63";"18.9"
"Kamil Amadu Conteh";"K. Conteh";"95170";"2002-12-26";"Bristol Rovers FC";"2540";"ENG - League Two";"204";"2025/2026";"129";"RM";"Midfield";"97.74";"12";"0";"10441.92";"106.84";"1763.92";"495.0";"41.5";"64.0";"3.33";"559.0";"44.83";"26.75";"27.56";"119.08";"5.33";"98.08";"10.75";"2.83";"0.72";"0.8";"0.33";"1.79";"null";"31.92";"1.93";"2.81";"9615.41";"106.84";"1624.3";"455.82";"38.22";"58.93";"3.07";"514.75";"41.28";"109.66";"4.91";"90.32";"9.9";"2.61";"0.31";"29.39"
"Connor O'Riordan";"C. O'Riordan";"95602";"2003-10-19";"Doncaster Rovers FC";"1725";"ENG - League One";"101";"2025/2026";"129";"RCB";"Central Defender";"99.07";"14";"0";"10021.64";"101.16";"1230.0";"433.5";"38.43";"106.86";"6.07";"540.36";"44.5";"28.56";"29.6";"112.57";"5.64";"83.21";"11.0";"3.64";"0.64";"0.77";"0.79";"1.47";"1.76";"20.71";"2.1";"2.85";"9104.45";"101.16";"1117.43";"393.83";"34.91";"97.08";"5.52";"490.9";"40.43";"102.27";"5.13";"75.6";"9.99";"3.31";"0.71";"18.82"
"Saël Kumbedi Nseke";"S. Kumbedi";"100114";"2005-03-26";"VfL Wolfsburg";"106";"GER - Bundesliga";"6";"2025/2026";"129";"RB";"Full Back";"93.86";"9";"0";"10469.89";"111.55";"1442.56";"683.0";"68.11";"265.22";"14.56";"948.22";"82.67";"29.4";"30.34";"114.44";"7.56";"97.56";"23.44";"6.33";"0.67";"0.71";"2.11";"1.32";"1.63";"35.44";"1.95";"2.78";"10039.2";"111.55";"1383.21";"654.9";"65.31";"254.31";"13.96";"909.22";"79.27";"109.74";"7.24";"93.54";"22.48";"6.07";"2.02";"33.99"
"Ronan Darcy";"R. Darcy";"101726";"2000-11-04";"Chesterfield FC";"3361";"ENG - League Two";"204";"2025/2026";"129";"AM";"Midfield";"77.14";"9";"0";"9231.67";"119.67";"1594.44";"555.44";"48.78";"152.89";"8.44";"708.33";"57.22";"28.19";"29.24";"86.22";"4.78";"74.44";"10.0";"2.56";"0.67";"0.79";"0.56";"1.64";"null";"35.67";"2.1";"2.77";"10770.06";"119.67";"1860.15";"648.01";"56.91";"178.37";"9.85";"826.37";"66.76";"100.59";"5.57";"86.85";"11.67";"2.98";"0.65";"41.61"
"Louis Mouton";"L. Mouton";"102821";"2002-06-03";"Angers SCO";"98";"FRA - Ligue 1";"3";"2025/2026";"129";"AM";"Midfield";"81.37";"14";"0";"10530.57";"129.41";"2016.07";"636.5";"53.64";"93.71";"5.93";"730.21";"59.57";"26.56";"27.68";"102.29";"4.5";"88.21";"12.36";"3.07";"0.66";"0.71";"0.93";"1.34";"1.35";"49.36";"1.9";"2.66";"11647.23";"129.41";"2229.85";"703.99";"59.33";"103.65";"6.56";"807.65";"65.89";"113.13";"4.98";"97.57";"13.67";"3.4";"1.03";"54.59"
"Jacob Bedeau";"J. Bedeau";"103022";"1999-12-24";"Notts County FC";"1563";"ENG - League Two";"204";"2025/2026";"129";"LCB";"Central Defender";"99.44";"28";"0";"10208.96";"102.66";"1205.32";"453.75";"41.86";"146.71";"7.18";"600.46";"49.04";"27.98";"29.26";"110.0";"5.64";"84.25";"11.79";"3.86";"0.62";"0.67";"0.68";"1.25";"1.37";"23.0";"1.86";"2.72";"9239.55";"102.66";"1090.87";"410.66";"37.88";"132.78";"6.5";"543.45";"44.38";"99.55";"5.11";"76.25";"10.67";"3.49";"0.61";"20.82"
"Rosaire Longelo-Mbule";"R. Longelo-Mbule";"103024";"1999-10-20";"Salford City FC";"2816";"ENG - League Two";"204";"2025/2026";"129";"RWB";"Full Back";"81.92";"13";"0";"9148.69";"111.68";"1345.38";"589.62";"50.38";"195.62";"9.46";"785.23";"59.85";"29.5";"30.38";"104.15";"8.31";"79.08";"15.69";"5.15";"0.64";"0.67";"1.23";"1.46";"1.75";"29.31";"2.15";"2.64";"10051.62";"111.68";"1478.17";"647.81";"55.36";"214.92";"10.4";"862.73";"65.75";"114.43";"9.13";"86.88";"17.24";"5.66";"1.35";"32.2"
"Iurie  Iovu";"I. Iovu";"103058";"2002-07-06";"Dundee United";"251";"SCO - Premiership";"18";"2025/2026";"129";"RCB";"Central Defender";"92.85";"15";"0";"9445.4";"101.72";"1100.47";"428.8";"41.73";"156.33";"8.2";"585.13";"49.93";"29.42";"31.16";"105.87";"6.07";"78.8";"12.4";"3.93";"0.66";"0.75";"1.6";"1.46";"1.46";"27.73";"2.0";"2.81";"9155.15";"101.72";"1066.65";"415.62";"40.45";"151.53";"7.95";"567.15";"48.4";"102.61";"5.88";"76.38";"12.02";"3.81";"1.55";"26.88"
"Justin Njinmah";"J. Njinmah";"104130";"2000-11-15";"SV Werder Bremen";"111";"GER - Bundesliga";"6";"2025/2026";"129";"CF";"Center Forward";"79.63";"8";"0";"8984.62";"112.83";"1051.75";"523.25";"62.38";"309.25";"16.75";"832.5";"79.12";"32.04";"32.78";"89.75";"10.38";"73.75";"18.62";"9.5";"0.57";"0.58";"4.88";"1.08";"1.13";"38.88";"2.21";"2.88";"10154.77";"112.83";"1188.73";"591.4";"70.5";"349.53";"18.93";"940.92";"89.43";"101.44";"11.73";"83.36";"21.05";"10.74";"5.51";"43.94"
"Josh Mulligan";"J. Mulligan";"104564";"2002-11-12";"Hibernian";"245";"SCO - Premiership";"18";"2025/2026";"129";"RM";"Midfield";"93.48";"15";"0";"11071.67";"118.44";"1889.2";"737.07";"68.6";"208.8";"12.4";"945.87";"81.0";"28.34";"29.5";"123.2";"6.07";"106.93";"15.6";"4.8";"0.65";"0.67";"1.67";"1.37";"1.51";"48.73";"1.91";"2.7";"10660.01";"118.44";"1818.96";"709.66";"66.05";"201.04";"11.94";"910.7";"77.99";"118.62";"5.84";"102.96";"15.02";"4.62";"1.6";"46.92"
"James Brown";"J. Brown";"104984";"1998-06-04";"Kilmarnock";"244";"SCO - Premiership";"18";"2025/2026";"129";"RWB";"Full Back";"91.11";"8";"0";"10076.12";"110.59";"1431.75";"576.88";"51.5";"182.62";"8.88";"759.5";"60.38";"28.56";"29.5";"121.62";"8.25";"95.25";"19.38";"6.25";"0.75";"0.78";"1.5";"1.4";"null";"38.88";"2.0";"2.61";"9953.55";"110.59";"1414.33";"569.86";"50.87";"180.4";"8.77";"750.26";"59.64";"120.15";"8.15";"94.09";"19.14";"6.17";"1.48";"38.4"
"Liam Morrison";"L. Morrison";"105603";"2003-04-07";"Queens Park Rangers";"56";"ENG - Championship";"31";"2025/2026";"129";"RCB";"Central Defender";"97.9";"10";"0";"9881.8";"100.94";"1165.2";"398.7";"37.4";"101.9";"5.0";"500.6";"42.4";"27.88";"28.66";"105.7";"5.0";"77.9";"11.4";"2.6";"0.74";"0.98";"0.8";"1.51";"null";"17.9";"2.57";"3.11";"9084.39";"100.94";"1071.17";"366.53";"34.38";"93.68";"4.6";"460.2";"38.98";"97.17";"4.6";"71.61";"10.48";"2.39";"0.74";"16.46"
"Kenan Yıldız";"K. Yıldız";"105611";"2005-05-04";"Juventus";"139";"ITA - Serie A";"5";"2025/2026";"129";"AM";"Midfield";"90.93";"14";"0";"10008.36";"110.07";"1292.71";"477.64";"46.0";"142.64";"7.43";"620.29";"53.43";"29.07";"30.36";"98.14";"5.5";"83.64";"13.57";"3.86";"0.62";"0.69";"1.36";"1.29";"1.38";"36.43";"2.04";"2.59";"9905.89";"110.07";"1279.48";"472.75";"45.53";"141.18";"7.35";"613.94";"52.88";"97.14";"5.44";"82.79";"13.43";"3.82";"1.34";"36.06"
"Aaron Zehnter";"A. Zehnter";"105827";"2004-10-31";"VfL Wolfsburg";"106";"GER - Bundesliga";"6";"2025/2026";"129";"LB";"Full Back";"99.09";"12";"0";"11307.83";"114.11";"1707.5";"664.0";"59.75";"180.92";"10.5";"844.92";"70.25";"28.88";"30.36";"127.92";"7.92";"103.92";"23.33";"6.08";"0.67";"0.7";"1.58";"1.39";"1.58";"39.58";"2.05";"2.8";"10270.05";"114.11";"1550.79";"603.06";"54.27";"164.31";"9.54";"767.37";"63.8";"116.18";"7.19";"94.38";"21.19";"5.53";"1.44";"35.95"
"Nathaniel Brown";"N. Brown";"105881";"2003-06-16";"Eintracht Frankfurt";"108";"GER - Bundesliga";"6";"2025/2026";"129";"LWB";"Full Back";"91.81";"9";"0";"10322.11";"112.43";"1382.89";"588.33";"60.33";"214.0";"11.89";"802.33";"72.22";"29.66";"30.58";"99.22";"6.11";"76.67";"18.33";"4.44";"0.68";"0.68";"2.11";"1.2";"1.53";"45.44";"1.89";"2.68";"10118.9";"112.43";"1355.66";"576.75";"59.15";"209.79";"11.65";"786.54";"70.8";"97.27";"5.99";"75.16";"17.97";"4.36";"2.07";"44.55"
"Brooke Norton-Cuffy";"B. Norton-Cuffy";"106761";"2004-01-12";"Genoa";"135";"ITA - Serie A";"5";"2025/2026";"129";"RWB";"Full Back";"97.32";"13";"0";"10592.77";"108.85";"1592.08";"704.15";"65.85";"259.92";"14.15";"964.08";"80.0";"29.73";"30.94";"118.54";"8.38";"95.92";"21.38";"6.62";"0.64";"0.67";"2.23";"1.22";"1.29";"40.08";"1.94";"2.61";"9796.1";"108.85";"1472.34";"651.2";"60.89";"240.37";"13.09";"891.57";"73.98";"109.62";"7.75";"88.71";"19.78";"6.12";"2.06";"37.06"
"Mika Biereth";"M. Biereth";"107199";"2003-02-08";"AS Monaco";"75";"FRA - Ligue 1";"3";"2025/2026";"129";"CF";"Center Forward";"78.47";"8";"0";"8618.38";"109.83";"1190.38";"525.0";"49.75";"156.88";"8.25";"681.88";"58.0";"29.46";"30.24";"90.25";"7.62";"71.12";"17.12";"6.25";"0.66";"0.74";"0.75";"1.6";"1.78";"36.38";"2.23";"3.01";"9885.14";"109.83";"1365.34";"602.17";"57.06";"179.93";"9.46";"782.1";"66.53";"103.52";"8.75";"81.58";"19.64";"7.17";"0.86";"41.72"
"Ryan Alebiosu";"R. Alebiosu";"107201";"2001-12-17";"Blackburn Rovers";"42";"ENG - Championship";"31";"2025/2026";"129";"RWB";"Full Back";"100.06";"11";"0";"10337.0";"103.31";"1389.91";"621.64";"65.18";"268.0";"14.45";"889.64";"79.64";"30.68";"31.62";"116.0";"9.09";"91.45";"21.27";"7.18";"0.54";"0.54";"3.27";"1.16";"1.21";"31.73";"1.93";"2.86";"9298.09";"103.31";"1250.22";"559.16";"58.63";"241.06";"13.0";"800.22";"71.63";"104.34";"8.18";"82.26";"19.13";"6.46";"2.94";"28.54"
"Jack Milne";"J. Milne";"108073";"2003-02-10";"Aberdeen";"246";"SCO - Premiership";"18";"2025/2026";"129";"CB";"Central Defender";"98.26";"13";"0";"10117.31";"102.96";"1221.62";"375.31";"40.0";"142.23";"7.46";"517.54";"47.46";"29.04";"30.36";"109.85";"5.69";"89.0";"11.85";"3.08";"0.63";"0.94";"0.62";"1.44";"null";"21.85";"2.05";"3.0";"9266.67";"102.96";"1118.91";"343.75";"36.64";"130.27";"6.83";"474.03";"43.47";"100.61";"5.21";"81.52";"10.85";"2.82";"0.56";"20.01"
"Bobby Faulkner";"B. Faulkner";"108080";"2004-08-05";"Harrogate Town FC";"2818";"ENG - League Two";"204";"2025/2026";"129";"LCB";"Central Defender";"99.58";"8";"0";"10568.5";"106.13";"1227.0";"408.25";"44.75";"131.88";"8.88";"540.12";"53.62";"29.31";"30.18";"124.88";"5.88";"89.75";"13.5";"5.0";"0.67";"0.78";"1.88";"1.28";"null";"24.62";"2.12";"null";"9551.85";"106.13";"1108.97";"368.98";"40.45";"119.19";"8.02";"488.17";"48.47";"112.86";"5.31";"81.12";"12.2";"4.52";"1.69";"22.26"
"Jacques Ekomié";"J. Ekomié";"108083";"2003-08-19";"Angers SCO";"98";"FRA - Ligue 1";"3";"2025/2026";"129";"LB";"Full Back";"89.4";"14";"0";"10415.07";"116.5";"1489.57";"652.71";"66.93";"286.86";"15.07";"939.57";"82.0";"29.98";"31.18";"123.86";"9.0";"95.5";"24.21";"7.0";"0.66";"0.67";"2.93";"1.22";"1.29";"50.07";"2.09";"2.54";"10484.69";"116.5";"1499.53";"657.08";"67.38";"288.77";"15.17";"945.85";"82.55";"124.69";"9.06";"96.14";"24.38";"7.05";"2.95";"50.41"
"Ben House";"B. House";"109879";"1999-07-05";"Lincoln City FC";"1721";"ENG - League One";"101";"2025/2026";"129";"LW";"Wide Attacker";"97.05";"8";"0";"11421.25";"117.68";"1753.5";"852.38";"77.25";"234.75";"15.0";"1087.12";"92.25";"29.2";"29.96";"125.88";"9.38";"101.5";"21.12";"7.62";"0.71";"0.79";"1.38";"1.46";"1.71";"49.62";"1.84";"2.79";"10591.35";"117.68";"1626.09";"790.44";"71.64";"217.69";"13.91";"1008.13";"85.55";"116.73";"8.69";"94.12";"19.59";"7.07";"1.28";"46.02"
"Reece Hutchinson";"R. Hutchinson";"111473";"2000-04-14";"Crewe Alexandra FC";"1726";"ENG - League Two";"204";"2025/2026";"129";"LB";"Full Back";"96.71";"26";"0";"10649.85";"110.13";"1487.54";"682.85";"65.54";"247.35";"13.88";"930.19";"79.42";"29.9";"31.26";"116.88";"8.35";"96.58";"17.88";"6.04";"0.57";"0.65";"2.5";"1.06";"1.15";"33.04";"1.82";"2.7";"9911.43";"110.13";"1384.4";"635.5";"60.99";"230.2";"12.92";"865.7";"73.92";"108.78";"7.77";"89.88";"16.64";"5.62";"2.33";"30.75"
"Pharrel Nnamdi Collins";"N. Collins";"111929";"2004-01-10";"Eintracht Frankfurt";"108";"GER - Bundesliga";"6";"2025/2026";"129";"RCB";"Central Defender";"98.31";"8";"0";"10486.5";"106.67";"1395.38";"519.0";"50.38";"169.75";"9.88";"688.75";"60.25";"29.24";"30.22";"114.12";"6.62";"87.88";"15.75";"3.62";"0.75";"0.78";"1.12";"1.51";"1.84";"38.88";"1.96";"2.68";"9600.05";"106.67";"1277.42";"475.13";"46.12";"155.4";"9.04";"630.53";"55.16";"104.48";"6.06";"80.45";"14.42";"3.32";"1.03";"35.59"
"Dan Kemp";"D. Kemp";"113260";"1999-01-11";"Stevenage FC";"2817";"ENG - League One";"101";"2025/2026";"129";"AM";"Midfield";"94.09";"17";"0";"10623.12";"112.9";"1816.71";"678.76";"64.88";"147.76";"10.94";"826.53";"75.82";"27.94";"29.46";"119.24";"8.06";"98.35";"16.88";"5.88";"0.64";"0.7";"1.76";"1.28";"1.47";"44.65";"1.91";"2.52";"10161.11";"112.9";"1737.7";"649.24";"62.06";"141.34";"10.47";"790.58";"72.53";"114.05";"7.71";"94.08";"16.15";"5.63";"1.69";"42.71"
"Milos Kerkez";"M. Kerkez";"113473";"2003-11-07";"Liverpool Football Club";"2";"ENG - Premier League";"1";"2025/2026";"129";"LB";"Full Back";"96.14";"17";"0";"10197.29";"106.07";"1301.18";"611.47";"68.59";"334.0";"17.82";"945.47";"86.41";"30.55";"31.58";"110.06";"9.29";"84.65";"21.94";"6.94";"0.59";"0.6";"3.29";"1.17";"1.24";"42.59";"1.87";"2.6";"9546.22";"106.07";"1218.1";"572.43";"64.21";"312.67";"16.69";"885.1";"80.89";"103.03";"8.7";"79.24";"20.54";"6.5";"3.08";"39.87"
"Lorent Tolaj";"L. Tolaj";"115166";"2001-10-23";"Plymouth Argyle";"1728";"ENG - League One";"101";"2025/2026";"129";"CF";"Center Forward";"96.38";"20";"0";"10061.7";"104.39";"1224.65";"594.55";"64.8";"239.25";"14.7";"833.8";"79.5";"30.16";"31.58";"109.05";"12.1";"86.2";"21.4";"9.1";"0.61";"0.65";"2.4";"1.18";"1.28";"41.0";"1.83";"2.68";"9395.33";"104.39";"1143.54";"555.17";"60.51";"223.4";"13.73";"778.58";"74.23";"101.83";"11.3";"80.49";"19.98";"8.5";"2.24";"38.28"
"Ben Chrisene";"B. Chrisene";"115587";"2004-01-12";"Norwich City";"57";"ENG - Championship";"31";"2025/2026";"129";"LB";"Full Back";"78.27";"10";"0";"8356.4";"106.77";"1209.8";"456.8";"44.5";"143.1";"7.8";"599.9";"52.3";"28.66";"29.46";"98.5";"6.0";"74.6";"18.4";"4.6";"0.65";"0.65";"1.7";"1.27";"1.33";"31.6";"2.1";"2.73";"9609.15";"106.77";"1391.17";"525.28";"51.17";"164.55";"8.97";"689.83";"60.14";"113.27";"6.9";"85.78";"21.16";"5.29";"1.95";"36.34"
"Kialonda Gaspar";"Kialonda Gaspar";"116626";"1997-09-27";"Lecce";"147";"ITA - Serie A";"5";"2025/2026";"129";"RCB";"Central Defender";"97.67";"18";"0";"9846.33";"100.81";"1109.06";"376.89";"35.61";"117.33";"6.94";"494.22";"42.56";"28.94";"30.8";"105.0";"5.0";"78.67";"13.06";"3.67";"0.69";"0.73";"0.78";"1.6";"null";"24.28";"2.07";"2.8";"9072.72";"100.81";"1021.92";"347.28";"32.81";"108.11";"6.4";"455.39";"39.21";"96.75";"4.61";"72.49";"12.03";"3.38";"0.72";"22.37"
"Joshua Quarshie";"J. Quarshie";"118297";"2004-07-26";"Southampton";"58";"ENG - Championship";"31";"2025/2026";"129";"LCB";"Central Defender";"98.63";"10";"0";"9903.2";"100.41";"1111.4";"368.2";"40.7";"174.4";"8.8";"542.6";"49.5";"31.15";"32.92";"115.0";"6.4";"90.5";"12.4";"4.1";"0.64";"0.66";"1.3";"1.29";"1.33";"28.5";"2.13";"3.06";"9036.53";"100.41";"1014.14";"335.98";"37.14";"159.14";"8.03";"495.11";"45.17";"104.94";"5.84";"82.58";"11.31";"3.74";"1.19";"26.01"
"Pablo Barrios Rivas";"Pablo Barrios";"118870";"2003-06-15";"Atlético Madrid";"275";"ESP - LaLiga";"4";"2025/2026";"129";"RM";"Midfield";"92.0";"10";"0";"11061.0";"120.23";"1841.7";"694.3";"63.3";"190.4";"12.0";"884.7";"75.3";"28.78";"29.62";"123.9";"4.8";"103.9";"16.3";"3.8";"0.61";"0.62";"1.2";"1.35";"1.43";"60.5";"1.84";"2.73";"10820.74";"120.23";"1801.7";"679.22";"61.93";"186.26";"11.74";"865.48";"73.66";"121.21";"4.7";"101.64";"15.95";"3.72";"1.17";"59.19"
"Konstantinos Koulierakis";"K. Koulierakis";"119407";"2003-11-28";"VfL Wolfsburg";"106";"GER - Bundesliga";"6";"2025/2026";"129";"LCB";"Central Defender";"101.58";"17";"0";"10503.18";"103.4";"1303.53";"369.24";"33.71";"102.18";"4.88";"471.41";"38.59";"29.12";"31.1";"103.88";"4.12";"81.76";"11.0";"1.53";"0.77";"0.84";"0.29";"1.58";"null";"21.71";"1.94";"2.73";"9306.24";"103.4";"1154.98";"327.16";"29.86";"90.53";"4.33";"417.69";"34.19";"92.04";"3.65";"72.45";"9.75";"1.36";"0.26";"19.23"
"Alejandro Jiménez Sánchez";"Álex Jiménez";"120534";"2005-05-08";"Bournemouth";"63";"ENG - Premier League";"1";"2025/2026";"129";"RB";"Full Back";"90.17";"11";"0";"9343.18";"103.62";"1194.36";"562.18";"59.55";"296.64";"15.18";"858.82";"74.73";"31.39";"31.98";"95.64";"7.36";"79.09";"18.82";"4.91";"0.63";"0.63";"2.45";"1.16";"1.2";"35.0";"1.91";"2.8";"9325.75";"103.62";"1192.14";"561.13";"59.43";"296.08";"15.15";"857.22";"74.59";"95.46";"7.35";"78.94";"18.78";"4.9";"2.45";"34.93"
"Zak Swanson";"Z. Swanson";"122270";"2000-09-28";"Portsmouth";"50";"ENG - Championship";"31";"2025/2026";"129";"LB";"Full Back";"92.22";"8";"0";"10192.25";"110.52";"1433.0";"645.25";"58.88";"235.25";"12.38";"880.5";"71.25";"29.21";"30.06";"114.38";"8.0";"92.12";"16.62";"5.12";"0.7";"0.79";"2.0";"1.39";"null";"28.25";"1.95";"2.84";"9946.35";"110.52";"1398.43";"629.68";"57.45";"229.57";"12.08";"859.26";"69.53";"111.62";"7.81";"89.9";"16.22";"5.0";"1.95";"27.57"
"Santiago Tomás Castro";"S. Castro";"122277";"2004-09-18";"Bologna";"141";"ITA - Serie A";"5";"2025/2026";"129";"CF";"Center Forward";"85.12";"14";"0";"8997.57";"105.71";"1225.29";"552.71";"50.29";"156.79";"9.5";"709.5";"59.79";"28.79";"30.32";"94.71";"6.93";"80.0";"13.86";"4.57";"0.67";"0.69";"1.0";"1.45";"1.45";"34.71";"1.93";"2.57";"9513.65";"105.71";"1295.56";"584.42";"53.17";"165.78";"10.04";"750.2";"63.21";"100.15";"7.33";"84.59";"14.65";"4.83";"1.06";"36.71"
"Odeluga Offiah";"O. Offiah";"123086";"2002-10-26";"Preston North End";"748";"ENG - Championship";"31";"2025/2026";"129";"RCB";"Central Defender";"95.96";"8";"0";"10605.88";"110.52";"1486.5";"514.38";"48.38";"187.25";"9.62";"701.62";"58.0";"30.26";"30.96";"121.38";"7.12";"90.0";"17.5";"5.25";"0.64";"0.64";"1.62";"1.41";"null";"34.5";"2.02";"2.68";"9947.11";"110.52";"1394.17";"482.43";"45.37";"175.62";"9.03";"658.04";"54.4";"113.84";"6.68";"84.41";"16.41";"4.92";"1.52";"32.36"
"Odeluga Offiah";"O. Offiah";"123086";"2002-10-26";"Preston North End";"748";"ENG - Championship";"31";"2025/2026";"129";"RWB";"Full Back";"94.2";"10";"0";"10324.3";"109.59";"1475.8";"529.4";"53.9";"188.7";"10.4";"718.1";"64.3";"29.64";"31.04";"112.7";"8.9";"89.9";"21.0";"6.1";"0.58";"0.63";"2.3";"1.18";"1.6";"41.1";"2.11";"2.58";"9863.46";"109.59";"1409.93";"505.77";"51.49";"180.28";"9.94";"686.05";"61.43";"107.67";"8.5";"85.89";"20.06";"5.83";"2.2";"39.27"
"Tommi Dylan Brooklyn O'Reilly";"T. O'Reilly";"123087";"2003-12-15";"Crewe Alexandra FC";"1726";"ENG - League Two";"204";"2025/2026";"129";"RW";"Wide Attacker";"86.77";"25";"0";"9562.72";"110.21";"1326.12";"592.92";"59.92";"195.52";"11.56";"788.44";"71.48";"29.22";"31.54";"105.56";"9.32";"80.88";"22.32";"6.24";"0.61";"0.61";"1.44";"1.1";"1.14";"44.48";"1.94";"2.52";"9918.84";"110.21";"1375.51";"615.0";"62.15";"202.8";"11.99";"817.8";"74.14";"109.49";"9.67";"83.89";"23.15";"6.47";"1.49";"46.14"
"Bilal El Khannouss";"B. El Khannouss";"123171";"2004-05-10";"VfB Stuttgart";"115";"GER - Bundesliga";"6";"2025/2026";"129";"AM";"Midfield";"89.55";"8";"0";"10156.12";"113.42";"1330.38";"577.0";"60.12";"254.12";"12.0";"831.12";"72.12";"30.91";"31.82";"85.12";"4.38";"70.12";"10.38";"3.88";"0.63";"0.66";"2.0";"1.26";"1.36";"38.38";"1.99";"2.85";"10207.4";"113.42";"1337.09";"579.91";"60.43";"255.41";"12.06";"835.32";"72.49";"85.55";"4.4";"70.48";"10.43";"3.89";"2.01";"38.57"
"Cameron Congreve";"C. Congreve";"126043";"2004-01-24";"Dundee FC";"254";"SCO - Premiership";"18";"2025/2026";"129";"RW";"Wide Attacker";"84.26";"11";"0";"9967.09";"118.29";"1630.18";"807.73";"70.82";"258.55";"13.91";"1066.27";"84.73";"29.46";"30.66";"102.27";"8.27";"82.55";"21.27";"5.73";"0.65";"0.77";"1.18";"1.37";"null";"45.91";"1.92";"2.73";"10645.81";"118.29";"1741.19";"862.73";"75.64";"276.15";"14.86";"1138.88";"90.5";"109.24";"8.84";"88.17";"22.72";"6.12";"1.26";"49.04"
"Máximo Perrone";"M. Perrone";"126683";"2003-01-07";"Como 1907";"1948";"ITA - Serie A";"5";"2025/2026";"129";"RDM";"Midfield";"93.77";"14";"0";"10819.07";"115.38";"1669.14";"519.93";"46.07";"116.86";"6.36";"636.79";"52.43";"27.49";"29.02";"104.86";"5.29";"85.64";"13.86";"3.29";"0.68";"0.78";"0.79";"1.4";"null";"35.64";"1.99";"2.76";"10383.94";"115.38";"1602.01";"499.02";"44.22";"112.16";"6.1";"611.17";"50.32";"100.64";"5.07";"82.2";"13.3";"3.15";"0.75";"34.21"
"Arthur Augusto de Matos Soares";"Arthur";"127284";"2003-03-17";"Bayer 04 Leverkusen";"102";"GER - Bundesliga";"6";"2025/2026";"129";"RWB";"Full Back";"96.52";"8";"0";"11113.38";"115.14";"1493.62";"613.25";"68.62";"338.88";"17.12";"952.12";"85.75";"31.84";"32.38";"118.75";"8.75";"100.62";"20.62";"6.88";"0.61";"0.66";"3.38";"1.18";"1.58";"42.88";"1.95";"2.8";"10362.57";"115.14";"1392.72";"571.82";"63.99";"315.98";"15.97";"887.8";"79.96";"110.73";"8.16";"93.83";"19.23";"6.41";"3.15";"39.98"
"Renato Palma Veiga";"Renato Veiga";"127332";"2003-07-29";"Villarreal CF";"260";"ESP - LaLiga";"4";"2025/2026";"129";"LCB";"Central Defender";"97.73";"14";"0";"10746.43";"109.96";"1442.43";"382.57";"34.14";"77.43";"4.43";"460.0";"38.57";"27.01";"29.2";"123.57";"4.5";"99.57";"10.64";"3.0";"0.79";"0.8";"1.14";"1.66";"1.73";"28.79";"1.99";"2.89";"9896.34";"109.96";"1328.33";"352.31";"31.44";"71.3";"4.08";"423.61";"35.52";"113.8";"4.14";"91.69";"9.8";"2.76";"1.05";"26.51"
"Kacper Mieczyslaw Łopata";"Kacper Łopata";"128865";"2001-08-27";"Bristol Rovers FC";"2540";"ENG - League Two";"204";"2025/2026";"129";"RCB";"Central Defender";"99.01";"8";"0";"9838.5";"99.37";"1053.12";"415.38";"39.0";"132.12";"7.12";"547.5";"46.12";"29.14";"29.88";"102.75";"4.62";"76.38";"10.12";"2.38";"0.73";"null";"0.38";"null";"null";"14.75";"2.3";"3.2";"8943.15";"99.37";"957.29";"377.57";"35.45";"120.1";"6.48";"497.67";"41.93";"93.4";"4.2";"69.42";"9.2";"2.16";"0.34";"13.41"
"Yassine Belkhdim";"Y. Belkhdim";"133039";"2002-02-14";"Angers SCO";"98";"FRA - Ligue 1";"3";"2025/2026";"129";"RW";"Wide Attacker";"86.33";"10";"0";"11660.7";"135.08";"2001.8";"1130.3";"108.6";"515.0";"23.5";"1645.3";"132.1";"29.5";"30.0";"133.8";"8.5";"98.1";"32.3";"5.4";"0.76";"0.78";"1.9";"1.39";"1.48";"60.3";"1.94";"2.67";"12156.88";"135.08";"2086.98";"1178.4";"113.22";"536.91";"24.5";"1715.31";"137.72";"139.49";"8.86";"102.27";"33.67";"5.63";"1.98";"62.87"
"Daniel Kankam Kyerewaa";"D. Kyerewaa";"133546";"2001-10-05";"Reading";"59";"ENG - League One";"101";"2025/2026";"129";"LW";"Wide Attacker";"98.11";"9";"0";"10577.11";"107.81";"1642.22";"708.0";"69.67";"294.78";"14.78";"1002.78";"84.44";"30.41";"30.88";"126.33";"9.44";"97.78";"27.67";"5.78";"0.7";"0.7";"2.33";"1.44";"1.5";"52.44";"2.04";"2.7";"9702.86";"107.81";"1506.48";"649.48";"63.91";"270.41";"13.56";"919.89";"77.46";"115.89";"8.66";"89.7";"25.38";"5.3";"2.14";"48.11"
"Adrian Segecic";"A. Segecic";"133854";"2004-06-01";"Portsmouth";"50";"ENG - Championship";"31";"2025/2026";"129";"RW";"Wide Attacker";"88.17";"8";"0";"10366.75";"117.58";"1680.88";"738.38";"72.38";"252.38";"14.62";"990.75";"87.0";"29.12";"29.86";"118.88";"9.25";"88.12";"21.88";"7.38";"0.66";"0.71";"1.75";"1.47";"null";"49.12";"2.03";"2.75";"10581.82";"117.58";"1715.75";"753.69";"73.88";"257.61";"14.93";"1011.3";"88.8";"121.34";"9.44";"89.95";"22.33";"7.53";"1.79";"50.14"
"Elijah Henry Just";"E. Just";"137353";"2000-05-01";"Motherwell";"243";"SCO - Premiership";"18";"2025/2026";"129";"AM";"Midfield";"84.38";"10";"0";"10678.4";"126.55";"1989.4";"891.4";"79.6";"289.3";"17.4";"1180.7";"97.0";"29.1";"29.82";"111.0";"6.3";"93.5";"19.5";"4.7";"0.68";"0.69";"1.6";"1.47";"1.59";"52.8";"1.93";"2.67";"11389.17";"126.55";"2121.82";"950.73";"84.9";"308.56";"18.56";"1259.29";"103.46";"118.39";"6.72";"99.72";"20.8";"5.01";"1.71";"56.31"
"Carlos Noom Quomah Baleba";"C. Baleba";"140244";"2004-01-03";"Brighton and Hove Albion";"308";"ENG - Premier League";"1";"2025/2026";"129";"RDM";"Midfield";"74.17";"9";"0";"8443.0";"113.83";"1270.89";"557.44";"54.0";"240.11";"11.78";"797.56";"65.78";"30.09";"30.64";"92.67";"5.78";"75.44";"15.56";"4.67";"0.61";"0.67";"1.67";"1.31";"1.39";"32.22";"1.94";"2.77";"10244.42";"113.83";"1542.05";"676.38";"65.52";"291.34";"14.29";"967.72";"79.81";"112.44";"7.01";"91.54";"18.87";"5.66";"2.02";"39.1"
"Emmanuel Fernandez";"E. Fernandez";"140569";"2001-11-20";"Rangers";"241";"SCO - Premiership";"18";"2025/2026";"129";"LCB";"Central Defender";"98.13";"14";"0";"10016.36";"102.07";"1239.29";"476.64";"46.14";"183.14";"9.57";"659.79";"55.71";"29.61";"31.04";"117.0";"7.07";"91.64";"14.64";"4.64";"0.65";"0.76";"1.36";"1.15";"1.75";"23.21";"2.07";"2.84";"9186.64";"102.07";"1136.63";"437.16";"42.32";"167.97";"8.78";"605.13";"51.1";"107.31";"6.49";"84.05";"13.43";"4.26";"1.24";"21.29"
"Matthew Joseph Virtue-Thick";"M. Virtue-Thick";"142074";"1997-05-02";"Fleetwood Town FC";"1724";"ENG - League Two";"204";"2025/2026";"129";"RM";"Midfield";"82.55";"16";"0";"9764.69";"118.29";"1737.81";"563.12";"46.12";"69.19";"5.06";"632.31";"51.19";"26.81";"28.2";"104.5";"3.56";"93.5";"11.25";"1.44";"0.73";"0.8";"0.06";"null";"null";"30.62";"1.99";"2.82";"10645.93";"118.29";"1894.65";"613.95";"50.29";"75.43";"5.52";"689.38";"55.81";"113.93";"3.88";"101.94";"12.27";"1.57";"0.07";"33.39"
"Lewis Billington";"L. Billington";"142173";"2004-02-17";"Crewe Alexandra FC";"1726";"ENG - League Two";"204";"2025/2026";"129";"RB";"Full Back";"98.33";"23";"0";"11158.96";"113.48";"1716.26";"700.91";"61.09";"175.74";"10.57";"876.65";"71.65";"28.59";"30.14";"115.83";"7.09";"93.57";"16.04";"4.26";"0.59";"0.66";"0.78";"1.18";"1.42";"35.74";"1.99";"2.66";"10213.21";"113.48";"1570.8";"641.51";"55.91";"160.84";"9.67";"802.35";"65.58";"106.01";"6.49";"85.64";"14.68";"3.9";"0.72";"32.71"
"Giovane Santana do Nascimento";"Giovane";"145066";"2003-11-24";"Hellas Verona";"157";"ITA - Serie A";"5";"2025/2026";"129";"CF";"Center Forward";"85.87";"16";"0";"10028.44";"116.79";"1276.75";"642.69";"69.0";"271.25";"16.25";"913.94";"85.25";"29.71";"30.8";"104.38";"7.88";"80.69";"16.44";"7.0";"0.67";"0.7";"1.19";"1.32";"1.47";"45.06";"1.87";"2.72";"10511.3";"116.79";"1338.22";"673.63";"72.32";"284.31";"17.03";"957.94";"89.35";"109.4";"8.25";"84.57";"17.23";"7.34";"1.24";"47.23"
"Joel Chima Fujita";"J. Fujita";"152118";"2002-02-16";"FC St. Pauli";"122";"GER - Bundesliga";"6";"2025/2026";"129";"LM";"Midfield";"95.99";"10";"0";"11341.0";"118.14";"1767.5";"658.3";"53.9";"150.3";"7.4";"808.6";"61.3";"27.27";"28.34";"105.3";"3.8";"93.3";"14.8";"2.6";"0.68";"0.72";"0.6";"1.43";"1.43";"46.5";"2.0";"2.61";"10632.93";"118.14";"1657.15";"617.2";"50.53";"140.92";"6.94";"758.12";"57.47";"98.73";"3.56";"87.47";"13.88";"2.44";"0.56";"43.6"
"Akor Jerome Adams";"A. Adams";"152183";"2000-01-29";"Sevilla FC";"266";"ESP - LaLiga";"4";"2025/2026";"129";"CF";"Center Forward";"99.75";"11";"0";"10186.82";"102.12";"1269.18";"666.64";"72.36";"310.55";"17.64";"977.18";"90.0";"30.35";"31.14";"105.91";"12.0";"84.55";"21.91";"10.27";"0.59";"0.59";"2.91";"1.21";"1.31";"43.45";"1.87";"2.58";"9191.11";"102.12";"1145.13";"601.48";"65.29";"280.19";"15.91";"881.67";"81.2";"95.56";"10.83";"76.28";"19.77";"9.27";"2.62";"39.21"
"Leny Yoro";"L. Yoro";"152232";"2005-11-13";"Manchester United";"31";"ENG - Premier League";"1";"2025/2026";"129";"RCB";"Central Defender";"85.26";"11";"0";"8956.91";"105.06";"1210.09";"415.0";"37.64";"122.27";"6.82";"537.27";"44.45";"29.04";"30.44";"101.36";"5.09";"77.36";"10.45";"3.64";"0.7";"0.86";"1.0";"1.36";"null";"27.45";"1.95";"2.84";"9455.3";"105.06";"1277.42";"438.09";"39.73";"129.08";"7.2";"567.17";"46.93";"107.0";"5.37";"81.67";"11.04";"3.84";"1.06";"28.98"
"Ben Woods";"B. Woods";"152371";"2002-09-27";"Peterborough United";"1869";"ENG - League One";"101";"2025/2026";"129";"LDM";"Midfield";"88.88";"8";"0";"11108.0";"124.98";"2223.0";"659.12";"49.88";"103.88";"6.62";"763.0";"56.5";"26.94";"27.5";"126.38";"4.5";"103.25";"10.62";"2.88";"0.76";"0.98";"0.38";"null";"null";"45.25";"2.12";"2.83";"11248.08";"124.98";"2251.03";"667.44";"50.5";"105.18";"6.71";"772.62";"57.21";"127.97";"4.56";"104.55";"10.76";"2.91";"0.38";"45.82"
"Dara  Costelloe";"D. Costelloe";"152372";"2002-12-11";"Wigan Athletic";"38";"ENG - League One";"101";"2025/2026";"129";"CF";"Center Forward";"80.68";"14";"0";"9963.93";"123.5";"1535.64";"725.29";"78.29";"312.07";"19.0";"1037.36";"97.29";"30.0";"31.12";"102.43";"10.64";"82.57";"19.57";"8.5";"0.61";"0.67";"2.57";"1.12";"1.21";"60.0";"1.75";"2.56";"11114.81";"123.5";"1713.02";"809.06";"87.33";"348.12";"21.19";"1157.18";"108.52";"114.26";"11.87";"92.11";"21.83";"9.48";"2.87";"66.93"
"Matthew Baker";"M. Baker";"152384";"2003-02-06";"Newport County AFC";"2815";"ENG - League Two";"204";"2025/2026";"129";"LCB";"Central Defender";"96.05";"11";"0";"10069.91";"104.85";"1308.55";"423.27";"38.55";"119.18";"6.82";"542.45";"45.36";"28.7";"29.88";"112.91";"5.82";"81.36";"11.36";"4.0";"0.64";"0.75";"1.55";"1.11";"null";"21.18";"2.08";"2.88";"9436.07";"104.85";"1226.18";"396.63";"36.12";"111.68";"6.39";"508.31";"42.51";"105.8";"5.45";"76.24";"10.65";"3.75";"1.45";"19.85"
"Daniel Kanu";"D. Kanu";"153507";"2004-11-14";"Walsall FC";"2508";"ENG - League Two";"204";"2025/2026";"129";"CF";"Center Forward";"87.79";"22";"0";"9542.86";"108.7";"1160.05";"462.77";"53.27";"216.91";"12.23";"679.68";"65.5";"30.79";"32.28";"95.41";"6.73";"76.05";"17.36";"4.73";"0.58";"0.64";"1.73";"1.15";"1.36";"24.82";"1.77";"2.72";"9782.99";"108.7";"1189.24";"474.42";"54.61";"222.37";"12.53";"696.78";"67.15";"97.81";"6.9";"77.96";"17.8";"4.85";"1.77";"25.44"
"Nicolò Savona";"N. Savona";"154039";"2003-03-19";"Nottingham Forest";"747";"ENG - Premier League";"1";"2025/2026";"129";"RB";"Full Back";"94.47";"10";"0";"10546.4";"111.64";"1459.5";"627.6";"62.2";"260.2";"13.6";"887.8";"75.8";"30.42";"31.58";"115.2";"6.9";"93.3";"19.7";"5.2";"0.64";"0.65";"2.7";"1.26";"1.26";"38.0";"1.98";"2.56";"10047.73";"111.64";"1390.49";"597.93";"59.26";"247.9";"12.96";"845.82";"72.22";"109.75";"6.57";"88.89";"18.77";"4.95";"2.57";"36.2"
"Samuel Iling-Junior";"S. Iling-Junior";"154043";"2003-10-04";"West Bromwich Albion";"34";"ENG - Championship";"31";"2025/2026";"129";"RW";"Wide Attacker";"82.52";"8";"0";"9561.5";"115.87";"1627.75";"677.0";"60.62";"197.38";"9.88";"874.38";"70.5";"29.31";"30.24";"108.0";"7.12";"93.12";"20.25";"4.88";"0.67";"0.8";"1.12";"1.62";"1.76";"40.75";"2.04";"2.81";"10428.09";"115.87";"1775.28";"738.36";"66.12";"215.26";"10.77";"953.62";"76.89";"117.79";"7.77";"101.57";"22.09";"5.32";"1.23";"44.44"
"Diego Manuel Jadon da Silva Moreira";"Diego Moreira";"154055";"2004-08-06";"RC Strasbourg Alsace";"311";"FRA - Ligue 1";"3";"2025/2026";"129";"LWB";"Full Back";"86.44";"8";"0";"10037.62";"116.12";"1413.5";"712.38";"71.38";"331.5";"17.12";"1043.88";"88.5";"31.1";"31.62";"110.88";"10.62";"85.5";"22.0";"8.12";"0.61";"0.61";"3.12";"1.24";"1.24";"49.5";"1.93";"2.6";"10450.82";"116.12";"1471.69";"741.7";"74.31";"345.15";"17.83";"1086.85";"92.14";"115.44";"11.06";"89.02";"22.91";"8.46";"3.25";"51.54"
"Mateus Gonçalo Espanha Fernandes";"Mateus Fernandes";"154067";"2004-07-10";"West Ham United";"37";"ENG - Premier League";"1";"2025/2026";"129";"LM";"Midfield";"97.65";"8";"0";"11195.75";"114.65";"1816.0";"612.12";"57.12";"147.0";"9.5";"759.12";"66.62";"27.93";"28.46";"119.0";"4.75";"100.5";"18.75";"4.12";"0.63";"0.78";"2.25";"1.4";"1.67";"41.12";"2.01";"2.96";"10318.22";"114.65";"1673.66";"564.15";"52.65";"135.48";"8.76";"699.62";"61.4";"109.67";"4.38";"92.62";"17.28";"3.8";"2.07";"37.9"
"Youssef Ramalho Chermiti";"Youssef Chermiti";"154076";"2004-05-24";"Rangers";"241";"SCO - Premiership";"18";"2025/2026";"129";"CF";"Center Forward";"85.19";"8";"0";"9487.88";"111.37";"1278.5";"636.0";"66.12";"244.88";"15.12";"880.88";"81.25";"29.93";"31.0";"102.5";"8.5";"83.62";"16.62";"5.5";"0.69";"0.8";"2.5";"1.32";"1.48";"42.12";"1.91";"3.04";"10023.14";"111.37";"1350.63";"671.88";"69.86";"258.69";"15.98";"930.57";"85.83";"108.28";"8.98";"88.34";"17.56";"5.81";"2.64";"44.5"
"Álex Valle Gómez";"Álex Valle";"154098";"2004-04-25";"Como 1907";"1948";"ITA - Serie A";"5";"2025/2026";"129";"LB";"Full Back";"97.13";"15";"0";"10948.67";"112.72";"1717.93";"881.2";"85.53";"352.2";"19.73";"1233.4";"105.27";"29.89";"30.86";"133.53";"12.53";"107.8";"27.93";"9.8";"0.61";"0.65";"3.33";"1.25";"1.28";"55.53";"1.84";"2.56";"10145.08";"112.72";"1591.84";"816.52";"79.26";"326.35";"18.28";"1142.87";"97.54";"123.73";"11.61";"99.89";"25.88";"9.08";"3.09";"51.46"
"Tyreece Campbell";"T. Campbell";"156501";"2003-09-14";"Charlton Athletic";"877";"ENG - Championship";"31";"2025/2026";"129";"LW";"Wide Attacker";"88.73";"9";"0";"8814.67";"99.34";"1049.78";"551.0";"65.44";"341.89";"16.78";"892.89";"82.22";"32.56";"33.1";"96.78";"10.11";"70.78";"21.67";"8.0";"0.58";"0.58";"3.78";"1.17";"1.17";"44.33";"1.98";"2.71";"8940.87";"99.34";"1064.81";"558.89";"66.38";"346.78";"17.02";"905.67";"83.4";"98.16";"10.26";"71.79";"21.98";"8.11";"3.83";"44.97"
"Noah Sadiki";"N. Sadiki";"161655";"2004-12-17";"Sunderland";"35";"ENG - Premier League";"1";"2025/2026";"129";"LM";"Midfield";"97.79";"10";"0";"11477.9";"117.37";"1744.2";"630.4";"62.5";"190.1";"10.5";"820.5";"73.0";"29.12";"30.02";"114.9";"6.9";"96.2";"17.0";"5.5";"0.62";"0.63";"1.3";"1.23";"1.27";"51.8";"2.04";"2.58";"10563.56";"117.37";"1605.26";"580.18";"57.52";"174.96";"9.66";"755.14";"67.18";"105.75";"6.35";"88.54";"15.65";"5.06";"1.2";"47.67"
"Ashley Charles";"A. Charles";"163152";"1999-05-15";"Bromley FC";"3700";"ENG - League Two";"204";"2025/2026";"129";"DM";"Midfield";"99.1";"11";"0";"11292.82";"113.96";"1853.55";"604.09";"51.36";"91.82";"5.82";"695.91";"57.18";"26.93";"28.08";"112.27";"4.82";"92.27";"11.73";"3.0";"0.58";"0.61";"0.36";"null";"null";"42.0";"2.04";"2.78";"10256.0";"113.96";"1683.37";"548.63";"46.65";"83.39";"5.28";"632.02";"51.93";"101.96";"4.38";"83.8";"10.65";"2.72";"0.33";"38.14"
"Brodie Spencer";"B. Spencer";"163297";"2004-05-06";"Oxford United";"1588";"ENG - Championship";"31";"2025/2026";"129";"RB";"Full Back";"95.88";"11";"0";"10782.45";"112.46";"1562.82";"693.82";"72.64";"251.64";"14.18";"945.45";"86.82";"29.62";"31.22";"126.82";"8.91";"99.64";"24.91";"7.27";"0.68";"0.7";"2.91";"1.21";"1.43";"41.45";"1.87";"2.6";"10121.49";"112.46";"1467.02";"651.29";"68.18";"236.21";"13.31";"887.5";"81.5";"119.04";"8.36";"93.53";"23.38";"6.83";"2.73";"38.91"
"Michael Forbes";"M. Forbes";"163300";"2004-04-29";"Northampton Town FC";"2811";"ENG - League One";"101";"2025/2026";"129";"LCB";"Central Defender";"93.42";"10";"0";"10043.1";"107.5";"1275.1";"498.1";"47.3";"155.9";"9.0";"654.0";"56.3";"29.48";"30.54";"113.6";"7.0";"87.1";"14.4";"4.6";"0.65";"0.67";"1.0";"1.32";"null";"19.8";"2.19";"2.8";"9675.09";"107.5";"1228.38";"479.85";"45.57";"150.19";"8.67";"630.04";"54.24";"109.44";"6.74";"83.91";"13.87";"4.43";"0.96";"19.07"
"Terry Devlin";"T. Devlin";"163301";"2003-11-06";"Portsmouth";"50";"ENG - Championship";"31";"2025/2026";"129";"RB";"Full Back";"97.67";"11";"0";"10810.91";"110.69";"1552.18";"692.55";"66.55";"256.45";"13.82";"949.0";"80.36";"29.14";"30.4";"120.64";"8.27";"96.45";"21.0";"4.18";"0.6";"0.66";"1.55";"1.25";"1.37";"43.55";"1.94";"2.82";"9961.81";"110.69";"1430.27";"638.15";"61.32";"236.31";"12.73";"874.46";"74.05";"111.16";"7.62";"88.88";"19.35";"3.85";"1.42";"40.13"
"Ruairi McConville";"R. McConville";"163302";"2005-05-01";"Norwich City";"57";"ENG - Championship";"31";"2025/2026";"129";"RCB";"Central Defender";"99.71";"17";"0";"10310.88";"103.41";"1343.94";"426.59";"40.24";"135.35";"6.53";"561.94";"46.76";"28.75";"30.42";"121.12";"6.18";"92.47";"12.53";"3.65";"0.71";"0.75";"0.88";"1.46";"1.55";"25.94";"2.14";"2.93";"9306.99";"103.41";"1213.09";"385.05";"36.32";"122.17";"5.89";"507.23";"42.21";"109.33";"5.58";"83.47";"11.31";"3.29";"0.8";"23.42"
"Nicolás Paz Martínez";"Nico Paz";"163356";"2004-09-08";"Como 1907";"1948";"ITA - Serie A";"5";"2025/2026";"129";"AM";"Midfield";"95.02";"20";"0";"10391.8";"109.37";"1560.2";"598.8";"55.75";"168.05";"8.9";"766.85";"64.65";"28.15";"30.32";"116.35";"6.8";"98.55";"18.6";"4.6";"0.64";"0.69";"0.9";"1.32";"1.51";"41.3";"1.86";"2.72";"9843.05";"109.37";"1477.81";"567.18";"52.81";"159.18";"8.43";"726.36";"61.24";"110.21";"6.44";"93.35";"17.62";"4.36";"0.85";"39.12"
"Ibou Touray";"I. Touray";"163637";"1994-12-24";"Bradford City AFC";"2810";"ENG - League One";"101";"2025/2026";"129";"LCB";"Central Defender";"99.61";"8";"0";"10593.62";"106.35";"1523.12";"619.38";"56.75";"155.0";"11.38";"774.38";"68.12";"28.56";"29.0";"134.38";"9.38";"97.12";"19.38";"6.75";"0.67";"0.74";"2.12";"1.32";"1.54";"31.25";"2.07";"2.76";"9571.15";"106.35";"1376.12";"559.59";"51.27";"140.04";"10.28";"699.63";"61.55";"121.41";"8.47";"87.75";"17.5";"6.1";"1.92";"28.23"
"Ibou Touray";"I. Touray";"163637";"1994-12-24";"Bradford City AFC";"2810";"ENG - League One";"101";"2025/2026";"129";"LWB";"Full Back";"97.45";"21";"0";"10471.24";"107.46";"1582.86";"744.38";"67.05";"230.67";"12.48";"975.05";"79.52";"29.15";"30.68";"136.19";"14.9";"105.0";"24.33";"11.1";"0.56";"0.56";"3.38";"1.22";"1.46";"40.67";"1.94";"2.48";"9670.95";"107.46";"1461.88";"687.49";"61.92";"213.04";"11.52";"900.53";"73.45";"125.78";"13.77";"96.98";"22.47";"10.25";"3.12";"37.56"
"Andri Lucas Gudjohnsen";"A. Gudjohnsen";"163721";"2002-01-29";"Blackburn Rovers";"42";"ENG - Championship";"31";"2025/2026";"129";"CF";"Center Forward";"83.37";"13";"0";"9443.85";"113.27";"1301.46";"550.69";"55.46";"168.69";"11.23";"719.38";"66.69";"28.64";"29.5";"93.54";"8.0";"72.69";"15.46";"5.46";"0.68";"0.71";"1.08";"1.42";"null";"34.0";"2.07";"2.85";"10194.65";"113.27";"1404.93";"594.47";"59.87";"182.1";"12.12";"776.58";"71.99";"100.97";"8.64";"78.47";"16.69";"5.9";"1.16";"36.7"
"Ji-Sung  Eom";"Eom Ji-Sung";"163832";"2002-05-09";"Swansea City";"55";"ENG - Championship";"31";"2025/2026";"129";"LW";"Wide Attacker";"72.59";"14";"0";"8272.36";"113.96";"1323.64";"674.36";"69.43";"255.07";"14.79";"929.43";"84.21";"29.25";"29.82";"104.43";"10.0";"79.71";"25.36";"7.57";"0.65";"0.69";"2.21";"1.3";"1.62";"47.93";"1.8";"2.57";"10256.0";"113.96";"1641.04";"836.06";"86.08";"316.24";"18.33";"1152.3";"104.41";"129.47";"12.4";"98.83";"31.44";"9.39";"2.75";"59.42"
"Phoenix Patterson";"P. Patterson";"164808";"2000-09-01";"Stevenage FC";"2817";"ENG - League One";"101";"2025/2026";"129";"LW";"Wide Attacker";"80.24";"9";"0";"8715.22";"108.62";"1215.11";"559.56";"56.0";"194.11";"11.0";"753.67";"67.0";"29.99";"30.74";"97.89";"7.56";"72.11";"18.0";"5.56";"0.65";"0.65";"1.67";"1.36";"1.43";"34.22";"1.99";"2.54";"9775.43";"108.62";"1362.93";"627.63";"62.81";"217.72";"12.34";"845.35";"75.15";"109.8";"8.47";"80.88";"20.19";"6.23";"1.87";"38.39"
"Lewis  Cass";"L. Cass";"166550";"2000-02-27";"Harrogate Town FC";"2818";"ENG - League Two";"204";"2025/2026";"129";"RB";"Full Back";"97.5";"10";"0";"10952.4";"112.33";"1563.1";"652.9";"58.4";"194.3";"10.5";"847.2";"68.9";"29.54";"30.66";"123.6";"9.8";"98.4";"18.4";"6.3";"0.6";"0.65";"1.8";"1.28";"1.43";"32.2";"2.25";"2.75";"10109.56";"112.33";"1442.81";"602.66";"53.91";"179.35";"9.69";"782.0";"63.6";"114.09";"9.05";"90.83";"16.98";"5.82";"1.66";"29.72"
"Dean Huijsen";"Dean Huijsen";"166770";"2005-04-14";"Real Madrid CF";"262";"ESP - LaLiga";"4";"2025/2026";"129";"LCB";"Central Defender";"92.47";"13";"0";"9878.08";"106.83";"1215.54";"438.31";"44.31";"164.31";"9.77";"602.62";"54.08";"30.22";"32.0";"105.0";"6.23";"81.46";"14.69";"4.46";"0.68";"0.73";"1.46";"1.3";"1.39";"32.46";"1.96";"2.94";"9614.7";"106.83";"1183.13";"426.62";"43.13";"159.93";"9.51";"586.55";"52.64";"102.2";"6.06";"79.29";"14.3";"4.34";"1.42";"31.6"
"Xavier Simons";"X. Simons";"167052";"2003-02-20";"Bolton Wanderers";"45";"ENG - League One";"101";"2025/2026";"129";"LDM";"Midfield";"86.8";"8";"0";"9745.62";"112.28";"1587.75";"544.5";"50.12";"161.12";"8.62";"705.62";"58.75";"28.65";"29.5";"105.62";"6.25";"86.0";"12.5";"4.25";"0.64";"0.65";"1.25";"1.24";"1.24";"28.0";"2.16";"2.92";"10105.15";"112.28";"1646.32";"564.59";"51.97";"167.07";"8.94";"731.66";"60.92";"109.52";"6.48";"89.17";"12.96";"4.41";"1.3";"29.03"
"Rafik Belghali";"R. Belghali";"167175";"2002-06-07";"Hellas Verona";"157";"ITA - Serie A";"5";"2025/2026";"129";"RWB";"Full Back";"93.45";"12";"0";"10670.33";"114.18";"1630.25";"726.25";"60.08";"246.83";"12.0";"973.08";"72.08";"29.53";"30.36";"109.67";"7.25";"88.75";"19.58";"5.08";"0.64";"0.7";"1.17";"1.21";"2.16";"44.42";"1.99";"2.58";"10276.25";"114.18";"1570.04";"699.43";"57.86";"237.72";"11.56";"937.14";"69.42";"105.62";"6.98";"85.47";"18.86";"4.9";"1.12";"42.78"
"Charlie Hughes";"C. Hughes";"167921";"2003-10-16";"Hull City";"47";"ENG - Championship";"31";"2025/2026";"129";"LCB";"Central Defender";"100.25";"23";"0";"9830.26";"98.06";"1188.22";"446.87";"44.35";"141.61";"8.48";"588.48";"52.83";"28.71";"30.06";"114.13";"6.09";"88.26";"13.7";"4.3";"0.66";"0.74";"1.13";"1.29";"1.51";"28.87";"1.84";"2.71";"8825.55";"98.06";"1066.78";"401.2";"39.82";"127.14";"7.61";"528.33";"47.43";"102.47";"5.46";"79.24";"12.3";"3.86";"1.01";"25.92"
"Andrej Ilić";"A. Ilić";"170510";"2000-04-03";"FC Union Berlin";"757";"GER - Bundesliga";"6";"2025/2026";"129";"CF";"Center Forward";"97.28";"13";"0";"10397.46";"106.88";"1329.0";"608.23";"64.31";"224.54";"12.85";"832.77";"77.15";"29.62";"30.52";"110.85";"7.08";"94.85";"15.85";"5.46";"0.68";"0.77";"2.15";"1.37";"1.49";"43.54";"1.94";"2.88";"9618.91";"106.88";"1229.49";"562.69";"59.49";"207.73";"11.88";"770.41";"71.38";"102.55";"6.55";"87.74";"14.66";"5.05";"1.99";"40.28"
"Géza David Turi";"G. Turi";"170536";"2001-10-06";"Grimsby Town FC";"2807";"ENG - League Two";"204";"2025/2026";"129";"DM";"Midfield";"82.08";"10";"0";"9357.4";"114.01";"1393.9";"368.5";"32.2";"54.7";"3.6";"423.2";"35.8";"26.75";"27.64";"93.2";"3.1";"78.4";"9.2";"1.3";"0.91";"1.0";"0.4";"1.9";"null";"22.2";"2.03";"2.96";"10260.93";"114.01";"1528.49";"404.08";"35.31";"59.98";"3.95";"464.06";"39.26";"102.2";"3.4";"85.97";"10.09";"1.43";"0.44";"24.34"
"Cameron McJannet";"C. McJannet";"170674";"1998-09-06";"Grimsby Town FC";"2807";"ENG - League Two";"204";"2025/2026";"129";"LCB";"Central Defender";"101.47";"28";"0";"10749.0";"105.94";"1491.68";"466.64";"41.11";"112.29";"6.89";"578.93";"48.0";"28.38";"30.9";"115.36";"4.5";"82.86";"9.32";"2.75";"0.68";"0.78";"0.68";"1.57";"1.76";"21.18";"1.8";"2.98";"9534.26";"105.94";"1323.11";"413.91";"36.46";"99.6";"6.11";"513.5";"42.58";"102.32";"3.99";"73.49";"8.27";"2.44";"0.6";"18.79"
"Eoin Toal";"E. Toal";"170675";"1999-02-15";"Bolton Wanderers";"45";"ENG - League One";"101";"2025/2026";"129";"RCB";"Central Defender";"98.38";"23";"0";"10556.87";"107.31";"1349.83";"427.74";"43.35";"130.3";"7.57";"558.04";"50.91";"28.9";"30.86";"117.78";"5.78";"87.74";"12.48";"3.87";"0.66";"0.66";"1.13";"1.37";"1.62";"23.26";"2.07";"2.94";"9657.66";"107.31";"1234.85";"391.31";"39.66";"119.21";"6.92";"510.51";"46.58";"107.75";"5.29";"80.27";"11.42";"3.54";"1.03";"21.28"
"Ryan Graydon";"R. Graydon";"170686";"1999-04-11";"Fleetwood Town FC";"1724";"ENG - League Two";"204";"2025/2026";"129";"CF";"Center Forward";"82.09";"16";"0";"8505.19";"103.61";"977.38";"502.19";"63.19";"335.81";"18.0";"838.0";"81.19";"31.56";"32.54";"98.88";"11.19";"74.19";"22.62";"8.06";"0.62";"0.68";"3.25";"1.12";"1.39";"32.25";"1.9";"2.64";"9324.66";"103.61";"1071.54";"550.57";"69.28";"368.17";"19.73";"918.74";"89.01";"108.4";"12.27";"81.34";"24.8";"8.84";"3.56";"35.36"
"Lee Bonis";"L. Bonis";"171117";"1999-08-03";"Chesterfield FC";"3361";"ENG - League Two";"204";"2025/2026";"129";"CF";"Center Forward";"82.51";"23";"0";"8615.7";"104.42";"1073.52";"572.04";"64.96";"294.74";"16.57";"866.78";"81.52";"30.79";"32.16";"96.7";"10.09";"72.83";"22.04";"7.96";"0.57";"0.61";"3.22";"1.06";"1.21";"33.74";"1.81";"2.74";"9398.12";"104.42";"1171.01";"623.99";"70.86";"321.51";"18.07";"945.5";"88.92";"105.48";"11.0";"79.44";"24.05";"8.68";"3.51";"36.8"
"Daniel Elfadli";"Daniel Elfadli";"172669";"1997-04-06";"Hamburger SV";"101";"GER - Bundesliga";"6";"2025/2026";"129";"LCB";"Central Defender";"97.08";"8";"0";"10963.75";"112.93";"1511.12";"507.88";"44.38";"147.0";"8.25";"654.88";"52.62";"28.56";"29.26";"111.25";"5.75";"86.38";"14.5";"3.38";"0.68";"0.75";"0.25";"null";"null";"29.62";"1.84";"2.84";"10164.04";"112.93";"1400.9";"470.83";"41.14";"136.28";"7.65";"607.11";"48.79";"103.14";"5.33";"80.07";"13.44";"3.13";"0.23";"27.46"
"Leonardo Weschenfelder-Scienza";"Léo Scienza";"172670";"1998-09-13";"Southampton";"58";"ENG - Championship";"31";"2025/2026";"129";"AM";"Midfield";"84.01";"9";"0";"9369.56";"111.53";"1346.0";"571.56";"56.11";"246.67";"12.11";"818.22";"68.22";"29.96";"30.92";"96.89";"6.67";"80.22";"15.44";"5.0";"0.62";"0.64";"1.89";"1.19";"1.19";"46.22";"1.94";"2.81";"10037.92";"111.53";"1442.02";"612.33";"60.11";"264.26";"12.98";"876.59";"73.09";"103.8";"7.14";"85.94";"16.55";"5.36";"2.02";"49.52"
"Killian Phillips";"K. Phillips";"172936";"2002-03-30";"St. Mirren";"249";"SCO - Premiership";"18";"2025/2026";"129";"RM";"Midfield";"96.47";"19";"0";"11135.37";"115.43";"1859.47";"648.21";"56.16";"166.21";"9.21";"814.42";"65.37";"28.12";"29.92";"101.05";"6.37";"90.63";"14.0";"4.32";"0.62";"0.67";"0.84";"1.3";"1.43";"36.63";"1.89";"2.67";"10388.43";"115.43";"1734.74";"604.73";"52.39";"155.06";"8.59";"759.79";"60.98";"94.27";"5.94";"84.55";"13.06";"4.03";"0.79";"34.17"
"Jake O'Brien";"J. O'Brien";"173002";"2001-05-15";"Everton";"41";"ENG - Premier League";"1";"2025/2026";"129";"RB";"Full Back";"97.11";"19";"0";"10436.63";"107.47";"1265.63";"467.11";"49.58";"181.42";"9.79";"648.53";"59.37";"29.93";"32.04";"110.16";"6.58";"91.95";"15.63";"4.89";"0.62";"0.62";"1.47";"1.14";"1.14";"28.95";"1.9";"2.63";"9672.28";"107.47";"1172.94";"432.9";"45.95";"168.13";"9.07";"601.03";"55.02";"102.09";"6.1";"85.21";"14.49";"4.54";"1.37";"26.83"
"Malachi Boateng";"M. Boateng";"173005";"2002-07-05";"Plymouth Argyle";"1728";"ENG - League One";"101";"2025/2026";"129";"LM";"Midfield";"96.07";"12";"0";"10613.42";"110.48";"1716.83";"575.0";"53.67";"162.0";"8.33";"737.0";"62.0";"29.06";"30.72";"121.75";"6.0";"102.75";"14.17";"3.92";"0.68";"0.74";"1.67";"1.33";"1.61";"31.33";"2.05";"2.87";"9943.03";"110.48";"1608.39";"538.68";"50.28";"151.77";"7.81";"690.45";"58.08";"114.06";"5.62";"96.26";"13.27";"3.67";"1.56";"29.35"
"Malachi Boateng";"M. Boateng";"173005";"2002-07-05";"Plymouth Argyle";"1728";"ENG - League One";"101";"2025/2026";"129";"RM";"Midfield";"99.88";"10";"0";"10891.5";"109.05";"1734.3";"574.8";"49.7";"127.4";"6.8";"702.2";"56.5";"28.36";"29.58";"122.2";"6.5";"101.4";"15.0";"4.0";"0.65";"0.74";"0.8";"1.61";"null";"27.4";"2.14";"2.95";"9814.13";"109.05";"1562.75";"517.94";"44.78";"114.8";"6.13";"632.74";"50.91";"110.11";"5.86";"91.37";"13.52";"3.6";"0.72";"24.69"
"Oscar Schwartau";"O. Schwartau";"173050";"2006-05-17";"Norwich City";"57";"ENG - Championship";"31";"2025/2026";"129";"LW";"Wide Attacker";"80.5";"17";"0";"9645.29";"119.82";"1587.24";"740.18";"68.76";"301.06";"15.35";"1041.24";"84.12";"29.52";"30.68";"100.53";"7.41";"77.94";"18.82";"5.82";"0.6";"0.65";"1.53";"1.34";"1.35";"48.47";"1.91";"2.54";"10783.95";"119.82";"1774.61";"827.56";"76.88";"336.6";"17.17";"1164.16";"94.05";"112.4";"8.29";"87.14";"21.05";"6.51";"1.71";"54.19"
"Bobby Kamwa";"B. Kamwa";"173071";"2000-03-18";"Newport County AFC";"2815";"ENG - League Two";"204";"2025/2026";"129";"LW";"Wide Attacker";"92.26";"10";"0";"9688.0";"105.01";"1243.5";"613.7";"60.9";"225.4";"12.1";"839.1";"73.0";"30.02";"30.8";"94.9";"6.9";"76.7";"13.0";"4.7";"0.64";"0.76";"1.5";"1.2";"1.65";"33.5";"2.27";"2.79";"9451.02";"105.01";"1213.08";"598.69";"59.41";"219.89";"11.8";"818.57";"71.21";"92.58";"6.73";"74.82";"12.68";"4.59";"1.46";"32.68"
"Luca Kjerrumgaard";"L. Kjerrumgaard";"173403";"2003-02-09";"Watford";"64";"ENG - Championship";"31";"2025/2026";"129";"CF";"Center Forward";"83.05";"23";"0";"8997.26";"108.33";"1171.3";"546.48";"55.91";"189.13";"11.78";"735.61";"67.7";"28.82";"30.46";"101.13";"7.74";"82.74";"17.13";"5.52";"0.71";"0.79";"1.0";"1.44";"2.0";"37.13";"1.88";"2.76";"9750.02";"108.33";"1269.3";"592.2";"60.59";"204.95";"12.77";"797.15";"73.36";"109.59";"8.39";"89.66";"18.56";"5.98";"1.08";"40.24"
"Igor Thiago Nascimento Rodrigues";"Igor Thiago";"173693";"2001-06-26";"Brentford FC";"754";"ENG - Premier League";"1";"2025/2026";"129";"CF";"Center Forward";"96.0";"24";"0";"10243.75";"106.71";"1381.17";"665.79";"73.96";"336.08";"18.29";"1001.88";"92.25";"31.09";"32.7";"114.75";"12.75";"97.12";"21.21";"9.29";"0.65";"0.67";"3.33";"1.25";"1.34";"46.92";"1.78";"2.61";"9603.86";"106.71";"1294.89";"624.2";"69.34";"315.09";"17.15";"939.29";"86.49";"107.58";"11.95";"91.06";"19.88";"8.71";"3.13";"43.99"
"José Ángel Córdoba Chambers";"J. Córdoba";"175256";"2001-06-03";"Norwich City";"57";"ENG - Championship";"31";"2025/2026";"129";"LCB";"Central Defender";"99.92";"10";"0";"10338.3";"103.46";"1409.5";"543.7";"54.0";"205.3";"12.5";"749.0";"66.5";"29.79";"31.22";"122.9";"8.8";"95.3";"17.7";"5.9";"0.62";"0.67";"2.6";"1.32";"1.38";"34.0";"2.05";"2.64";"9311.76";"103.46";"1269.54";"489.71";"48.64";"184.91";"11.26";"674.63";"59.9";"110.7";"7.93";"85.84";"15.94";"5.31";"2.34";"30.62"
"David Watson";"D. Watson";"176222";"2005-02-12";"Kilmarnock";"244";"SCO - Premiership";"18";"2025/2026";"129";"RM";"Midfield";"90.52";"11";"0";"10488.91";"115.88";"1731.0";"660.0";"59.64";"165.36";"9.82";"825.36";"69.45";"28.13";"29.04";"124.0";"6.0";"103.82";"17.91";"2.73";"0.72";"0.77";"0.73";"1.52";"null";"36.27";"2.05";"2.62";"10428.86";"115.88";"1721.09";"656.22";"59.29";"164.42";"9.76";"820.64";"69.06";"123.29";"5.97";"103.22";"17.81";"2.71";"0.72";"36.07"
"Jack Sanders";"J. Sanders";"176223";"1999-03-18";"Milton Keynes Dons";"755";"ENG - League Two";"204";"2025/2026";"129";"LCB";"Central Defender";"97.6";"9";"0";"10182.22";"104.32";"1255.89";"416.22";"45.11";"176.67";"9.44";"592.89";"54.56";"31.17";"32.62";"112.56";"5.78";"81.22";"13.33";"2.67";"0.76";"0.79";"0.67";"1.52";"null";"19.78";"2.02";"2.94";"9388.99";"104.32";"1158.05";"383.8";"41.6";"162.9";"8.71";"546.7";"50.31";"103.79";"5.33";"74.89";"12.29";"2.46";"0.61";"18.24"
"Jack Sanders";"J. Sanders";"176223";"1999-03-18";"Milton Keynes Dons";"755";"ENG - League Two";"204";"2025/2026";"129";"RCB";"Central Defender";"98.05";"10";"0";"10474.4";"106.83";"1347.3";"465.5";"49.9";"191.2";"11.6";"656.7";"61.5";"29.12";"30.28";"117.3";"7.2";"84.6";"16.4";"5.0";"0.74";"0.81";"1.8";"1.35";"1.44";"25.4";"2.1";"2.66";"9614.77";"106.83";"1236.73";"427.3";"45.8";"175.51";"10.65";"602.8";"56.45";"107.67";"6.61";"77.66";"15.05";"4.59";"1.65";"23.32"
"Adam James Wharton";"A. Wharton";"176484";"2004-02-06";"Crystal Palace";"60";"ENG - Premier League";"1";"2025/2026";"129";"RM";"Midfield";"90.57";"20";"0";"10222.65";"112.87";"1685.75";"482.6";"39.55";"83.75";"4.15";"566.35";"43.7";"26.76";"28.66";"112.4";"3.45";"93.0";"10.5";"2.7";"0.68";"0.69";"0.55";"1.47";"1.58";"34.25";"2.04";"2.7";"10158.03";"112.87";"1675.09";"479.55";"39.3";"83.22";"4.12";"562.77";"43.42";"111.69";"3.43";"92.41";"10.43";"2.68";"0.55";"34.03"
"Sinclair Armstrong";"S. Armstrong";"176486";"2003-06-22";"Bristol City";"753";"ENG - Championship";"31";"2025/2026";"129";"CF";"Center Forward";"81.21";"8";"0";"8754.75";"107.81";"1038.25";"503.38";"61.62";"324.38";"16.75";"827.75";"78.38";"32.01";"32.8";"92.88";"9.25";"71.62";"19.5";"7.88";"0.61";"0.63";"3.88";"1.1";"1.16";"31.5";"2.0";"2.95";"9702.79";"107.81";"1150.68";"557.89";"68.3";"359.5";"18.56";"917.39";"86.86";"102.93";"10.25";"79.38";"21.61";"8.73";"4.29";"34.91"
"Ollie Tanner";"O. Tanner";"176487";"2002-05-13";"Cardiff City";"61";"ENG - League One";"101";"2025/2026";"129";"RW";"Wide Attacker";"78.25";"8";"0";"8050.38";"102.89";"1108.38";"551.5";"57.38";"266.12";"13.88";"817.62";"71.25";"30.66";"31.32";"86.25";"7.62";"64.5";"16.38";"7.0";"0.64";"0.67";"3.0";"1.31";"1.43";"42.5";"1.97";"2.68";"9259.71";"102.89";"1274.88";"634.35";"65.99";"306.1";"15.96";"940.45";"81.95";"99.21";"8.77";"74.19";"18.83";"8.05";"3.45";"48.88"
"Miles Leaburn";"M. Leaburn";"176493";"2003-11-28";"Charlton Athletic";"877";"ENG - Championship";"31";"2025/2026";"129";"CF";"Center Forward";"89.97";"15";"0";"9302.07";"103.39";"1058.07";"472.0";"52.4";"190.07";"11.07";"662.07";"63.47";"29.91";"30.98";"98.13";"7.33";"74.07";"16.27";"4.87";"0.67";"0.68";"1.53";"1.31";"1.64";"37.07";"1.94";"2.61";"9305.17";"103.39";"1058.42";"472.16";"52.42";"190.13";"11.07";"662.29";"63.49";"98.17";"7.34";"74.09";"16.27";"4.87";"1.53";"37.08"
"Darragh Burns";"D. Burns";"176494";"2002-08-06";"Grimsby Town FC";"2807";"ENG - League Two";"204";"2025/2026";"129";"RW";"Wide Attacker";"79.54";"16";"0";"8789.31";"110.51";"1235.31";"598.06";"54.88";"186.06";"10.94";"784.12";"65.81";"28.94";"29.9";"94.81";"7.25";"71.62";"19.0";"5.06";"0.63";"0.7";"1.56";"1.27";"1.59";"35.62";"1.93";"2.82";"9945.47";"110.51";"1397.81";"676.73";"62.09";"210.54";"12.38";"887.27";"74.47";"107.28";"8.2";"81.05";"21.5";"5.73";"1.77";"40.31"
"Matthew Dennis";"M. Dennis";"176495";"2002-04-15";"Notts County FC";"1563";"ENG - League Two";"204";"2025/2026";"129";"CF";"Center Forward";"87.46";"12";"0";"9384.25";"107.3";"1216.17";"616.0";"66.08";"275.33";"16.17";"891.33";"82.25";"30.58";"32.42";"98.5";"9.58";"76.33";"19.08";"7.17";"0.64";"0.7";"3.42";"1.16";"1.27";"37.42";"1.93";"2.8";"9656.97";"107.3";"1251.51";"633.9";"68.0";"283.33";"16.64";"917.24";"84.64";"101.36";"9.86";"78.55";"19.64";"7.37";"3.52";"38.5"
"Hector Kyprianou";"H. Kyprianou";"176498";"2001-05-27";"Watford";"64";"ENG - Championship";"31";"2025/2026";"129";"LM";"Midfield";"91.93";"9";"0";"10711.33";"116.51";"1938.56";"539.78";"48.56";"91.44";"5.67";"631.22";"54.22";"26.69";"27.5";"133.89";"6.44";"115.56";"15.56";"4.0";"0.78";"0.89";"0.78";"1.64";"null";"38.11";"2.07";"2.71";"10486.08";"116.51";"1897.79";"528.43";"47.53";"89.52";"5.55";"617.95";"53.08";"131.07";"6.31";"113.13";"15.23";"3.92";"0.76";"37.31"
"Farrend Rawson";"F. Rawson";"176501";"1996-07-11";"Accrington Stanley";"1586";"ENG - League Two";"204";"2025/2026";"129";"CB";"Central Defender";"96.67";"15";"0";"9238.8";"95.57";"919.33";"282.33";"26.53";"65.8";"3.13";"348.13";"29.67";"28.61";"30.12";"95.0";"3.53";"69.6";"8.0";"1.73";"0.68";"0.88";"0.6";"1.38";"null";"14.4";"2.36";"3.05";"8601.44";"95.57";"855.91";"262.86";"24.7";"61.26";"2.92";"324.12";"27.62";"88.45";"3.29";"64.8";"7.45";"1.61";"0.56";"13.41"
"Mohamed Amine Sbaï";"A. Sbaï";"176527";"2000-11-05";"Angers SCO";"98";"FRA - Ligue 1";"3";"2025/2026";"129";"LW";"Wide Attacker";"78.05";"11";"0";"9426.55";"120.77";"1453.64";"669.09";"62.27";"192.0";"11.36";"861.09";"73.64";"28.43";"29.08";"97.18";"6.73";"81.27";"16.73";"5.18";"0.66";"0.7";"2.09";"1.33";"1.33";"47.27";"1.9";"2.8";"10869.6";"120.77";"1676.17";"771.52";"71.81";"221.39";"13.1";"992.91";"84.91";"112.06";"7.76";"93.71";"19.29";"5.98";"2.41";"54.51"
"Keanu Baccus";"K. Baccus";"176844";"1998-06-07";"St. Mirren";"249";"SCO - Premiership";"18";"2025/2026";"129";"DM";"Midfield";"93.69";"9";"0";"11383.44";"121.51";"1967.89";"574.33";"46.89";"109.67";"5.89";"684.0";"52.78";"26.33";"26.96";"98.56";"4.67";"83.56";"10.89";"2.78";"0.68";"0.88";"0.56";"1.69";"null";"47.22";"2.05";"2.66";"10935.67";"121.51";"1890.48";"551.74";"45.04";"105.35";"5.66";"657.09";"50.7";"94.68";"4.48";"80.27";"10.46";"2.67";"0.53";"45.36"
"Danilo Filipe De Melo Veiga";"Danilo Veiga";"178586";"2002-09-25";"Lecce";"147";"ITA - Serie A";"5";"2025/2026";"129";"RB";"Full Back";"95.17";"19";"0";"10214.89";"107.33";"1307.32";"619.95";"59.0";"197.68";"12.47";"817.63";"71.47";"28.91";"30.56";"120.53";"6.68";"96.32";"20.47";"4.68";"0.6";"0.67";"1.11";"1.43";"1.57";"38.63";"1.88";"2.58";"9659.88";"107.33";"1236.28";"586.26";"55.79";"186.94";"11.8";"773.21";"67.59";"113.98";"6.32";"91.08";"19.36";"4.43";"1.05";"36.53"
"Nicky Cadden";"N. Cadden";"179762";"1996-09-19";"Hibernian";"245";"SCO - Premiership";"18";"2025/2026";"129";"LWB";"Full Back";"92.58";"8";"0";"10171.5";"109.87";"1560.12";"629.12";"53.62";"221.5";"10.25";"850.62";"63.88";"29.14";"29.72";"111.0";"8.38";"93.5";"16.88";"6.0";"0.71";"0.72";"1.75";"1.4";"1.52";"27.12";"2.35";"3.04";"9887.91";"109.87";"1516.63";"611.58";"52.13";"215.32";"9.96";"826.91";"62.09";"107.91";"8.14";"90.89";"16.4";"5.83";"1.7";"26.37"
"Paudie O'Connor";"P. O'Connor";"179764";"1997-07-14";"Reading";"59";"ENG - League One";"101";"2025/2026";"129";"RCB";"Central Defender";"99.45";"13";"0";"10424.69";"104.82";"1336.92";"335.38";"31.77";"62.85";"3.54";"398.23";"35.31";"27.08";"27.96";"115.15";"4.46";"89.46";"9.0";"2.23";"0.79";"0.93";"0.0";"null";"null";"19.0";"2.18";"2.9";"9434.23";"104.82";"1209.9";"303.52";"28.75";"56.88";"3.2";"360.39";"31.95";"104.21";"4.04";"80.96";"8.14";"2.02";"0.0";"17.19"
"Kévin Keben Biakolo";"K. Keben";"179773";"2004-01-26";"Watford";"64";"ENG - Championship";"31";"2025/2026";"129";"RCB";"Central Defender";"99.22";"11";"0";"10147.09";"102.26";"1255.64";"420.45";"41.0";"137.36";"7.27";"557.82";"48.27";"29.19";"30.3";"113.64";"6.09";"86.18";"13.27";"3.91";"0.71";"0.71";"1.18";"1.43";"1.43";"24.45";"2.02";"2.71";"9203.78";"102.26";"1138.91";"381.37";"37.19";"124.59";"6.6";"505.96";"43.79";"103.07";"5.52";"78.17";"12.04";"3.55";"1.07";"22.18"
"Quilindschy Hartman";"Q. Hartman";"180028";"2001-11-14";"Burnley";"53";"ENG - Premier League";"1";"2025/2026";"129";"LB";"Full Back";"99.74";"9";"0";"10364.0";"103.92";"1381.22";"634.56";"61.56";"232.11";"12.89";"866.67";"74.44";"29.38";"30.68";"115.89";"7.89";"96.78";"20.22";"5.33";"0.67";"0.67";"2.0";"1.36";"1.36";"29.44";"1.94";"2.7";"9352.37";"103.92";"1246.4";"572.62";"55.55";"209.45";"11.63";"782.07";"67.18";"104.58";"7.12";"87.33";"18.25";"4.81";"1.8";"26.57"
"Lewis Miller";"L. Miller";"180058";"2000-08-24";"Blackburn Rovers";"42";"ENG - Championship";"31";"2025/2026";"129";"RCB";"Central Defender";"98.47";"18";"0";"10275.83";"104.36";"1360.33";"475.61";"49.83";"176.06";"10.28";"651.67";"60.11";"29.67";"31.38";"114.22";"6.61";"86.89";"14.72";"4.72";"0.63";"0.64";"1.5";"1.36";"1.83";"31.28";"2.02";"2.83";"9392.18";"104.36";"1243.35";"434.71";"45.55";"160.92";"9.39";"595.63";"54.94";"104.4";"6.04";"79.42";"13.46";"4.32";"1.37";"28.59"
"Archie Collins";"A. Collins";"180313";"1999-08-31";"Peterborough United";"1869";"ENG - League One";"101";"2025/2026";"129";"DM";"Midfield";"96.91";"9";"0";"11217.89";"115.75";"2121.56";"560.89";"47.67";"80.67";"5.22";"641.56";"52.89";"26.48";"27.2";"122.11";"4.22";"108.89";"10.44";"2.44";"0.75";"0.79";"0.22";"null";"null";"24.67";"2.21";"2.97";"10417.9";"115.75";"1970.26";"520.89";"44.27";"74.91";"4.85";"595.8";"49.12";"113.4";"3.92";"101.12";"9.7";"2.27";"0.21";"22.91"
"Archie Collins";"A. Collins";"180313";"1999-08-31";"Peterborough United";"1869";"ENG - League One";"101";"2025/2026";"129";"RDM";"Midfield";"98.27";"14";"0";"10984.0";"111.78";"1795.86";"509.29";"46.21";"99.29";"6.29";"608.57";"52.5";"27.24";"28.62";"128.79";"6.0";"112.64";"10.57";"3.43";"0.58";"0.61";"0.86";"1.38";"1.54";"21.29";"2.12";"2.67";"10059.85";"111.78";"1644.76";"466.44";"42.33";"90.93";"5.76";"557.37";"48.08";"117.95";"5.5";"103.17";"9.68";"3.14";"0.79";"19.49"
"Alex Hartridge";"A. Hartridge";"180314";"1999-03-09";"Burton Albion";"1874";"ENG - League One";"101";"2025/2026";"129";"LCB";"Central Defender";"99.61";"21";"0";"10534.95";"105.77";"1446.05";"513.86";"46.95";"130.9";"7.81";"644.76";"54.76";"28.51";"30.02";"119.81";"6.76";"82.0";"13.38";"4.76";"0.64";"0.71";"1.38";"1.2";"1.26";"25.1";"1.91";"2.84";"9518.85";"105.77";"1306.58";"464.3";"42.42";"118.28";"7.06";"582.57";"49.48";"108.25";"6.11";"74.09";"12.09";"4.3";"1.25";"22.67"
"Josh Key";"J. Key";"180317";"1999-11-19";"Swansea City";"55";"ENG - Championship";"31";"2025/2026";"129";"RB";"Full Back";"95.22";"14";"0";"11129.43";"116.88";"1724.29";"689.36";"70.29";"290.0";"15.5";"979.36";"85.79";"29.5";"30.72";"129.86";"7.93";"102.29";"20.29";"5.29";"0.62";"0.71";"1.86";"1.3";"1.45";"42.0";"1.8";"2.72";"10519.28";"116.88";"1629.76";"651.56";"66.43";"274.1";"14.65";"925.67";"81.08";"122.74";"7.49";"96.68";"19.17";"5.0";"1.76";"39.7"
"Jack Sparkes";"J. Sparkes";"180318";"2000-09-29";"Bristol Rovers FC";"2540";"ENG - League Two";"204";"2025/2026";"129";"LB";"Full Back";"97.99";"14";"0";"10045.07";"102.51";"1338.36";"509.21";"46.5";"161.21";"7.79";"670.43";"54.29";"28.69";"30.38";"106.0";"6.5";"83.57";"14.29";"2.79";"0.61";"0.87";"0.79";"1.35";"null";"24.36";"2.07";"2.64";"9225.63";"102.51";"1229.18";"467.67";"42.71";"148.06";"7.15";"615.74";"49.86";"97.35";"5.97";"76.75";"13.12";"2.56";"0.72";"22.37"
"Jack Sparkes";"J. Sparkes";"180318";"2000-09-29";"Bristol Rovers FC";"2540";"ENG - League Two";"204";"2025/2026";"129";"LWB";"Full Back";"101.0";"12";"0";"10687.42";"105.82";"1457.08";"604.33";"51.33";"181.17";"8.25";"785.5";"59.58";"28.53";"29.54";"109.17";"6.75";"87.5";"15.08";"4.83";"0.61";"0.61";"1.25";"1.78";"null";"25.25";"2.08";"2.65";"9523.83";"105.82";"1298.44";"538.54";"45.74";"161.44";"7.35";"699.98";"53.1";"97.28";"6.02";"77.97";"13.44";"4.31";"1.11";"22.5"
"Pierce Sweeney";"P. Sweeney";"180319";"1994-09-11";"Exeter City FC";"2542";"ENG - League One";"101";"2025/2026";"129";"RCB";"Central Defender";"92.25";"17";"0";"9613.18";"104.21";"1185.94";"351.53";"30.53";"79.12";"3.71";"430.65";"34.24";"27.74";"29.3";"96.59";"2.82";"77.71";"8.71";"1.88";"0.81";"0.87";"0.41";"1.49";"1.74";"13.24";"2.18";"2.99";"9379.11";"104.21";"1157.06";"342.97";"29.79";"77.19";"3.62";"420.16";"33.4";"94.24";"2.75";"75.81";"8.49";"1.84";"0.4";"12.91"
"Jake Caprice";"J. Caprice";"180322";"1992-11-11";"Oldham Athletic AFC";"3952";"ENG - League Two";"204";"2025/2026";"129";"RB";"Full Back";"97.2";"9";"0";"10120.78";"104.12";"1338.11";"694.11";"69.44";"326.67";"16.78";"1020.78";"86.22";"30.56";"31.36";"109.89";"8.56";"91.56";"19.56";"6.44";"0.63";"0.71";"2.22";"1.23";"null";"26.0";"2.07";"2.98";"9370.73";"104.12";"1238.94";"642.67";"64.3";"302.46";"15.53";"945.13";"79.83";"101.75";"7.92";"84.77";"18.11";"5.97";"2.06";"24.07"
"Bert Esselink";"B. Esselink";"180742";"1999-08-16";"Dundee United";"251";"SCO - Premiership";"18";"2025/2026";"129";"CB";"Central Defender";"96.39";"13";"0";"9534.69";"98.92";"1046.0";"323.46";"30.77";"85.77";"4.77";"409.23";"35.54";"27.95";"29.64";"103.23";"4.62";"78.92";"9.38";"2.38";"0.7";"0.81";"0.15";"null";"null";"20.15";"2.24";"null";"8902.75";"98.92";"976.67";"302.02";"28.73";"80.08";"4.45";"382.11";"33.18";"96.39";"4.31";"73.69";"8.76";"2.23";"0.14";"18.82"
"Robin Fellhauer";"R. Fellhauer";"181126";"1998-01-21";"FC Augsburg";"123";"GER - Bundesliga";"6";"2025/2026";"129";"RWB";"Full Back";"98.0";"10";"0";"11754.8";"119.94";"1704.6";"791.9";"76.7";"357.4";"18.0";"1149.3";"94.7";"30.09";"30.7";"123.7";"7.2";"102.7";"23.2";"5.2";"0.7";"0.71";"2.3";"1.41";"1.41";"48.3";"2.0";"2.83";"10795.04";"119.94";"1565.42";"727.24";"70.44";"328.22";"16.53";"1055.46";"86.97";"113.6";"6.61";"94.31";"21.31";"4.78";"2.11";"44.36"
"Jorge Herrando Oroz";"Jorge Herrando";"182779";"2001-02-28";"CA Osasuna";"259";"ESP - LaLiga";"4";"2025/2026";"129";"LCB";"Central Defender";"90.36";"9";"0";"9406.56";"104.11";"1069.22";"319.44";"33.78";"86.67";"5.44";"406.11";"39.22";"28.93";"29.36";"95.33";"5.56";"78.44";"11.33";"4.67";"0.66";"0.69";"0.89";"1.31";"null";"29.11";"2.09";"2.89";"9369.54";"104.11";"1065.01";"318.19";"33.64";"86.33";"5.42";"404.51";"39.07";"94.96";"5.53";"78.14";"11.29";"4.65";"0.89";"29.0"
"Pablo  Ibáñez Lumbreras";"Pablo Ibáñez";"182780";"1998-09-20";"Deportivo Alavés";"313";"ESP - LaLiga";"4";"2025/2026";"129";"RM";"Midfield";"78.48";"10";"0";"9859.0";"125.62";"1831.1";"684.4";"59.9";"141.3";"8.2";"825.7";"68.1";"27.74";"28.62";"107.5";"4.0";"90.8";"14.2";"2.7";"0.74";"0.81";"0.6";"1.63";"null";"43.8";"1.95";"2.91";"11305.71";"125.62";"2099.8";"784.83";"68.69";"162.03";"9.4";"946.86";"78.09";"123.27";"4.59";"104.12";"16.28";"3.1";"0.69";"50.23"
"Sam Finley";"S. Finley";"183128";"1992-08-04";"Tranmere Rovers FC";"2822";"ENG - League Two";"204";"2025/2026";"129";"RM";"Midfield";"89.69";"10";"0";"9448.6";"105.35";"1177.2";"406.8";"35.0";"70.1";"4.0";"476.9";"39.0";"28.43";"29.58";"97.0";"4.4";"74.1";"9.5";"2.3";"0.74";"0.76";"0.7";"1.57";"null";"21.9";"1.99";"2.97";"9481.61";"105.35";"1181.31";"408.22";"35.12";"70.34";"4.01";"478.57";"39.14";"97.34";"4.42";"74.36";"9.53";"2.31";"0.7";"21.98"
"James Connolly";"J. Connolly";"183131";"2001-11-02";"Crewe Alexandra FC";"1726";"ENG - League Two";"204";"2025/2026";"129";"RCB";"Central Defender";"98.03";"23";"0";"10185.65";"103.9";"1268.22";"373.04";"32.61";"70.78";"4.17";"443.83";"36.78";"27.99";"29.32";"105.26";"4.83";"76.22";"9.48";"2.43";"0.63";"0.84";"0.48";"1.37";"null";"19.91";"1.97";"2.89";"9350.85";"103.9";"1164.28";"342.47";"29.94";"64.98";"3.83";"407.45";"33.77";"96.63";"4.43";"69.97";"8.7";"2.24";"0.44";"18.28"
"Luca Hoole";"L. Hoole";"183132";"2002-06-02";"Shrewsbury Town";"882";"ENG - League Two";"204";"2025/2026";"129";"RCB";"Central Defender";"100.0";"12";"0";"10557.42";"105.58";"1253.08";"441.58";"42.25";"136.42";"7.42";"578.0";"49.67";"29.91";"31.58";"119.25";"6.75";"80.92";"13.5";"5.17";"0.65";"0.8";"1.75";"1.43";"1.54";"28.25";"1.91";"2.72";"9501.81";"105.58";"1127.79";"397.43";"38.03";"122.78";"6.68";"520.21";"44.7";"107.33";"6.08";"72.83";"12.15";"4.65";"1.58";"25.43"
"Alfie Kilgour";"A. Kilgour";"183133";"1998-05-18";"Bristol Rovers FC";"2540";"ENG - League Two";"204";"2025/2026";"129";"LCB";"Central Defender";"100.28";"12";"0";"10252.42";"102.24";"1176.08";"449.5";"43.25";"126.0";"8.0";"575.5";"51.25";"28.52";"29.64";"104.17";"5.0";"76.42";"10.08";"3.5";"0.73";"0.82";"0.75";"1.52";"null";"23.42";"2.17";"2.67";"9201.36";"102.24";"1055.51";"403.42";"38.82";"113.08";"7.18";"516.5";"46.0";"93.49";"4.49";"68.58";"9.05";"3.14";"0.67";"21.02"
"Ryan Loft";"R. Loft";"183134";"1997-09-14";"Crawley Town FC";"2635";"ENG - League Two";"204";"2025/2026";"129";"CF";"Center Forward";"99.06";"10";"0";"10725.1";"108.27";"1395.8";"592.2";"60.3";"225.6";"13.4";"817.8";"73.7";"30.87";"32.22";"109.5";"12.2";"85.3";"16.3";"8.6";"0.59";"0.63";"4.7";"1.22";"1.35";"34.1";"1.97";"3.07";"9743.86";"108.27";"1268.1";"538.02";"54.78";"204.96";"12.17";"742.98";"66.96";"99.48";"11.08";"77.5";"14.81";"7.81";"4.27";"30.98"
"James Abankwah";"J. Abankwah";"183170";"2004-01-16";"Watford";"64";"ENG - Championship";"31";"2025/2026";"129";"LCB";"Central Defender";"93.94";"9";"0";"9450.44";"100.6";"1161.89";"411.78";"42.89";"187.78";"8.89";"599.56";"51.78";"30.88";"31.78";"104.78";"6.11";"81.89";"13.11";"3.89";"0.67";"0.67";"1.56";"1.22";"1.31";"24.33";"2.07";"2.97";"9054.36";"100.6";"1113.19";"394.52";"41.09";"179.91";"8.52";"574.43";"49.61";"100.39";"5.85";"78.46";"12.56";"3.73";"1.49";"23.31"
"Tom Conlon";"T. Conlon";"183532";"1996-02-03";"Oldham Athletic AFC";"3952";"ENG - League Two";"204";"2025/2026";"129";"LM";"Midfield";"100.77";"8";"0";"11597.88";"115.09";"1754.75";"466.38";"39.12";"63.25";"2.62";"529.62";"41.75";"26.79";"28.28";"104.62";"3.88";"90.62";"10.5";"2.88";"0.84";"0.95";"0.75";"null";"null";"34.88";"2.12";"2.81";"10358.46";"115.09";"1567.23";"416.54";"34.94";"56.49";"2.34";"473.03";"37.29";"93.44";"3.46";"80.94";"9.38";"2.57";"0.67";"31.15"
"Connor Hall";"C. Hall";"183534";"1993-05-23";"Port Vale FC";"2543";"ENG - League One";"101";"2025/2026";"129";"LCB";"Central Defender";"99.42";"21";"0";"10712.52";"107.75";"1385.48";"416.86";"37.67";"111.62";"6.43";"528.48";"44.1";"27.68";"29.26";"115.48";"5.43";"87.67";"10.29";"3.19";"0.66";"0.76";"1.24";"1.41";"2.11";"20.95";"2.21";"2.81";"9697.61";"107.75";"1254.21";"377.36";"34.1";"101.04";"5.82";"478.41";"39.92";"104.54";"4.91";"79.36";"9.31";"2.89";"1.12";"18.97"
"Nathan Smith";"N. Smith";"183536";"1996-04-03";"Tranmere Rovers FC";"2822";"ENG - League Two";"204";"2025/2026";"129";"CB";"Central Defender";"100.1";"17";"0";"9880.53";"98.71";"1079.41";"332.76";"30.94";"63.53";"3.59";"396.29";"34.53";"27.74";"29.82";"106.65";"3.76";"77.88";"7.12";"2.06";"0.69";"0.76";"0.18";"1.48";"null";"17.47";"2.24";"2.88";"8883.59";"98.71";"970.5";"299.19";"27.82";"57.12";"3.23";"356.31";"31.05";"95.89";"3.38";"70.02";"6.4";"1.85";"0.16";"15.71"
"Thomas George Pett";"T. Pett";"183541";"1991-12-03";"Oldham Athletic AFC";"3952";"ENG - League Two";"204";"2025/2026";"129";"RW";"Wide Attacker";"96.07";"11";"0";"11001.18";"114.51";"1803.45";"723.82";"59.82";"176.27";"10.18";"900.09";"70.0";"27.77";"29.06";"109.45";"5.64";"90.36";"14.09";"2.91";"0.76";"0.89";"0.55";"1.56";"null";"39.55";"2.05";"2.7";"10305.8";"114.51";"1689.46";"678.07";"56.04";"165.13";"9.54";"843.2";"65.58";"102.54";"5.28";"84.65";"13.2";"2.73";"0.51";"37.05"
"Radinio Balker";"R. Balker";"183611";"1998-09-03";"Huddersfield Town";"309";"ENG - League One";"101";"2025/2026";"129";"RCB";"Central Defender";"97.94";"12";"0";"10131.75";"103.44";"1137.0";"413.08";"39.58";"111.58";"6.42";"524.67";"46.0";"28.43";"29.5";"102.58";"5.33";"79.25";"10.08";"3.5";"0.7";"0.73";"1.42";"1.36";"null";"16.58";"2.13";"2.78";"9309.95";"103.44";"1044.78";"379.58";"36.37";"102.53";"5.9";"482.11";"42.27";"94.26";"4.9";"72.82";"9.27";"3.22";"1.3";"15.24"
"Jacob Slater";"J. Slater";"183920";"2004-10-05";"Harrogate Town FC";"2818";"ENG - League Two";"204";"2025/2026";"129";"LB";"Full Back";"98.13";"11";"0";"11475.91";"116.95";"1720.09";"862.73";"83.45";"276.09";"17.18";"1138.82";"100.64";"29.65";"30.58";"142.91";"12.82";"112.09";"24.91";"9.09";"0.6";"0.64";"2.82";"1.39";"1.66";"44.18";"2.03";"2.64";"10525.11";"116.95";"1577.58";"791.25";"76.54";"253.22";"15.76";"1044.46";"92.3";"131.07";"11.76";"102.8";"22.85";"8.34";"2.58";"40.52"
"Edouard Blaise Etta Eyong Karl";"E. Eyong";"183943";"2003-10-14";"Levante UD";"281";"ESP - LaLiga";"4";"2025/2026";"129";"CF";"Center Forward";"85.81";"15";"0";"9207.53";"107.3";"1166.87";"558.53";"61.47";"271.07";"15.27";"829.6";"76.73";"30.33";"31.38";"103.4";"11.4";"79.33";"22.27";"8.67";"0.6";"0.61";"3.27";"1.14";"1.27";"40.2";"1.69";"2.69";"9656.88";"107.3";"1223.81";"585.79";"64.47";"284.3";"16.01";"870.09";"80.48";"108.45";"11.96";"83.2";"23.35";"9.09";"3.43";"42.16"
"Finn Azaz";"F. Azaz";"185351";"2000-09-07";"Southampton";"58";"ENG - Championship";"31";"2025/2026";"129";"AM";"Midfield";"82.25";"17";"0";"9728.41";"118.27";"1555.59";"622.76";"58.06";"191.12";"10.12";"813.88";"68.18";"28.31";"30.08";"104.88";"5.88";"85.65";"15.24";"4.24";"0.66";"0.69";"1.41";"1.28";"1.46";"40.35";"1.9";"2.69";"10644.44";"118.27";"1702.06";"681.4";"63.53";"209.11";"11.07";"890.52";"74.6";"114.76";"6.44";"93.71";"16.67";"4.63";"1.54";"44.15"
"Matteo Prati";"M. Prati";"185380";"2003-12-28";"Cagliari";"132";"ITA - Serie A";"5";"2025/2026";"129";"DM";"Midfield";"83.2";"11";"0";"10304.73";"123.86";"1902.27";"452.45";"38.91";"60.91";"3.45";"513.36";"42.36";"26.35";"27.96";"104.45";"3.55";"85.27";"11.82";"1.73";"0.72";"0.77";"0.55";"1.28";"1.64";"40.82";"2.02";"2.69";"11147.55";"123.86";"2057.86";"489.46";"42.09";"65.89";"3.74";"555.35";"45.83";"113.0";"3.84";"92.25";"12.78";"1.87";"0.59";"44.16"
"Charles Vernam";"C. Vernam";"186039";"1996-10-08";"Grimsby Town FC";"2807";"ENG - League Two";"204";"2025/2026";"129";"LW";"Wide Attacker";"85.76";"26";"0";"9310.62";"108.57";"1258.35";"547.58";"50.12";"174.42";"9.38";"722.0";"59.5";"29.47";"31.46";"87.69";"5.04";"66.5";"12.88";"3.31";"0.58";"0.6";"0.69";"1.12";"1.42";"32.58";"1.91";"2.7";"9771.2";"108.57";"1320.59";"574.66";"52.59";"183.05";"9.85";"757.72";"62.44";"92.03";"5.29";"69.79";"13.52";"3.47";"0.73";"34.19"
"Baily Cargill";"B. Cargill";"186041";"1995-07-05";"Mansfield Town FC";"2819";"ENG - League One";"101";"2025/2026";"129";"LCB";"Central Defender";"95.19";"12";"0";"10009.83";"105.16";"1145.33";"387.33";"35.0";"86.25";"5.08";"473.58";"40.08";"28.2";"29.56";"108.17";"4.0";"83.33";"11.08";"2.33";"0.7";"0.78";"0.75";"1.63";"null";"21.0";"2.19";"2.81";"9464.46";"105.16";"1082.93";"366.23";"33.09";"81.55";"4.81";"447.78";"37.9";"102.27";"3.78";"78.79";"10.48";"2.21";"0.71";"19.86"
"Ben Stevenson";"B. Stevenson";"186042";"1997-03-23";"Cheltenham Town";"1870";"ENG - League Two";"204";"2025/2026";"129";"DM";"Midfield";"97.63";"13";"0";"10545.77";"108.01";"1491.0";"356.92";"29.38";"22.23";"1.62";"379.15";"31.0";"25.85";"27.24";"116.31";"4.85";"97.85";"10.46";"3.23";"0.59";"0.75";"0.38";"1.59";"null";"22.77";"1.97";"2.91";"9721.26";"108.01";"1374.43";"329.02";"27.09";"20.49";"1.49";"349.51";"28.58";"107.21";"4.47";"90.2";"9.64";"2.98";"0.35";"20.99"
"Josh March";"J. March";"186044";"1997-03-18";"Crewe Alexandra FC";"1726";"ENG - League Two";"204";"2025/2026";"129";"CF";"Center Forward";"89.68";"17";"0";"10132.29";"112.98";"1529.94";"749.65";"68.71";"220.12";"14.41";"969.76";"83.12";"29.18";"30.76";"106.06";"10.18";"85.76";"17.65";"7.47";"0.64";"0.87";"1.24";"1.44";"null";"42.47";"1.94";"2.65";"10168.4";"112.98";"1535.39";"752.32";"68.95";"220.9";"14.46";"973.22";"83.41";"106.44";"10.21";"86.07";"17.71";"7.5";"1.24";"42.62"
"Udoka Godwin-Malife";"U. Godwin-Malife";"186050";"2000-05-09";"Burton Albion";"1874";"ENG - League One";"101";"2025/2026";"129";"RCB";"Central Defender";"98.46";"18";"0";"10259.78";"104.2";"1202.44";"515.89";"50.72";"193.78";"10.83";"709.67";"61.56";"30.0";"31.2";"121.39";"7.56";"88.94";"12.22";"5.22";"0.59";"0.7";"1.72";"1.15";"1.49";"25.39";"2.05";"3.05";"9377.85";"104.2";"1099.08";"471.54";"46.36";"177.12";"9.9";"648.66";"56.26";"110.95";"6.91";"81.3";"11.17";"4.77";"1.57";"23.21"
"Carlos Romero Serrano";"Carlos Romero";"186070";"2001-10-29";"RCD Espanyol";"271";"ESP - LaLiga";"4";"2025/2026";"129";"LB";"Full Back";"97.22";"21";"0";"10383.19";"106.8";"1350.67";"644.24";"63.86";"268.0";"14.0";"912.24";"77.86";"29.51";"31.3";"114.43";"7.67";"90.95";"22.76";"5.9";"0.61";"0.65";"2.05";"1.21";"1.44";"39.29";"1.9";"2.62";"9612.02";"106.8";"1250.35";"596.39";"59.11";"248.1";"12.96";"844.49";"72.07";"105.93";"7.1";"84.2";"21.07";"5.47";"1.9";"36.37"
"Doug Tharme";"D. Tharme";"187445";"1999-08-17";"Grimsby Town FC";"2807";"ENG - League Two";"204";"2025/2026";"129";"RCB";"Central Defender";"100.93";"9";"0";"10151.22";"100.58";"1241.78";"357.67";"33.44";"67.44";"4.44";"425.11";"37.89";"28.29";"29.52";"110.33";"4.22";"79.56";"9.22";"2.56";"0.69";"0.76";"0.67";"1.6";"null";"19.44";"2.33";"3.02";"9051.78";"100.58";"1107.29";"318.93";"29.82";"60.14";"3.96";"379.07";"33.79";"98.38";"3.76";"70.94";"8.22";"2.28";"0.59";"17.34"
"Marc Aguado Pallarés";"Marc Aguado";"187460";"2000-02-22";"Elche CF";"286";"ESP - LaLiga";"4";"2025/2026";"129";"DM";"Midfield";"83.58";"12";"0";"9709.08";"116.16";"1417.08";"476.17";"43.25";"127.17";"6.67";"603.33";"49.92";"27.75";"29.1";"93.33";"3.58";"81.08";"11.5";"2.42";"0.82";"0.82";"0.75";"1.56";"1.6";"37.42";"2.18";"2.69";"10454.27";"116.16";"1525.85";"512.71";"46.57";"136.93";"7.18";"649.64";"53.75";"100.5";"3.86";"87.31";"12.38";"2.6";"0.81";"40.29"
"Abel Bretones Cruz";"Abel Bretones";"188234";"2000-08-21";"CA Osasuna";"259";"ESP - LaLiga";"4";"2025/2026";"129";"LWB";"Full Back";"96.38";"10";"0";"10432.1";"108.24";"1490.3";"665.0";"65.0";"261.9";"14.3";"926.9";"79.3";"29.94";"30.8";"129.6";"11.4";"109.9";"24.6";"8.7";"0.57";"0.65";"3.5";"1.13";"1.23";"38.4";"2.09";"2.65";"9741.87";"108.24";"1391.7";"621.0";"60.7";"244.57";"13.35";"865.57";"74.05";"121.03";"10.65";"102.63";"22.97";"8.12";"3.27";"35.86"
"Divin Mubama";"D. Mubama";"199000";"2004-10-25";"Stoke City";"46";"ENG - Championship";"31";"2025/2026";"129";"CF";"Center Forward";"89.55";"16";"0";"9322.62";"104.1";"1256.06";"671.12";"68.19";"220.19";"14.38";"891.31";"82.56";"28.87";"30.4";"100.44";"13.81";"80.69";"22.44";"9.81";"0.58";"0.6";"1.88";"1.24";"1.31";"45.44";"1.83";"2.8";"9369.36";"104.1";"1262.36";"674.49";"68.53";"221.29";"14.45";"895.78";"82.98";"100.94";"13.88";"81.09";"22.55";"9.86";"1.88";"45.67"
"Nick Tsaroulla";"N. Tsaroulla";"199535";"1999-03-29";"Notts County FC";"1563";"ENG - League Two";"204";"2025/2026";"129";"RWB";"Full Back";"83.34";"20";"0";"9230.8";"110.75";"1241.5";"502.5";"44.05";"130.35";"7.4";"632.85";"51.45";"28.15";"29.52";"103.2";"6.5";"84.25";"16.0";"4.45";"0.55";"0.57";"1.5";"1.35";"1.45";"26.1";"2.01";"2.82";"9967.87";"110.75";"1340.63";"542.62";"47.57";"140.76";"7.99";"683.38";"55.56";"111.44";"7.02";"90.98";"17.28";"4.81";"1.62";"28.18"
"Tom Nichols";"T. Nichols";"199536";"1993-08-28";"Swindon Town";"1587";"ENG - League Two";"204";"2025/2026";"129";"RM";"Midfield";"83.18";"12";"0";"9996.75";"120.18";"1655.25";"546.67";"43.5";"86.58";"5.33";"633.25";"48.83";"26.84";"28.24";"93.0";"3.75";"77.42";"9.42";"2.25";"0.78";"null";"1.08";"1.56";"null";"38.75";"2.0";"2.79";"10816.5";"120.18";"1790.98";"591.49";"47.07";"93.68";"5.77";"685.18";"52.84";"100.63";"4.06";"83.76";"10.19";"2.43";"1.17";"41.93"
"Ollie O'Neill";"O. O'Neill";"199553";"2003-01-08";"Leyton Orient FC";"2821";"ENG - League One";"101";"2025/2026";"129";"LW";"Wide Attacker";"87.33";"8";"0";"10005.88";"114.58";"1540.62";"595.38";"58.12";"192.38";"11.5";"787.75";"69.62";"29.25";"30.1";"108.75";"8.0";"88.0";"16.0";"6.0";"0.65";"0.67";"1.62";"1.39";"null";"37.75";"2.13";"2.81";"10311.89";"114.58";"1587.74";"613.58";"59.9";"198.26";"11.85";"811.84";"71.75";"112.08";"8.24";"90.69";"16.49";"6.18";"1.67";"38.9"
"Ephron Mason-Clark";"E. Mason-Clark";"203610";"1999-08-25";"Coventry City Football Club";"1545";"ENG - Championship";"31";"2025/2026";"129";"LW";"Wide Attacker";"88.06";"16";"0";"8930.0";"101.4";"1286.62";"622.19";"59.38";"191.19";"11.56";"813.38";"70.94";"28.71";"29.98";"105.75";"8.5";"81.62";"23.38";"5.94";"0.65";"0.75";"1.56";"1.39";"1.45";"35.44";"2.08";"2.58";"9126.36";"101.4";"1314.92";"635.87";"60.68";"195.39";"11.82";"831.26";"72.5";"108.08";"8.69";"83.42";"23.89";"6.07";"1.6";"36.22"
"Henrik Wendel Meister";"H. Meister";"206022";"2003-11-13";"Pisa Sporting Club";"1453";"ITA - Serie A";"5";"2025/2026";"129";"CF";"Center Forward";"91.41";"11";"0";"9611.64";"105.14";"1197.0";"623.91";"67.64";"274.0";"17.0";"897.91";"84.64";"29.99";"30.82";"106.0";"10.73";"85.0";"19.36";"8.91";"0.62";"0.65";"3.45";"1.25";"1.31";"47.64";"1.85";"2.8";"9463.0";"105.14";"1178.49";"614.26";"66.59";"269.76";"16.74";"884.02";"83.33";"104.36";"10.56";"83.69";"19.06";"8.77";"3.4";"46.9"
"Yankuba Minteh";"Y. Minteh";"206383";"2004-07-22";"Brighton and Hove Albion";"308";"ENG - Premier League";"1";"2025/2026";"129";"RW";"Wide Attacker";"89.92";"16";"0";"9639.5";"107.2";"1251.88";"634.19";"76.5";"441.56";"21.25";"1075.75";"97.75";"32.48";"33.66";"99.69";"8.81";"79.31";"20.31";"7.5";"0.57";"0.66";"3.44";"1.19";"1.28";"42.62";"1.85";"2.65";"9648.1";"107.2";"1252.99";"634.75";"76.57";"441.96";"21.27";"1076.71";"97.84";"99.78";"8.82";"79.38";"20.33";"7.51";"3.44";"42.66"
"Matty Jacob";"M. Jacob";"211583";"2001-06-03";"Reading";"59";"ENG - League One";"101";"2025/2026";"129";"LB";"Full Back";"99.86";"10";"0";"11074.5";"110.91";"1615.6";"684.3";"61.7";"201.6";"10.8";"885.9";"72.5";"28.72";"29.18";"122.9";"5.8";"101.8";"14.3";"3.8";"0.76";"0.83";"1.0";"1.7";"2.06";"38.0";"1.94";"2.74";"9981.52";"110.91";"1456.15";"616.76";"55.61";"181.7";"9.73";"798.47";"65.34";"110.77";"5.23";"91.75";"12.89";"3.42";"0.9";"34.25"
"Samson Baidoo";"S. Baidoo";"228654";"2004-03-31";"RC Lens";"85";"FRA - Ligue 1";"3";"2025/2026";"129";"CB";"Central Defender";"97.35";"14";"0";"10266.57";"105.47";"1317.43";"417.29";"42.0";"173.29";"9.0";"590.57";"51.0";"30.09";"31.32";"105.86";"4.29";"85.43";"11.36";"3.36";"0.72";"0.73";"1.14";"1.41";"1.52";"28.64";"2.02";"2.95";"9491.9";"105.47";"1218.02";"385.8";"38.83";"160.21";"8.32";"546.01";"47.15";"97.87";"3.96";"78.98";"10.5";"3.1";"1.06";"26.48"
"Aljoscha Kemlein";"A. Kemlein";"233306";"2004-08-02";"FC Union Berlin";"757";"GER - Bundesliga";"6";"2025/2026";"129";"LM";"Midfield";"84.16";"11";"0";"11016.27";"130.9";"2048.91";"710.18";"59.0";"125.91";"7.82";"836.09";"66.82";"27.35";"28.42";"114.45";"3.0";"96.0";"11.82";"2.0";"0.73";"0.8";"0.27";"2.04";"null";"58.36";"2.08";"2.71";"11781.26";"130.9";"2191.19";"759.5";"63.1";"134.65";"8.36";"894.15";"71.46";"122.4";"3.21";"102.67";"12.64";"2.14";"0.29";"62.42"
"Fabrizio Cavegn";"F. Cavegn";"237544";"2002-08-28";"Bristol Rovers FC";"2540";"ENG - League Two";"204";"2025/2026";"129";"CF";"Center Forward";"93.1";"19";"0";"9905.0";"106.4";"1271.0";"719.84";"82.89";"377.63";"22.0";"1097.47";"104.89";"30.71";"31.94";"106.37";"11.26";"83.0";"22.26";"9.05";"0.59";"0.59";"4.32";"1.14";"1.14";"50.53";"1.82";"2.49";"9575.64";"106.4";"1228.74";"695.91";"80.14";"365.07";"21.27";"1060.98";"101.41";"102.83";"10.89";"80.24";"21.52";"8.75";"4.17";"48.85"
"Andre Chance Brooks";"A. Brooks";"246067";"2003-08-20";"Sheffield United";"746";"ENG - Championship";"31";"2025/2026";"129";"RW";"Wide Attacker";"86.43";"12";"0";"8992.42";"104.04";"1231.75";"601.42";"62.58";"282.0";"14.67";"883.42";"77.25";"30.95";"32.22";"103.83";"8.0";"79.08";"17.08";"5.5";"0.69";"0.69";"3.25";"1.23";"1.35";"39.33";"2.01";"2.63";"9363.94";"104.04";"1282.64";"626.26";"65.17";"293.65";"15.27";"919.92";"80.44";"108.12";"8.33";"82.35";"17.79";"5.73";"3.38";"40.96"
"Yuito Suzuki";"Y. Suzuki";"254473";"2001-10-25";"SC Freiburg";"118";"GER - Bundesliga";"6";"2025/2026";"129";"AM";"Midfield";"85.19";"9";"0";"10151.22";"119.16";"1777.44";"738.78";"70.44";"268.89";"14.78";"1007.67";"85.22";"29.71";"30.84";"112.89";"6.78";"95.0";"19.56";"4.67";"0.61";"0.66";"1.33";"1.29";"1.75";"49.67";"1.95";"2.7";"10724.29";"119.16";"1877.79";"780.48";"74.42";"284.07";"15.61";"1064.55";"90.03";"119.26";"7.16";"100.36";"20.66";"4.93";"1.41";"52.47"
"Joaquín Panichelli";"J. Panichelli";"274456";"2002-10-07";"RC Strasbourg Alsace";"311";"FRA - Ligue 1";"3";"2025/2026";"129";"CF";"Center Forward";"94.71";"19";"0";"11240.89";"118.69";"1909.32";"860.95";"75.53";"225.79";"13.16";"1086.74";"88.68";"28.27";"29.32";"125.42";"9.05";"97.95";"22.47";"6.0";"0.68";"0.71";"1.42";"1.41";"1.57";"58.89";"1.9";"2.54";"10681.92";"118.69";"1814.37";"818.13";"71.77";"214.56";"12.5";"1032.7";"84.27";"119.18";"8.6";"93.08";"21.36";"5.7";"1.35";"55.97"
"Abdel Rahim Alhassane Bonkano";"R. Alhassane";"285343";"2002-01-01";"Real Oviedo";"776";"ESP - LaLiga";"4";"2025/2026";"129";"LB";"Full Back";"96.19";"14";"0";"10663.93";"110.86";"1518.07";"746.36";"79.64";"346.0";"18.36";"1092.36";"98.0";"30.19";"31.04";"124.36";"15.07";"105.21";"30.43";"12.29";"0.59";"0.59";"5.36";"1.13";"1.16";"51.57";"1.91";"2.56";"9977.64";"110.86";"1420.37";"698.32";"74.52";"323.73";"17.18";"1022.06";"91.69";"116.35";"14.1";"98.44";"28.47";"11.5";"5.01";"48.25"
"Omar Bugiel";"Omar Bugiel";"287930";"1994-01-03";"AFC Wimbledon";"1873";"ENG - League One";"101";"2025/2026";"129";"CF";"Center Forward";"85.4";"14";"0";"9617.57";"112.62";"1402.43";"437.07";"43.36";"96.5";"6.29";"533.57";"49.64";"27.62";"29.16";"90.79";"6.07";"75.07";"12.5";"4.0";"0.64";"0.79";"0.43";"1.52";"null";"33.5";"1.99";"2.86";"10135.47";"112.62";"1477.95";"460.61";"45.69";"101.7";"6.62";"562.3";"52.32";"95.67";"6.4";"79.11";"13.17";"4.22";"0.45";"35.3"
"Adam Mayor";"A. Mayor";"312430";"2005-04-10";"Cambridge United";"1871";"ENG - League Two";"204";"2025/2026";"129";"LW";"Wide Attacker";"96.31";"10";"0";"10371.1";"107.69";"1272.5";"568.2";"66.5";"319.2";"16.5";"887.4";"83.0";"31.62";"32.32";"109.4";"9.0";"81.1";"20.2";"6.5";"0.6";"0.63";"2.3";"1.09";"1.19";"45.2";"2.11";"2.63";"9691.78";"107.69";"1189.15";"530.98";"62.14";"298.29";"15.42";"829.27";"77.56";"102.23";"8.41";"75.79";"18.88";"6.07";"2.15";"42.24"
"Álvaro Daniel Rodríguez Muñoz";"Álvaro Rodríguez";"354728";"2004-07-14";"Elche CF";"286";"ESP - LaLiga";"4";"2025/2026";"129";"CF";"Center Forward";"88.51";"14";"0";"9525.14";"107.61";"1346.43";"571.36";"57.14";"213.0";"11.93";"784.36";"69.07";"29.53";"31.06";"101.36";"7.93";"81.64";"16.14";"5.64";"0.69";"0.72";"2.21";"1.31";"1.51";"42.93";"1.97";"2.68";"9685.02";"107.61";"1369.03";"580.95";"58.1";"216.58";"12.13";"797.52";"70.23";"103.06";"8.06";"83.01";"16.41";"5.74";"2.25";"43.65"
"Tristan Crama";"T. Crama";"357730";"2001-11-08";"Millwall FC";"751";"ENG - Championship";"31";"2025/2026";"129";"RB";"Full Back";"97.15";"16";"0";"10233.38";"105.33";"1305.44";"690.94";"71.56";"391.38";"18.69";"1082.31";"90.25";"30.39";"31.2";"112.38";"9.69";"87.0";"21.62";"7.25";"0.56";"0.63";"3.25";"1.23";"1.38";"32.5";"1.85";"2.64";"9479.82";"105.33";"1209.31";"640.06";"66.29";"362.56";"17.31";"1002.61";"83.6";"104.1";"8.97";"80.59";"20.03";"6.72";"3.01";"30.11"
"Tristan Crama";"T. Crama";"357730";"2001-11-08";"Millwall FC";"751";"ENG - Championship";"31";"2025/2026";"129";"RCB";"Central Defender";"100.11";"15";"0";"10135.13";"101.24";"1182.0";"446.87";"44.27";"157.4";"8.73";"604.27";"53.0";"29.58";"30.62";"104.33";"5.8";"77.87";"13.73";"4.2";"0.6";"0.6";"0.8";"1.34";"1.64";"25.73";"1.96";"2.74";"9111.39";"101.24";"1062.61";"401.73";"39.8";"141.5";"7.85";"543.23";"47.65";"93.79";"5.21";"70.0";"12.35";"3.78";"0.72";"23.13"
"Brad Hills";"B. Hills";"365055";"2004-03-10";"Stockport County FC";"2820";"ENG - League One";"101";"2025/2026";"129";"CB";"Central Defender";"97.26";"13";"0";"9731.85";"100.06";"1180.15";"403.46";"43.08";"137.38";"8.0";"540.85";"51.08";"30.32";"31.28";"107.23";"4.31";"78.38";"12.0";"2.38";"0.66";"0.77";"0.69";"1.51";"null";"21.08";"2.1";"2.92";"9005.62";"100.06";"1092.09";"373.35";"39.86";"127.13";"7.4";"500.49";"47.27";"99.23";"3.99";"72.54";"11.1";"2.21";"0.64";"19.5"
"Connor Allan";"C. Allan";"367146";"2004-01-10";"Falkirk";"240";"SCO - Premiership";"18";"2025/2026";"129";"RCB";"Central Defender";"96.69";"13";"0";"10648.92";"110.14";"1482.38";"460.15";"44.62";"126.77";"8.08";"586.92";"52.69";"28.45";"29.58";"107.77";"6.31";"83.23";"12.69";"3.69";"0.71";"0.74";"1.15";"1.34";"1.37";"31.92";"2.0";"2.63";"9912.54";"110.14";"1379.88";"428.33";"41.53";"118.0";"7.52";"546.34";"49.05";"100.32";"5.87";"77.48";"11.81";"3.44";"1.07";"29.72"
"Joe Low";"J. Low";"375334";"2002-02-20";"Huddersfield Town";"309";"ENG - League One";"101";"2025/2026";"129";"CB";"Central Defender";"92.71";"9";"0";"9466.89";"102.11";"1252.89";"416.44";"38.44";"92.78";"6.33";"509.22";"44.78";"28.24";"28.68";"112.56";"6.11";"86.78";"9.89";"3.44";"0.65";"0.77";"0.89";"1.34";"null";"17.67";"2.12";"3.14";"9189.87";"102.11";"1216.23";"404.26";"37.32";"90.06";"6.15";"494.32";"43.47";"109.26";"5.93";"84.24";"9.6";"3.34";"0.86";"17.15"
"Joe Low";"J. Low";"375334";"2002-02-20";"Huddersfield Town";"309";"ENG - League One";"101";"2025/2026";"129";"LCB";"Central Defender";"97.7";"13";"0";"9874.0";"101.06";"1315.69";"416.62";"38.77";"119.54";"6.54";"536.15";"45.31";"29.39";"31.4";"116.85";"5.38";"90.31";"11.77";"3.0";"0.67";"0.74";"0.85";"1.28";"1.42";"18.54";"2.22";"2.77";"9095.56";"101.06";"1211.97";"383.77";"35.71";"110.11";"6.02";"493.89";"41.74";"107.63";"4.96";"83.19";"10.84";"2.76";"0.78";"17.08"
"Mateo Joseph Fernández Regatillo";"Mateo Joseph";"395090";"2003-10-19";"RCD Mallorca";"258";"ESP - LaLiga";"4";"2025/2026";"129";"CF";"Center Forward";"81.02";"8";"0";"9487.75";"117.1";"1405.38";"610.12";"63.38";"221.25";"13.62";"831.38";"77.0";"29.36";"29.82";"95.38";"6.75";"75.88";"14.88";"5.25";"0.66";"0.66";"2.0";"1.26";"1.44";"44.0";"1.93";"2.73";"10539.23";"117.1";"1561.13";"677.74";"70.4";"245.77";"15.13";"923.51";"85.53";"105.94";"7.5";"84.28";"16.52";"5.83";"2.22";"48.88"
"Nathan Asiimwe";"N. Asiimwe";"414146";"2004-12-29";"AFC Wimbledon";"1873";"ENG - League One";"101";"2025/2026";"129";"RWB";"Full Back";"94.11";"18";"0";"10194.94";"108.33";"1375.61";"529.56";"50.22";"179.22";"8.44";"708.78";"58.67";"28.59";"30.64";"117.0";"6.5";"94.89";"18.28";"5.06";"0.62";"0.67";"1.61";"1.32";"1.62";"32.72";"2.2";"2.69";"9749.88";"108.33";"1315.56";"506.44";"48.03";"171.4";"8.08";"677.84";"56.11";"111.89";"6.22";"90.75";"17.48";"4.83";"1.54";"31.29"
"Aribusitamunoipirim Emmanuel Pepple";"A. Pepple";"458838";"2002-12-25";"Plymouth Argyle";"1728";"ENG - League One";"101";"2025/2026";"129";"CF";"Center Forward";"82.74";"10";"0";"8828.3";"106.7";"1162.3";"517.5";"53.8";"185.2";"10.9";"702.7";"64.7";"29.25";"30.26";"93.6";"10.7";"73.3";"17.3";"7.9";"0.62";"0.66";"2.0";"1.29";"1.32";"32.3";"1.91";"2.67";"9602.94";"106.7";"1264.29";"562.91";"58.52";"201.45";"11.86";"764.36";"70.38";"101.81";"11.64";"79.73";"18.82";"8.59";"2.18";"35.13"
"Jack Currie";"J. Currie";"460668";"2001-12-16";"Oxford United";"1588";"ENG - Championship";"31";"2025/2026";"129";"LB";"Full Back";"93.07";"16";"0";"10237.69";"110.01";"1405.94";"604.5";"62.12";"211.5";"12.81";"816.0";"74.94";"29.02";"30.16";"115.25";"7.31";"87.62";"21.5";"5.94";"0.66";"0.72";"2.44";"1.34";"1.38";"39.25";"1.88";"2.59";"9900.45";"110.01";"1359.63";"584.59";"60.08";"204.53";"12.39";"789.12";"72.47";"111.45";"7.07";"84.74";"20.79";"5.74";"2.36";"37.96"
"Evan Khouri";"E. Khouri";"460675";"2003-01-21";"Grimsby Town FC";"2807";"ENG - League Two";"204";"2025/2026";"129";"LM";"Midfield";"94.54";"16";"0";"10542.44";"111.51";"1607.81";"595.19";"50.88";"127.81";"7.0";"723.0";"57.88";"28.22";"29.54";"101.31";"3.81";"84.88";"10.12";"2.12";"0.68";"0.84";"0.62";"1.36";"2.13";"36.25";"2.0";"2.76";"10035.88";"111.51";"1530.56";"566.59";"48.43";"121.67";"6.66";"688.26";"55.09";"96.44";"3.63";"80.8";"9.64";"2.02";"0.59";"34.51"
"Harry Clifton";"H. Clifton";"460677";"1998-06-12";"Doncaster Rovers FC";"1725";"ENG - League One";"101";"2025/2026";"129";"LM";"Midfield";"80.25";"10";"0";"10152.8";"126.52";"1850.8";"775.9";"69.0";"203.7";"13.7";"979.6";"82.7";"28.39";"29.04";"118.1";"6.0";"93.7";"15.3";"4.4";"0.68";"0.74";"1.6";"1.45";"null";"45.5";"1.94";"2.77";"11386.55";"126.52";"2075.71";"870.19";"77.38";"228.45";"15.36";"1098.64";"92.75";"132.45";"6.73";"105.09";"17.16";"4.93";"1.79";"51.03"
"Kieran Green";"K. Green";"460679";"1997-06-30";"Grimsby Town FC";"2807";"ENG - League Two";"204";"2025/2026";"129";"RM";"Midfield";"93.3";"21";"0";"10909.71";"116.93";"1544.52";"636.19";"58.67";"205.43";"11.1";"841.62";"69.76";"28.8";"30.26";"99.57";"4.57";"83.76";"10.86";"2.95";"0.54";"0.76";"0.86";"1.33";"1.43";"34.57";"2.01";"2.85";"10523.48";"116.93";"1489.84";"613.67";"56.59";"198.16";"10.7";"811.82";"67.29";"96.05";"4.41";"80.8";"10.47";"2.85";"0.83";"33.35"
"Ben Whitfield";"B. Whitfield";"460685";"1996-02-28";"Barrow AFC";"2808";"ENG - League Two";"204";"2025/2026";"129";"RWB";"Full Back";"82.91";"13";"0";"9641.38";"116.29";"1454.0";"656.46";"56.38";"254.31";"11.69";"910.77";"68.08";"29.88";"31.08";"98.46";"6.08";"81.0";"13.85";"4.54";"0.58";"0.6";"2.15";"1.38";"1.45";"28.46";"2.1";"2.82";"10466.32";"116.29";"1578.41";"712.63";"61.21";"276.07";"12.69";"988.7";"73.9";"106.89";"6.6";"87.93";"15.03";"4.93";"2.34";"30.9"
"Tyrell Warren";"T. Warren";"460686";"1998-10-05";"Grimsby Town FC";"2807";"ENG - League Two";"204";"2025/2026";"129";"RCB";"Central Defender";"97.16";"13";"0";"9567.46";"98.47";"1200.15";"390.31";"37.38";"98.69";"5.38";"489.0";"42.77";"27.95";"29.8";"110.46";"5.15";"80.92";"10.38";"3.38";"0.57";"0.66";"0.69";"1.54";"1.94";"21.46";"2.15";"2.89";"8862.38";"98.47";"1111.71";"361.54";"34.63";"91.42";"4.99";"452.96";"39.62";"102.32";"4.77";"74.96";"9.62";"3.14";"0.64";"19.88"
"Josh Gordon";"J. Gordon";"460687";"1994-10-10";"Barrow AFC";"2808";"ENG - League Two";"204";"2025/2026";"129";"CF";"Center Forward";"91.75";"14";"0";"9465.5";"103.17";"1189.86";"577.64";"60.86";"248.93";"13.79";"826.57";"74.64";"30.73";"32.16";"99.07";"10.79";"77.71";"21.43";"8.07";"0.63";"0.67";"2.64";"1.11";"1.27";"35.71";"1.87";"2.74";"9285.08";"103.17";"1167.18";"566.63";"59.7";"244.18";"13.52";"810.82";"73.22";"97.18";"10.58";"76.23";"21.02";"7.92";"2.59";"35.03"
"Harrison Neal";"H. Neal";"460690";"2001-05-12";"Fleetwood Town FC";"1724";"ENG - League Two";"204";"2025/2026";"129";"DM";"Midfield";"93.8";"12";"0";"10954.17";"116.78";"1655.17";"447.17";"39.5";"52.42";"3.33";"499.58";"42.83";"26.06";"27.02";"109.67";"3.33";"94.75";"9.33";"1.33";"0.77";"0.87";"0.0";"null";"null";"31.25";"1.99";"2.87";"10510.39";"116.78";"1588.11";"429.05";"37.9";"50.29";"3.2";"479.34";"41.1";"105.22";"3.2";"90.91";"8.96";"1.28";"0.0";"29.98"
"Niall Canavan";"N. Canavan";"460692";"1991-04-11";"Barrow AFC";"2808";"ENG - League Two";"204";"2025/2026";"129";"CB";"Central Defender";"98.1";"10";"0";"9134.0";"93.11";"856.5";"276.4";"28.8";"79.1";"3.7";"355.5";"32.5";"28.27";"29.18";"98.9";"2.5";"79.2";"8.6";"1.5";"0.65";"null";"0.6";"1.47";"null";"10.2";"2.41";"null";"8379.67";"93.11";"785.77";"253.57";"26.42";"72.57";"3.39";"326.14";"29.82";"90.73";"2.29";"72.66";"7.89";"1.38";"0.55";"9.36"
"Patrick Brough";"P. Brough";"460693";"1996-02-20";"Tranmere Rovers FC";"2822";"ENG - League Two";"204";"2025/2026";"129";"LCB";"Central Defender";"99.15";"15";"0";"10388.6";"104.78";"1340.27";"491.67";"46.0";"137.93";"8.27";"629.6";"54.27";"30.23";"32.56";"120.0";"5.47";"88.2";"9.8";"2.93";"0.73";"0.78";"0.53";"1.5";"null";"20.6";"2.08";"2.83";"9429.79";"104.78";"1216.57";"446.29";"41.75";"125.2";"7.5";"571.49";"49.26";"108.92";"4.96";"80.06";"8.9";"2.66";"0.48";"18.7"
"Kieron Bowie";"K. Bowie";"460717";"2002-09-21";"Hibernian";"245";"SCO - Premiership";"18";"2025/2026";"129";"CF";"Center Forward";"85.12";"19";"0";"9536.11";"112.03";"1316.89";"542.16";"53.53";"183.0";"10.68";"725.16";"64.21";"29.05";"30.22";"91.47";"7.53";"75.79";"15.37";"4.53";"0.67";"0.7";"1.79";"1.24";"1.27";"34.11";"1.93";"2.93";"10082.9";"112.03";"1392.4";"573.24";"56.6";"193.49";"11.3";"766.74";"67.89";"96.72";"7.96";"80.14";"16.25";"4.79";"1.89";"36.06"
"Jon Mellish";"J. Mellish";"460722";"1997-09-19";"Milton Keynes Dons";"755";"ENG - League Two";"204";"2025/2026";"129";"LWB";"Full Back";"99.56";"11";"0";"11731.36";"117.84";"1768.73";"895.45";"86.27";"416.27";"22.82";"1311.73";"109.09";"30.95";"32.04";"131.18";"12.64";"100.45";"24.55";"9.64";"0.63";"0.65";"2.73";"1.31";"1.4";"47.09";"1.83";"2.63";"10605.31";"117.84";"1598.95";"809.5";"77.99";"376.32";"20.63";"1185.82";"98.62";"118.59";"11.42";"90.81";"22.19";"8.71";"2.47";"42.57"
"Josh Neufville";"J. Neufville";"460734";"2001-03-22";"Bradford City AFC";"2810";"ENG - League One";"101";"2025/2026";"129";"RWB";"Full Back";"94.93";"22";"0";"10706.27";"112.78";"1680.09";"765.27";"72.91";"331.32";"17.5";"1096.59";"90.41";"31.53";"33.46";"122.23";"13.05";"98.73";"20.32";"9.45";"0.55";"0.56";"4.14";"0.98";"1.0";"38.73";"1.93";"2.62";"10150.56";"112.78";"1592.88";"725.55";"69.12";"314.12";"16.59";"1039.67";"85.72";"115.88";"12.37";"93.6";"19.26";"8.96";"3.92";"36.72"
"Alistair Smith";"A. Smith";"460739";"1999-05-19";"AFC Wimbledon";"1873";"ENG - League One";"101";"2025/2026";"129";"RM";"Midfield";"98.02";"18";"0";"11748.5";"119.85";"2090.11";"670.67";"57.83";"115.94";"8.22";"786.61";"66.06";"27.2";"28.42";"130.67";"4.94";"112.11";"15.94";"2.17";"0.72";"0.78";"0.28";"1.59";"null";"43.0";"1.99";"2.69";"10786.79";"119.85";"1919.02";"615.77";"53.1";"106.45";"7.55";"722.22";"60.65";"119.97";"4.54";"102.93";"14.64";"1.99";"0.26";"39.48"
"Samson Tovide";"S. Tovide";"460741";"2004-01-04";"Colchester United FC";"2814";"ENG - League Two";"204";"2025/2026";"129";"CF";"Center Forward";"78.11";"12";"0";"8066.92";"103.28";"1030.92";"482.67";"56.17";"260.75";"14.0";"743.42";"70.17";"30.74";"31.84";"91.67";"11.5";"68.75";"16.0";"10.17";"0.54";"0.58";"4.92";"1.19";"1.19";"28.92";"1.86";"2.93";"9295.4";"103.28";"1187.91";"556.17";"64.72";"300.46";"16.13";"856.63";"80.85";"105.63";"13.25";"79.22";"18.44";"11.71";"5.67";"33.32"
"Luke  Hannant";"L. Hannant";"460742";"1993-11-04";"Oldham Athletic AFC";"3952";"ENG - League Two";"204";"2025/2026";"129";"LW";"Wide Attacker";"85.27";"8";"0";"10150.75";"119.04";"1537.25";"688.75";"62.25";"226.0";"12.5";"914.75";"74.75";"30.05";"31.22";"96.62";"5.88";"79.12";"13.12";"4.0";"0.59";"0.72";"0.88";"1.32";"null";"40.38";"1.96";"2.89";"10713.45";"119.04";"1622.47";"726.93";"65.7";"238.53";"13.19";"965.46";"78.89";"101.98";"6.2";"83.51";"13.85";"4.22";"0.92";"42.61"
"Junior Tchamadeu";"J. Tchamadeu";"460744";"2003-12-22";"Stoke City";"46";"ENG - Championship";"31";"2025/2026";"129";"RB";"Full Back";"99.48";"18";"0";"10198.44";"102.52";"1351.67";"533.17";"55.56";"252.56";"12.5";"785.72";"68.06";"31.34";"32.86";"114.94";"8.11";"91.44";"17.5";"6.06";"0.6";"0.6";"2.5";"1.26";"1.27";"27.83";"2.11";"2.59";"9226.61";"102.52";"1222.86";"482.36";"50.26";"228.49";"11.31";"710.85";"61.57";"103.99";"7.34";"82.73";"15.83";"5.48";"2.26";"25.18"
"Luke Molyneux";"L. Molyneux";"460750";"1998-03-29";"Doncaster Rovers FC";"1725";"ENG - League One";"101";"2025/2026";"129";"RW";"Wide Attacker";"95.43";"22";"0";"10120.95";"106.06";"1366.45";"642.23";"62.09";"245.82";"13.95";"888.05";"76.05";"29.78";"30.94";"108.36";"9.68";"82.68";"19.45";"6.55";"0.61";"0.64";"2.14";"1.17";"1.28";"40.32";"1.92";"2.8";"9545.34";"106.06";"1288.74";"605.7";"58.56";"231.84";"13.16";"837.54";"71.72";"102.2";"9.13";"77.98";"18.35";"6.17";"2.01";"38.03"
"James Maxwell";"J. Maxwell";"460752";"2001-12-09";"Doncaster Rovers FC";"1725";"ENG - League One";"101";"2025/2026";"129";"LB";"Full Back";"86.62";"15";"0";"9063.73";"104.64";"1236.33";"481.27";"45.4";"137.93";"7.0";"619.2";"52.4";"28.31";"29.4";"107.53";"8.2";"83.8";"16.27";"4.47";"0.7";"0.8";"1.4";"1.33";"null";"30.4";"1.9";"2.65";"9417.65";"104.64";"1284.61";"500.06";"47.17";"143.32";"7.27";"643.38";"54.45";"111.73";"8.52";"87.07";"16.9";"4.64";"1.45";"31.59"
"Ellis Iandolo";"E. Iandolo";"460757";"1997-08-22";"Colchester United FC";"2814";"ENG - League Two";"204";"2025/2026";"129";"LB";"Full Back";"95.87";"12";"0";"10147.08";"105.85";"1446.83";"562.83";"50.67";"165.83";"8.08";"728.67";"58.75";"28.82";"29.74";"119.0";"9.5";"93.25";"18.17";"6.17";"0.68";"0.73";"2.17";"1.2";"1.25";"33.08";"2.04";"2.7";"9526.12";"105.85";"1358.29";"528.39";"47.57";"155.68";"7.59";"684.08";"55.15";"111.72";"8.92";"87.54";"17.05";"5.79";"2.03";"31.06"
"Louis Reed";"L. Reed";"460758";"1997-07-25";"Mansfield Town FC";"2819";"ENG - League One";"101";"2025/2026";"129";"RM";"Midfield";"90.48";"8";"0";"10255.0";"113.34";"1680.5";"440.12";"34.38";"38.62";"2.25";"478.75";"36.62";"25.41";"26.22";"100.38";"2.38";"82.75";"11.5";"1.38";"0.8";"0.87";"0.25";"null";"null";"29.62";"2.15";"3.02";"10200.69";"113.34";"1671.6";"437.79";"34.19";"38.42";"2.24";"476.21";"36.43";"99.84";"2.36";"82.31";"11.44";"1.37";"0.25";"29.47"
"Remeao Hutton";"R. Hutton";"460759";"1998-09-28";"Gillingham FC";"1722";"ENG - League Two";"204";"2025/2026";"129";"RB";"Full Back";"99.37";"12";"0";"10568.92";"106.36";"1380.75";"582.5";"57.42";"208.33";"11.0";"790.83";"68.42";"29.7";"31.44";"117.17";"8.0";"92.75";"15.5";"7.0";"0.62";"0.62";"2.75";"1.3";"1.34";"31.17";"2.19";"2.73";"9572.65";"106.36";"1250.6";"527.59";"52.0";"188.7";"9.96";"716.29";"61.97";"106.12";"7.25";"84.01";"14.04";"6.34";"2.49";"28.23"
"Remeao Hutton";"R. Hutton";"460759";"1998-09-28";"Gillingham FC";"1722";"ENG - League Two";"204";"2025/2026";"129";"RWB";"Full Back";"95.54";"9";"0";"10703.22";"112.03";"1468.56";"616.33";"53.89";"193.22";"10.33";"809.56";"64.22";"29.74";"30.72";"112.89";"7.11";"89.78";"15.22";"4.11";"0.77";"0.81";"1.44";"1.58";"null";"26.67";"2.15";"2.66";"10082.9";"112.03";"1383.44";"580.61";"50.77";"182.02";"9.73";"762.64";"60.5";"106.35";"6.7";"84.57";"14.34";"3.87";"1.36";"25.12"
"Rod McDonald";"R. McDonald";"460761";"1992-04-11";"Notts County FC";"1563";"ENG - League Two";"204";"2025/2026";"129";"CB";"Central Defender";"100.02";"9";"0";"9766.44";"97.64";"1031.0";"278.0";"25.78";"64.44";"3.22";"342.44";"29.0";"27.18";"28.22";"99.67";"3.78";"75.22";"6.78";"2.22";"0.7";"0.82";"0.56";"1.79";"null";"14.56";"2.28";"3.23";"8787.68";"97.64";"927.68";"250.14";"23.19";"57.99";"2.9";"308.13";"26.09";"89.68";"3.4";"67.68";"6.1";"2.0";"0.5";"13.1"
"Cameron Norman";"C. Norman";"460762";"1995-10-12";"Tranmere Rovers FC";"2822";"ENG - League Two";"204";"2025/2026";"129";"RWB";"Full Back";"96.79";"12";"0";"10770.67";"111.28";"1565.08";"612.33";"46.5";"125.25";"6.08";"737.58";"52.58";"27.83";"28.74";"121.83";"7.5";"95.17";"15.08";"4.25";"0.61";"0.78";"0.33";"null";"null";"27.75";"1.96";"2.88";"10015.2";"111.28";"1455.31";"569.38";"43.24";"116.46";"5.66";"685.85";"48.9";"113.29";"6.97";"88.49";"14.03";"3.95";"0.31";"25.8"
"Mickey Demetriou  ";"M. Demetriou";"460764";"1990-03-12";"Crewe Alexandra FC";"1726";"ENG - League Two";"204";"2025/2026";"129";"LCB";"Central Defender";"98.51";"20";"0";"10433.75";"105.91";"1411.4";"466.4";"38.05";"99.05";"5.8";"565.45";"43.85";"27.44";"28.76";"111.5";"4.9";"81.85";"10.95";"2.85";"0.6";"0.67";"0.25";"null";"null";"23.3";"1.86";"2.89";"9532.33";"105.91";"1289.46";"426.11";"34.76";"90.49";"5.3";"516.6";"40.06";"101.87";"4.48";"74.78";"10.0";"2.6";"0.23";"21.29"
"Emmanuel Gaetan Nguemkam Monthe";"E. Monthe";"460775";"1995-01-26";"Oldham Athletic AFC";"3952";"ENG - League Two";"204";"2025/2026";"129";"LCB";"Central Defender";"100.37";"27";"0";"9678.44";"96.43";"1000.67";"396.41";"43.33";"161.78";"9.19";"558.19";"52.52";"30.5";"32.46";"102.81";"5.07";"79.41";"9.7";"3.33";"0.6";"0.68";"1.37";"1.13";"1.22";"17.33";"2.04";"2.93";"8678.67";"96.43";"897.3";"355.46";"38.86";"145.07";"8.24";"500.53";"47.09";"92.19";"4.55";"71.2";"8.7";"2.99";"1.23";"15.54"
"Oisin McEntee";"O. McEntee";"460777";"2001-01-05";"Heart of Midlothian";"242";"SCO - Premiership";"18";"2025/2026";"129";"RB";"Full Back";"79.79";"9";"0";"8734.78";"109.47";"1109.0";"414.67";"41.33";"145.0";"7.0";"559.67";"48.33";"29.38";"30.16";"99.22";"6.33";"81.33";"13.11";"4.78";"0.7";"0.72";"1.56";"1.36";"null";"26.33";"2.03";"2.72";"9852.17";"109.47";"1250.87";"467.71";"46.62";"163.55";"7.9";"631.26";"54.52";"111.92";"7.14";"91.74";"14.79";"5.39";"1.75";"29.7"
"Taylor Allen";"T. Allen";"460778";"2000-06-16";"Wycombe Wanderers";"1546";"ENG - League One";"101";"2025/2026";"129";"LCB";"Central Defender";"97.86";"12";"0";"10747.58";"109.82";"1603.92";"534.33";"50.58";"147.08";"8.83";"681.42";"59.42";"28.61";"29.68";"125.83";"5.42";"94.17";"12.75";"3.92";"0.7";"0.78";"1.25";"1.34";"1.79";"26.75";"1.99";"2.82";"9884.1";"109.82";"1475.05";"491.4";"46.52";"135.27";"8.12";"626.67";"54.64";"115.72";"4.98";"86.6";"11.73";"3.6";"1.15";"24.6"
"Will Wright";"W. Wright";"460782";"1997-06-12";"Swindon Town";"1587";"ENG - League Two";"204";"2025/2026";"129";"RCB";"Central Defender";"100.39";"14";"0";"10889.5";"108.47";"1423.5";"481.21";"44.36";"117.29";"7.57";"598.5";"51.93";"28.43";"29.78";"119.93";"5.29";"89.71";"11.86";"2.36";"0.7";"0.78";"1.14";"1.33";"null";"21.14";"2.16";"2.92";"9762.2";"108.47";"1276.14";"431.4";"39.77";"105.14";"6.79";"536.54";"46.55";"107.51";"4.74";"80.43";"10.63";"2.11";"1.02";"18.95"
"Carl Piergianni";"C. Piergianni";"460785";"1992-05-03";"Stevenage FC";"2817";"ENG - League One";"101";"2025/2026";"129";"LCB";"Central Defender";"97.94";"22";"0";"9697.36";"99.01";"961.95";"347.41";"32.23";"90.95";"4.95";"438.36";"37.18";"27.86";"29.9";"103.36";"5.05";"75.64";"9.73";"2.41";"0.72";"0.86";"0.95";"1.36";"null";"14.95";"2.09";"3.25";"8910.77";"99.01";"883.93";"319.23";"29.61";"83.58";"4.55";"402.81";"34.17";"94.98";"4.64";"69.5";"8.94";"2.21";"0.88";"13.74"
"Luther Ash James-Wildin";"L. James-Wildin";"460787";"1997-12-03";"Stevenage FC";"2817";"ENG - League One";"101";"2025/2026";"129";"RB";"Full Back";"99.87";"18";"0";"10671.72";"106.86";"1416.39";"591.5";"57.5";"187.94";"10.56";"779.44";"68.06";"29.47";"30.86";"121.06";"10.06";"99.94";"15.83";"6.83";"0.54";"0.58";"1.72";"1.27";"1.62";"34.17";"2.03";"2.81";"9617.19";"106.86";"1276.43";"533.05";"51.82";"169.37";"9.51";"702.42";"61.33";"109.09";"9.06";"90.07";"14.27";"6.16";"1.55";"30.79"
"Arthur Read";"A. Read";"460790";"1999-11-03";"Colchester United FC";"2814";"ENG - League Two";"204";"2025/2026";"129";"RDM";"Midfield";"99.74";"15";"0";"10772.47";"108.01";"1715.07";"480.53";"40.4";"67.93";"3.53";"548.47";"43.93";"27.16";"28.5";"121.73";"5.07";"98.27";"13.4";"2.27";"0.59";"0.69";"0.27";"1.42";"null";"42.53";"2.05";"2.79";"9720.82";"108.01";"1547.64";"433.62";"36.46";"61.3";"3.19";"494.92";"39.64";"109.85";"4.57";"88.67";"12.09";"2.05";"0.24";"38.38"
"Jamie Reid";"J. Reid";"460792";"1994-07-15";"Stevenage FC";"2817";"ENG - League One";"101";"2025/2026";"129";"CF";"Center Forward";"86.71";"24";"0";"8820.25";"101.73";"1002.88";"455.5";"51.83";"181.62";"11.17";"637.12";"63.0";"29.21";"30.96";"96.08";"8.96";"72.92";"15.83";"6.5";"0.56";"0.69";"2.21";"1.09";"1.29";"32.54";"1.84";"2.6";"9155.31";"101.73";"1040.97";"472.8";"53.8";"188.52";"11.59";"661.33";"65.39";"99.73";"9.3";"75.69";"16.43";"6.75";"2.29";"33.78"
"Jack Muldoon";"J. Muldoon";"460793";"1989-05-19";"Harrogate Town FC";"2818";"ENG - League Two";"204";"2025/2026";"129";"CF";"Center Forward";"87.64";"10";"0";"10090.9";"115.14";"1442.2";"538.7";"53.6";"123.2";"9.7";"661.9";"63.3";"28.12";"29.28";"111.1";"9.5";"86.6";"16.2";"6.6";"0.73";"0.8";"2.3";"1.55";"null";"34.2";"1.95";"3.08";"10362.43";"115.14";"1481.01";"553.2";"55.04";"126.52";"9.96";"679.71";"65.0";"114.09";"9.76";"88.93";"16.64";"6.78";"2.36";"35.12"
"Rhys Oates";"R. Oates";"460811";"1994-12-04";"Mansfield Town FC";"2819";"ENG - League One";"101";"2025/2026";"129";"CF";"Center Forward";"81.34";"8";"0";"8665.75";"106.54";"1052.0";"550.25";"59.0";"282.88";"15.12";"833.12";"74.12";"31.43";"31.84";"86.38";"8.88";"70.38";"13.75";"7.12";"0.63";"0.66";"3.25";"1.2";"1.28";"33.38";"1.88";"3.05";"9588.66";"106.54";"1164.04";"608.85";"65.28";"313.0";"16.74";"921.85";"82.02";"95.57";"9.82";"77.87";"15.21";"7.88";"3.6";"36.93"
"Myles Hippolyte";"M. Hippolyte";"460814";"1994-11-09";"AFC Wimbledon";"1873";"ENG - League One";"101";"2025/2026";"129";"LM";"Midfield";"82.01";"13";"0";"9441.46";"115.12";"1431.0";"547.31";"48.69";"137.85";"7.54";"685.15";"56.23";"27.92";"28.96";"95.0";"3.54";"76.38";"9.77";"2.08";"0.72";"0.78";"0.54";"1.55";"null";"34.54";"2.01";"2.7";"10360.96";"115.12";"1570.36";"600.61";"53.43";"151.27";"8.27";"751.88";"61.71";"104.25";"3.88";"83.82";"10.72";"2.28";"0.59";"37.9"
"Ryan Croasdale";"R. Croasdale";"460815";"1994-09-26";"Port Vale FC";"2543";"ENG - League One";"101";"2025/2026";"129";"RM";"Midfield";"91.06";"12";"0";"11135.08";"122.28";"2096.0";"774.17";"62.42";"147.5";"8.0";"921.67";"70.42";"27.42";"28.16";"119.5";"3.67";"106.5";"12.0";"2.58";"0.81";"0.82";"0.5";"1.64";"1.64";"47.42";"1.91";"2.66";"11005.16";"122.28";"2071.54";"765.13";"61.69";"145.78";"7.91";"910.91";"69.6";"118.11";"3.62";"105.26";"11.86";"2.55";"0.49";"46.86"
"Ryan Johnson";"R. Johnson";"460819";"1996-10-02";"AFC Wimbledon";"1873";"ENG - League One";"101";"2025/2026";"129";"LCB";"Central Defender";"99.02";"22";"0";"10104.45";"102.04";"1289.41";"401.18";"34.68";"93.05";"4.64";"494.23";"39.32";"27.68";"29.56";"110.27";"4.27";"84.45";"8.09";"2.32";"0.71";"0.82";"0.27";"1.52";"null";"20.09";"1.86";"2.89";"9183.9";"102.04";"1171.94";"364.63";"31.52";"84.57";"4.21";"449.2";"35.74";"100.23";"3.88";"76.76";"7.35";"2.11";"0.25";"18.26"
"Dan Happe";"D. Happe";"460823";"1998-09-28";"Leyton Orient FC";"2821";"ENG - League One";"101";"2025/2026";"129";"LCB";"Central Defender";"100.97";"14";"0";"10058.29";"99.61";"1253.21";"367.0";"33.79";"89.0";"4.57";"456.0";"38.36";"28.49";"29.78";"102.21";"4.93";"77.36";"7.86";"3.57";"0.69";"0.75";"0.93";"1.4";"null";"17.79";"2.1";"2.9";"8965.05";"99.61";"1117.0";"327.11";"30.11";"79.33";"4.07";"406.44";"34.19";"91.1";"4.39";"68.95";"7.0";"3.18";"0.83";"15.85"
"Jayden Sweeney";"J. Sweeney";"460824";"2001-12-04";"Grimsby Town FC";"2807";"ENG - League Two";"204";"2025/2026";"129";"LB";"Full Back";"90.9";"16";"0";"10174.38";"111.93";"1525.5";"615.5";"54.75";"183.0";"9.44";"798.5";"64.19";"28.79";"30.1";"106.69";"6.12";"85.19";"14.44";"3.62";"0.65";"0.66";"0.62";"1.21";"1.27";"39.25";"1.88";"2.56";"10073.87";"111.93";"1510.43";"609.42";"54.21";"181.19";"9.34";"790.61";"63.55";"105.63";"6.06";"84.35";"14.29";"3.59";"0.62";"38.86"
"Aaron Drinan";"A. Drinan";"460827";"1998-05-06";"Swindon Town";"1587";"ENG - League Two";"204";"2025/2026";"129";"CF";"Center Forward";"94.04";"14";"0";"9966.71";"105.98";"1234.86";"632.71";"73.71";"334.36";"19.5";"967.07";"93.21";"31.31";"32.64";"111.07";"11.71";"86.36";"19.93";"9.21";"0.6";"0.61";"4.43";"1.1";"1.17";"37.36";"2.05";"2.78";"9538.61";"105.98";"1181.82";"605.54";"70.55";"320.0";"18.66";"925.53";"89.21";"106.3";"11.21";"82.65";"19.07";"8.82";"4.24";"35.75"
"Sam Hoskins";"S. Hoskins";"460837";"1993-02-04";"Northampton Town FC";"2811";"ENG - League One";"101";"2025/2026";"129";"RWB";"Full Back";"97.3";"11";"0";"10674.45";"109.71";"1490.73";"726.91";"70.73";"303.55";"15.36";"1030.45";"86.09";"29.61";"29.96";"117.36";"8.18";"99.09";"17.82";"6.45";"0.68";"0.78";"2.09";"1.38";"1.8";"29.73";"2.04";"2.62";"9874.06";"109.71";"1378.95";"672.4";"65.42";"280.78";"14.21";"953.19";"79.64";"108.56";"7.57";"91.66";"16.48";"5.97";"1.93";"27.5"
"Max Dyche";"M. Dyche";"460840";"2003-02-22";"Northampton Town FC";"2811";"ENG - League One";"101";"2025/2026";"129";"CB";"Central Defender";"88.5";"10";"0";"9493.8";"107.27";"1164.4";"398.8";"38.2";"130.1";"7.3";"528.9";"45.5";"28.61";"29.48";"102.7";"5.2";"74.6";"12.0";"2.2";"0.77";"0.92";"0.1";"null";"null";"20.4";"2.21";"2.94";"9654.71";"107.27";"1184.14";"405.56";"38.85";"132.31";"7.42";"537.86";"46.27";"104.44";"5.29";"75.86";"12.2";"2.24";"0.1";"20.75"
"Elliott  Nevitt";"E. Nevitt";"460847";"1996-10-30";"Gillingham FC";"1722";"ENG - League Two";"204";"2025/2026";"129";"CF";"Center Forward";"84.23";"9";"0";"9494.67";"112.72";"1283.89";"600.56";"59.33";"214.78";"13.0";"815.33";"72.33";"29.54";"30.36";"92.56";"7.56";"72.44";"15.56";"4.11";"0.71";"0.79";"1.67";"1.48";"null";"34.0";"1.79";"2.91";"10144.9";"112.72";"1371.81";"641.68";"63.4";"229.49";"13.89";"871.17";"77.29";"98.89";"8.07";"77.41";"16.62";"4.39";"1.78";"36.33"
"Marcus Dackers";"M. Dackers";"460851";"2003-01-09";"Kilmarnock";"244";"SCO - Premiership";"18";"2025/2026";"129";"CF";"Center Forward";"87.8";"9";"0";"9616.0";"109.52";"1299.56";"496.0";"51.33";"141.11";"9.44";"637.11";"60.78";"28.61";"29.82";"109.56";"8.67";"88.22";"17.0";"4.78";"0.77";"0.79";"1.11";"1.53";"null";"32.56";"2.02";"2.95";"9856.53";"109.52";"1332.06";"508.41";"52.62";"144.64";"9.68";"653.05";"62.3";"112.3";"8.88";"90.43";"17.43";"4.9";"1.14";"33.37"
"Isaac Ogundere";"I. Ogundere";"460859";"2002-11-06";"AFC Wimbledon";"1873";"ENG - League One";"101";"2025/2026";"129";"RCB";"Central Defender";"99.12";"22";"0";"11247.0";"113.47";"1521.59";"553.82";"51.09";"170.59";"9.64";"724.41";"60.73";"28.77";"31.1";"112.82";"4.73";"86.27";"9.5";"3.05";"0.67";"0.68";"1.45";"1.23";"1.24";"33.5";"1.91";"2.62";"10212.12";"113.47";"1381.58";"502.86";"46.39";"154.89";"8.75";"657.75";"55.14";"102.44";"4.29";"78.33";"8.63";"2.77";"1.32";"30.42"
"Tyrese Shade";"T. Shade";"460865";"2000-06-09";"Burton Albion";"1874";"ENG - League One";"101";"2025/2026";"129";"CF";"Center Forward";"92.37";"14";"0";"10033.64";"108.62";"1476.57";"790.93";"83.0";"335.79";"19.86";"1126.71";"102.86";"30.73";"32.22";"110.79";"14.64";"85.79";"19.93";"10.79";"0.58";"0.59";"3.36";"1.14";"1.24";"51.21";"1.95";"2.72";"9776.05";"108.62";"1438.66";"770.62";"80.87";"327.17";"19.35";"1097.79";"100.22";"107.94";"14.27";"83.58";"19.42";"10.51";"3.27";"49.9"
"Mohammed Bosun Lawal";"B. Lawal";"475529";"2003-05-30";"Stoke City";"46";"ENG - Championship";"31";"2025/2026";"129";"RCB";"Central Defender";"95.76";"8";"0";"9812.5";"102.46";"1266.75";"346.5";"31.75";"91.12";"4.62";"437.62";"36.38";"29.32";"30.38";"100.75";"4.38";"75.62";"8.88";"2.12";"0.69";"null";"0.25";"null";"null";"17.5";"2.21";"3.06";"9221.83";"102.46";"1190.5";"325.64";"29.84";"85.64";"4.35";"411.28";"34.19";"94.69";"4.11";"71.07";"8.34";"2.0";"0.23";"16.45"
"Mathew Stevens";"M. Stevens";"475867";"1998-02-12";"AFC Wimbledon";"1873";"ENG - League One";"101";"2025/2026";"129";"CF";"Center Forward";"75.59";"13";"0";"8747.38";"115.71";"1342.92";"447.92";"44.69";"97.77";"6.62";"545.69";"51.31";"27.37";"28.94";"86.77";"5.15";"69.23";"10.31";"2.46";"0.75";"0.79";"0.46";"1.71";"null";"29.46";"1.96";"2.85";"10414.26";"115.71";"1598.83";"533.28";"53.21";"116.4";"7.88";"649.68";"61.08";"103.3";"6.14";"82.42";"12.27";"2.93";"0.55";"35.08"
"Jimmy-Jay Morgan";"J. Morgan";"487365";"2006-01-21";"Peterborough United";"1869";"ENG - League One";"101";"2025/2026";"129";"AM";"Midfield";"77.86";"10";"0";"8762.2";"112.54";"1368.8";"555.1";"52.8";"194.7";"10.7";"749.8";"63.5";"29.04";"29.9";"107.7";"7.1";"86.2";"16.5";"4.5";"0.67";"0.76";"1.0";"1.46";"null";"41.1";"1.94";"2.76";"10128.41";"112.54";"1582.22";"641.65";"61.03";"225.06";"12.37";"866.71";"73.4";"124.49";"8.21";"99.64";"19.07";"5.2";"1.16";"47.51"
"Arthur Atta";"A. Atta";"487366";"2003-01-14";"Udinese";"148";"ITA - Serie A";"5";"2025/2026";"129";"LM";"Midfield";"90.64";"11";"0";"11304.45";"124.72";"1883.64";"824.18";"72.64";"226.73";"13.73";"1050.91";"86.36";"28.85";"29.94";"125.36";"5.55";"109.45";"16.27";"3.73";"0.65";"0.65";"0.73";"1.39";"1.51";"54.73";"2.05";"2.57";"11224.71";"124.72";"1870.35";"818.37";"72.12";"225.13";"13.63";"1043.5";"85.75";"124.48";"5.51";"108.68";"16.16";"3.7";"0.72";"54.34"
"Nobel Mendy";"N. Mendy";"487369";"2004-09-03";"Rayo Vallecano";"284";"ESP - LaLiga";"4";"2025/2026";"129";"LCB";"Central Defender";"86.77";"13";"0";"8793.23";"101.34";"1122.31";"366.0";"36.46";"113.15";"7.23";"479.15";"43.69";"29.16";"30.42";"99.31";"5.77";"73.92";"12.69";"3.92";"0.57";"0.59";"1.54";"1.13";"1.55";"33.54";"2.02";"2.85";"9120.5";"101.34";"1164.08";"379.62";"37.82";"117.37";"7.5";"496.99";"45.32";"103.0";"5.98";"76.67";"13.16";"4.07";"1.6";"34.79"
"Michael Olabode Kayode";"M. Kayode";"498828";"2004-07-10";"Brentford FC";"754";"ENG - Premier League";"1";"2025/2026";"129";"RB";"Full Back";"96.75";"20";"0";"10564.7";"109.2";"1501.0";"695.25";"67.15";"302.75";"15.4";"998.0";"82.55";"30.2";"31.86";"116.5";"9.1";"96.15";"19.05";"7.05";"0.61";"0.61";"2.85";"1.32";"1.41";"44.65";"1.82";"2.69";"9827.63";"109.2";"1396.28";"646.74";"62.47";"281.63";"14.33";"928.37";"76.79";"108.37";"8.47";"89.44";"17.72";"6.56";"2.65";"41.53"
"Mario Martín Rielves";"Mario Martín";"507909";"2004-03-05";"Getafe CF";"268";"ESP - LaLiga";"4";"2025/2026";"129";"RM";"Midfield";"85.23";"8";"0";"10264.25";"120.43";"1534.25";"531.0";"52.62";"163.25";"9.5";"694.25";"62.12";"28.86";"29.8";"100.0";"3.38";"86.25";"14.0";"2.38";"0.73";"0.82";"0.75";"1.39";"null";"46.38";"1.99";"2.62";"10838.28";"120.43";"1620.05";"560.7";"55.57";"172.38";"10.03";"733.08";"65.6";"105.59";"3.56";"91.07";"14.78";"2.51";"0.79";"48.97"
"Zak Sturge";"Z. Sturge";"514672";"2004-06-15";"Millwall FC";"751";"ENG - Championship";"31";"2025/2026";"129";"LB";"Full Back";"91.56";"12";"0";"10100.5";"110.32";"1382.42";"603.33";"64.08";"257.33";"13.75";"860.67";"77.83";"30.86";"32.18";"111.17";"8.83";"89.17";"21.25";"6.83";"0.63";"0.64";"2.08";"1.23";"1.28";"43.42";"1.91";"2.56";"9928.89";"110.32";"1358.93";"593.08";"62.99";"252.96";"13.52";"846.04";"76.51";"109.28";"8.68";"87.65";"20.89";"6.72";"2.05";"42.68"
"Davide Bartesaghi";"D. Bartesaghi";"514693";"2005-12-29";"Milan";"140";"ITA - Serie A";"5";"2025/2026";"129";"LWB";"Full Back";"93.33";"14";"0";"10843.86";"116.19";"1556.14";"659.36";"62.43";"286.07";"13.79";"945.43";"76.21";"29.84";"31.16";"121.29";"8.36";"105.71";"17.21";"6.14";"0.66";"0.68";"2.0";"1.28";"1.29";"44.64";"1.98";"2.64";"10457.11";"116.19";"1500.64";"635.84";"60.2";"275.87";"13.29";"911.71";"73.5";"116.96";"8.06";"101.94";"16.6";"5.92";"1.93";"43.05"
"Michael  Mellon";"M. Mellon";"525027";"2003-12-05";"Oldham Athletic AFC";"3952";"ENG - League Two";"204";"2025/2026";"129";"CF";"Center Forward";"83.49";"13";"0";"8434.46";"101.02";"963.38";"433.85";"47.85";"186.62";"11.77";"620.46";"59.62";"30.43";"32.1";"85.08";"6.85";"67.62";"16.08";"4.77";"0.6";"0.61";"1.69";"1.13";"1.49";"24.54";"1.95";"2.77";"9092.15";"101.02";"1038.51";"467.68";"51.58";"201.17";"12.69";"668.84";"64.26";"91.71";"7.38";"72.89";"17.33";"5.14";"1.82";"26.45"
"Carlos Vicente Robles";"Carlos Vicente";"531560";"1999-04-23";"Deportivo Alavés";"313";"ESP - LaLiga";"4";"2025/2026";"129";"RW";"Wide Attacker";"89.66";"9";"0";"9914.78";"110.59";"1444.56";"719.44";"72.22";"303.22";"15.89";"1022.67";"88.11";"30.38";"31.44";"116.22";"8.89";"92.44";"23.22";"6.89";"0.64";"0.67";"2.78";"1.2";"1.2";"52.11";"1.81";"2.61";"9952.66";"110.59";"1450.08";"722.19";"72.5";"304.38";"15.95";"1026.57";"88.45";"116.67";"8.92";"92.8";"23.31";"6.92";"2.79";"52.31"
"Javier Rodríguez Galiano";"Javi Rodríguez";"531576";"2003-06-26";"RC Celta de Vigo";"285";"ESP - LaLiga";"4";"2025/2026";"129";"RCB";"Central Defender";"91.46";"15";"0";"9937.27";"108.65";"1215.53";"426.4";"39.07";"111.07";"6.47";"537.47";"45.53";"28.35";"29.86";"112.47";"4.0";"91.67";"11.47";"2.8";"0.62";"0.64";"1.2";"1.48";"1.49";"26.2";"1.92";"2.87";"9778.4";"108.65";"1196.1";"419.58";"38.44";"109.29";"6.36";"528.87";"44.81";"110.67";"3.94";"90.2";"11.28";"2.76";"1.18";"25.78"
"Jon Gorrotxategi Etxaniz";"Jon Gorrotxategi";"531692";"2002-02-02";"Real Sociedad";"282";"ESP - LaLiga";"4";"2025/2026";"129";"DM";"Midfield";"94.2";"11";"0";"11252.36";"119.45";"1906.73";"621.64";"57.55";"156.0";"9.0";"777.64";"66.55";"27.85";"29.02";"130.18";"4.55";"109.64";"17.91";"3.09";"0.7";"0.77";"1.36";"1.38";"1.79";"54.45";"1.93";"2.54";"10750.15";"119.45";"1821.63";"593.89";"54.98";"149.04";"8.6";"742.93";"63.58";"124.37";"4.34";"104.74";"17.11";"2.95";"1.3";"52.02"
"Javier Rueda Garcia";"Javi Rueda";"531717";"2002-05-08";"RC Celta de Vigo";"285";"ESP - LaLiga";"4";"2025/2026";"129";"RWB";"Full Back";"77.75";"8";"0";"8688.38";"111.75";"1205.62";"532.0";"66.25";"371.5";"18.0";"903.5";"84.25";"31.99";"32.46";"97.5";"12.75";"81.62";"25.25";"11.0";"0.57";"0.59";"6.0";"1.06";"1.09";"40.75";"2.04";"2.59";"10057.28";"111.75";"1395.58";"615.82";"76.69";"430.03";"20.84";"1045.85";"97.52";"112.86";"14.76";"94.49";"29.23";"12.73";"6.95";"47.17"
"Hugo Rincón Lumbreras";"Hugo Rincón";"533057";"2003-01-27";"Girona FC";"348";"ESP - LaLiga";"4";"2025/2026";"129";"RB";"Full Back";"91.21";"9";"0";"10379.67";"113.8";"1472.11";"588.67";"52.22";"156.89";"9.44";"745.56";"61.67";"29.41";"29.86";"111.33";"6.44";"95.33";"15.67";"4.11";"0.7";"0.76";"0.67";"1.39";"null";"36.78";"2.12";"2.76";"10242.26";"113.8";"1452.62";"580.87";"51.53";"154.81";"9.32";"735.69";"60.85";"109.86";"6.36";"94.07";"15.46";"4.06";"0.66";"36.29"
"Ilyas  Ansah";"I. Ansah";"533544";"2004-11-08";"FC Union Berlin";"757";"GER - Bundesliga";"6";"2025/2026";"129";"CF";"Center Forward";"83.42";"8";"0";"9800.12";"117.47";"1478.38";"586.12";"57.12";"159.5";"9.88";"745.62";"67.0";"28.43";"28.82";"104.25";"6.38";"83.38";"17.12";"4.25";"0.67";"0.8";"2.0";"1.52";"null";"47.75";"1.94";"2.81";"10572.51";"117.47";"1594.89";"632.32";"61.63";"172.07";"10.65";"804.39";"72.28";"112.47";"6.88";"89.95";"18.47";"4.58";"2.16";"51.51"
"Kabongo Tshimanga";"K. Tshimanga";"539728";"1997-09-22";"Crawley Town FC";"2635";"ENG - League Two";"204";"2025/2026";"129";"CF";"Center Forward";"88.56";"10";"0";"9231.9";"104.24";"1203.3";"656.8";"64.2";"243.3";"15.9";"900.1";"80.1";"29.6";"30.56";"103.5";"11.0";"80.9";"21.9";"7.4";"0.61";"0.83";"2.3";"1.46";"null";"35.1";"1.76";"2.75";"9381.84";"104.24";"1222.84";"667.47";"65.24";"247.25";"16.16";"914.72";"81.4";"105.18";"11.18";"82.21";"22.26";"7.52";"2.34";"35.67"
"Álvaro Santiago Mouriño González";"S. Mouriño";"540287";"2002-02-13";"Villarreal CF";"260";"ESP - LaLiga";"4";"2025/2026";"129";"RB";"Full Back";"95.57";"13";"0";"10140.0";"106.1";"1209.15";"463.69";"50.85";"131.0";"9.69";"594.69";"60.54";"28.28";"29.36";"111.85";"6.92";"89.54";"21.0";"4.38";"0.63";"0.67";"2.0";"1.29";"1.44";"42.0";"1.82";"2.59";"9549.35";"106.1";"1138.72";"436.68";"47.88";"123.37";"9.13";"560.05";"57.01";"105.33";"6.52";"84.32";"19.78";"4.13";"1.88";"39.55"
"Joon-Ho Bae";"Bae Jun-Ho";"542564";"2003-08-21";"Stoke City";"46";"ENG - Championship";"31";"2025/2026";"129";"AM";"Midfield";"91.7";"21";"0";"11181.57";"121.94";"2118.71";"728.14";"61.67";"148.71";"9.05";"876.86";"70.71";"27.81";"28.98";"114.95";"6.76";"95.67";"15.71";"4.52";"0.64";"0.65";"0.95";"1.23";"1.4";"55.52";"1.83";"2.54";"10974.56";"121.94";"2079.49";"714.66";"60.53";"145.96";"8.88";"860.62";"69.41";"112.82";"6.64";"93.9";"15.42";"4.44";"0.93";"54.5"
"Connor O'Brien";"C. O'Brien";"544099";"2004-07-12";"Accrington Stanley";"1586";"ENG - League Two";"204";"2025/2026";"129";"RWB";"Full Back";"93.25";"9";"0";"10599.22";"113.66";"1545.67";"592.22";"58.78";"204.44";"11.67";"796.67";"70.44";"29.84";"30.82";"117.0";"7.67";"92.0";"17.56";"5.33";"0.59";"0.59";"1.22";"1.8";"null";"41.56";"2.09";"2.84";"10229.61";"113.66";"1491.77";"571.57";"56.73";"197.32";"11.26";"768.89";"67.99";"112.92";"7.4";"88.79";"16.94";"5.15";"1.18";"40.11"
"Mihailo Ivanović";"M. Ivanović";"552252";"2004-11-29";"Millwall FC";"751";"ENG - Championship";"31";"2025/2026";"129";"CF";"Center Forward";"92.64";"26";"0";"9639.92";"104.06";"1211.54";"565.88";"56.46";"200.27";"11.31";"766.15";"67.77";"29.14";"30.8";"95.42";"8.23";"77.35";"17.81";"5.5";"0.66";"0.71";"1.0";"1.4";"1.59";"31.27";"1.96";"2.77";"9365.3";"104.06";"1177.02";"549.76";"54.85";"194.56";"10.99";"744.33";"65.84";"92.7";"8.0";"75.14";"17.3";"5.34";"0.97";"30.38"
"Gift Emmanuel Orban";"G. Orban";"553894";"2002-07-17";"Hellas Verona";"157";"ITA - Serie A";"5";"2025/2026";"129";"CF";"Center Forward";"87.55";"17";"0";"9227.35";"105.39";"1134.71";"429.53";"46.0";"178.41";"10.0";"607.94";"56.0";"29.68";"31.2";"99.0";"7.41";"80.88";"14.18";"5.59";"0.58";"0.58";"2.24";"1.16";"1.27";"35.71";"1.86";"2.77";"9485.04";"105.39";"1166.39";"441.52";"47.28";"183.39";"10.28";"624.92";"57.56";"101.76";"7.62";"83.14";"14.57";"5.74";"2.3";"36.7"
"Matias Fernandez-Pardo";"M. Fernandez-Pardo";"566113";"2005-02-03";"LOSC Lille";"78";"FRA - Ligue 1";"3";"2025/2026";"129";"LW";"Wide Attacker";"87.32";"10";"0";"9758.0";"111.75";"1324.2";"662.3";"75.9";"389.1";"18.4";"1051.4";"94.3";"32.38";"32.9";"98.2";"9.9";"74.9";"21.9";"8.4";"0.59";"0.62";"3.9";"1.16";"1.18";"44.3";"2.02";"2.65";"10057.3";"111.75";"1364.82";"682.61";"78.23";"401.03";"18.96";"1083.65";"97.19";"101.21";"10.2";"77.2";"22.57";"8.66";"4.02";"45.66"
"Luka Vušković";"L. Vušković";"569859";"2007-02-24";"Hamburger SV";"101";"GER - Bundesliga";"6";"2025/2026";"129";"CB";"Central Defender";"100.89";"18";"0";"10763.94";"106.69";"1305.28";"347.72";"32.56";"92.22";"5.06";"439.94";"37.61";"27.83";"29.3";"100.94";"4.78";"80.0";"11.22";"3.11";"0.7";"0.79";"0.5";"1.47";"null";"26.56";"2.04";"2.95";"9602.2";"106.69";"1164.4";"310.19";"29.04";"82.27";"4.51";"392.46";"33.55";"90.05";"4.26";"71.37";"10.01";"2.78";"0.45";"23.69"
"Patrick Agyemang";"P. Agyemang";"581148";"2000-11-07";"Derby County FC";"359";"ENG - Championship";"31";"2025/2026";"129";"CF";"Center Forward";"87.59";"17";"0";"9142.35";"104.37";"1086.76";"485.94";"53.59";"221.0";"12.29";"706.94";"65.88";"30.64";"32.28";"96.35";"7.53";"78.47";"15.12";"5.59";"0.61";"0.66";"1.18";"1.17";"1.25";"31.94";"1.9";"2.88";"9393.67";"104.37";"1116.64";"499.3";"55.06";"227.08";"12.63";"726.37";"67.69";"99.0";"7.74";"80.63";"15.53";"5.74";"1.21";"32.82"
"Thierno Barry";"T. Barry";"584967";"2002-10-21";"Everton";"41";"ENG - Premier League";"1";"2025/2026";"129";"CF";"Center Forward";"81.89";"15";"0";"9319.67";"113.81";"1286.53";"665.27";"66.53";"282.07";"15.2";"947.33";"81.73";"30.6";"32.04";"100.73";"9.6";"80.73";"17.8";"7.67";"0.68";"0.7";"2.27";"1.31";"1.49";"40.87";"1.73";"2.56";"10243.2";"113.81";"1414.02";"731.19";"73.13";"310.02";"16.71";"1041.21";"89.83";"110.72";"10.55";"88.73";"19.56";"8.43";"2.49";"44.92"
"Toby Mullarkey";"T. Mullarkey";"586448";"1995-11-04";"Fleetwood Town FC";"1724";"ENG - League Two";"204";"2025/2026";"129";"RCB";"Central Defender";"97.74";"11";"0";"10239.73";"104.77";"1296.45";"480.82";"45.0";"114.36";"7.45";"595.18";"52.45";"28.25";"29.44";"115.09";"5.91";"83.09";"11.0";"3.09";"0.67";"0.74";"0.91";"1.23";"1.53";"20.55";"2.24";"2.99";"9429.05";"104.77";"1193.81";"442.75";"41.44";"105.31";"6.86";"548.06";"48.3";"105.98";"5.44";"76.51";"10.13";"2.85";"0.84";"18.92"
"Connor Jennings";"C. Jennings";"586453";"1991-10-29";"Tranmere Rovers FC";"2822";"ENG - League Two";"204";"2025/2026";"129";"CF";"Center Forward";"83.73";"8";"0";"9423.5";"112.54";"1434.38";"620.5";"57.5";"159.38";"12.5";"779.88";"70.0";"28.18";"28.98";"112.75";"9.38";"77.88";"18.88";"5.75";"0.58";"0.78";"1.38";"1.55";"1.78";"42.88";"1.96";"2.69";"10129.01";"112.54";"1541.76";"666.96";"61.8";"171.31";"13.44";"838.26";"75.24";"121.19";"10.08";"83.71";"20.29";"6.18";"1.48";"46.08"
"Mark Shelton";"M. Shelton";"586478";"1996-09-12";"Barnet FC";"3940";"ENG - League Two";"204";"2025/2026";"129";"RM";"Midfield";"96.54";"13";"0";"11579.46";"119.94";"2124.08";"813.23";"64.46";"105.31";"7.15";"918.54";"71.62";"27.05";"28.14";"123.85";"5.62";"103.62";"16.69";"3.23";"0.64";"0.67";"0.46";"1.74";"null";"45.69";"1.98";"2.72";"10794.77";"119.94";"1980.14";"758.12";"60.09";"98.17";"6.67";"856.29";"66.76";"115.45";"5.23";"96.59";"15.56";"3.01";"0.43";"42.6"
"Owen Lunt";"O. Lunt";"586484";"2004-09-02";"Crewe Alexandra FC";"1726";"ENG - League Two";"204";"2025/2026";"129";"AM";"Midfield";"90.78";"12";"0";"11034.92";"121.56";"1876.92";"660.33";"61.42";"168.67";"10.5";"829.0";"71.92";"28.47";"29.54";"104.58";"4.67";"87.75";"12.83";"2.58";"0.67";"0.72";"0.92";"1.45";"1.74";"47.42";"1.91";"2.62";"10940.2";"121.56";"1860.81";"654.67";"60.89";"167.22";"10.41";"821.88";"71.3";"103.69";"4.63";"87.0";"12.72";"2.56";"0.91";"47.01"
"Owen Lunt";"O. Lunt";"586484";"2004-09-02";"Crewe Alexandra FC";"1726";"ENG - League Two";"204";"2025/2026";"129";"RDM";"Midfield";"92.93";"8";"0";"10841.75";"116.67";"1738.5";"614.12";"54.38";"124.38";"8.12";"738.5";"62.5";"28.09";"28.82";"107.12";"5.12";"88.25";"14.75";"2.88";"0.67";"0.67";"0.5";"1.53";"null";"48.25";"2.04";"2.92";"10500.01";"116.67";"1683.7";"594.77";"52.66";"120.45";"7.87";"715.22";"60.53";"103.75";"4.96";"85.47";"14.29";"2.78";"0.48";"46.73"
"Josh Andrews";"J. Andrews";"586533";"2001-10-16";"Gillingham FC";"1722";"ENG - League Two";"204";"2025/2026";"129";"CF";"Center Forward";"75.27";"17";"0";"7998.53";"106.26";"992.41";"461.41";"45.53";"151.94";"9.71";"613.35";"55.24";"29.08";"31.02";"84.35";"7.0";"65.65";"11.29";"3.82";"0.66";"0.73";"0.88";"1.25";"null";"25.88";"1.94";"2.72";"9563.61";"106.26";"1186.6";"551.7";"54.44";"181.67";"11.61";"733.37";"66.04";"100.86";"8.37";"78.49";"13.5";"4.57";"1.06";"30.95"
"Nathaniel Opoku";"N. Opoku";"587993";"2001-07-22";"Newport County AFC";"2815";"ENG - League Two";"204";"2025/2026";"129";"CF";"Center Forward";"78.35";"9";"0";"8650.78";"110.41";"1175.89";"524.56";"54.67";"228.78";"11.56";"753.33";"66.22";"31.47";"32.3";"91.89";"10.44";"72.11";"14.78";"7.0";"0.64";"0.73";"2.0";"1.32";"1.32";"39.89";"1.94";"2.65";"9937.08";"110.41";"1350.73";"602.55";"62.8";"262.8";"13.27";"865.35";"76.07";"105.55";"12.0";"82.83";"16.98";"8.04";"2.3";"45.82"
"Sean Fusire";"S. Fusire";"605871";"2005-05-31";"Sheffield Wednesday";"749";"ENG - Championship";"31";"2025/2026";"129";"RWB";"Full Back";"91.24";"10";"0";"10476.8";"114.82";"1725.8";"805.9";"70.8";"262.2";"14.9";"1068.1";"85.7";"28.77";"29.54";"117.1";"7.9";"95.2";"22.5";"5.5";"0.68";"0.7";"1.5";"1.49";"1.83";"43.4";"2.04";"2.7";"10334.23";"114.82";"1702.31";"794.93";"69.84";"258.63";"14.7";"1053.56";"84.53";"115.51";"7.79";"93.9";"22.19";"5.43";"1.48";"42.81"
"Kaishu Sano";"K. Sano";"606621";"2000-12-30";"1. FSV Mainz 05";"120";"GER - Bundesliga";"6";"2025/2026";"129";"DM";"Midfield";"97.92";"8";"0";"11987.38";"122.42";"2002.75";"589.0";"56.25";"167.0";"9.0";"756.0";"65.25";"28.93";"30.2";"132.75";"5.75";"115.75";"17.5";"3.25";"0.67";"0.68";"0.88";"1.36";"1.73";"59.25";"1.9";"2.82";"11018.18";"122.42";"1840.83";"541.38";"51.7";"153.5";"8.27";"694.88";"59.97";"122.02";"5.29";"106.39";"16.09";"2.99";"0.8";"54.46"
"Kaishu Sano";"K. Sano";"606621";"2000-12-30";"1. FSV Mainz 05";"120";"GER - Bundesliga";"6";"2025/2026";"129";"RM";"Midfield";"101.86";"8";"0";"12020.75";"118.01";"2042.88";"641.75";"61.75";"194.5";"10.75";"836.25";"72.5";"29.07";"30.08";"127.88";"4.88";"106.38";"17.62";"3.25";"0.61";"0.87";"0.75";"1.22";"null";"55.5";"1.99";"2.79";"10620.86";"118.01";"1804.97";"567.01";"54.56";"171.85";"9.5";"738.86";"64.06";"112.98";"4.31";"93.99";"15.57";"2.87";"0.66";"49.04"
"Sebastian Revan";"S. Revan";"619979";"2003-07-14";"Burton Albion";"1874";"ENG - League One";"101";"2025/2026";"129";"LWB";"Full Back";"95.32";"9";"0";"10562.0";"110.81";"1534.11";"700.78";"65.56";"237.67";"12.22";"938.44";"77.78";"29.51";"30.34";"121.89";"8.78";"96.33";"24.11";"6.11";"0.67";"0.72";"1.67";"1.33";"null";"36.44";"1.92";"2.73";"9972.47";"110.81";"1448.48";"661.66";"61.9";"224.4";"11.54";"886.06";"73.44";"115.09";"8.29";"90.96";"22.77";"5.77";"1.57";"34.41"
"Murillo Santiago Costa dos Santos";"Murillo";"622172";"2002-07-04";"Nottingham Forest";"747";"ENG - Premier League";"1";"2025/2026";"129";"LCB";"Central Defender";"97.74";"17";"0";"9628.41";"98.51";"1120.82";"382.82";"40.35";"156.88";"8.29";"539.71";"48.65";"30.25";"32.0";"108.76";"7.76";"83.12";"14.94";"5.71";"0.54";"0.59";"2.53";"1.08";"1.22";"26.88";"1.87";"2.56";"8865.66";"98.51";"1032.03";"352.5";"37.16";"144.45";"7.64";"496.95";"44.79";"100.15";"7.15";"76.53";"13.76";"5.25";"2.33";"24.75"
"Harry Leonard";"H. Leonard";"626403";"2003-09-12";"Peterborough United";"1869";"ENG - League One";"101";"2025/2026";"129";"CF";"Center Forward";"89.2";"22";"0";"9278.5";"104.02";"1219.09";"600.59";"59.09";"187.77";"11.64";"788.36";"70.73";"28.55";"30.28";"114.55";"11.5";"90.55";"19.59";"8.55";"0.63";"0.65";"2.18";"1.37";"1.46";"34.18";"1.95";"2.58";"9361.64";"104.02";"1230.01";"605.97";"59.62";"189.46";"11.74";"795.43";"71.36";"115.57";"11.6";"91.36";"19.77";"8.62";"2.2";"34.49"
"El Hadji Malick Diouf";"E. Diouf";"626481";"2004-12-28";"West Ham United";"37";"ENG - Premier League";"1";"2025/2026";"129";"LB";"Full Back";"97.35";"12";"0";"10577.42";"108.65";"1467.17";"660.58";"65.25";"284.58";"14.42";"945.17";"79.67";"29.93";"31.34";"116.92";"8.17";"96.08";"19.17";"6.83";"0.64";"0.68";"2.92";"1.32";"1.45";"35.92";"1.98";"2.63";"9778.4";"108.65";"1356.34";"610.68";"60.32";"263.09";"13.33";"873.77";"73.65";"108.08";"7.55";"88.83";"17.72";"6.32";"2.7";"33.2"
"Elliot Newby";"E. Newby";"627207";"1995-11-21";"Barrow AFC";"2808";"ENG - League Two";"204";"2025/2026";"129";"LWB";"Full Back";"88.32";"13";"0";"10142.08";"114.83";"1448.46";"632.77";"56.92";"205.62";"10.38";"838.38";"67.31";"29.05";"30.58";"105.31";"6.38";"86.15";"18.46";"4.46";"0.67";"0.75";"1.54";"1.38";"1.49";"30.23";"2.01";"2.67";"10334.94";"114.83";"1476.01";"644.8";"58.01";"209.53";"10.58";"854.33";"68.59";"107.31";"6.51";"87.79";"18.81";"4.55";"1.57";"30.81"
"Kojo Peprah  Oppong";"K. Peprah Oppong";"633297";"2004-06-04";"OGC Nice";"70";"FRA - Ligue 1";"3";"2025/2026";"129";"LCB";"Central Defender";"93.76";"10";"0";"9847.2";"105.02";"1238.3";"444.9";"43.2";"155.9";"9.1";"600.8";"52.3";"29.21";"30.26";"107.4";"4.9";"83.6";"13.8";"3.2";"0.74";"0.87";"1.2";"1.36";"null";"27.3";"2.01";"3.16";"9452.14";"105.02";"1188.62";"427.05";"41.47";"149.65";"8.73";"576.7";"50.2";"103.09";"4.7";"80.25";"13.25";"3.07";"1.15";"26.2"
"Lamine Yamal Nasroui Ebana";"Lamine Yamal";"639784";"2007-07-13";"FC Barcelona";"264";"ESP - LaLiga";"4";"2025/2026";"129";"RW";"Wide Attacker";"96.5";"9";"0";"9392.0";"97.32";"1209.67";"490.67";"51.89";"158.22";"9.89";"648.89";"61.78";"29.02";"30.06";"101.0";"8.44";"81.22";"19.22";"4.67";"0.7";"0.78";"1.44";"1.43";"1.51";"48.67";"1.8";"2.77";"8759.04";"97.32";"1128.14";"457.6";"48.39";"147.56";"9.22";"605.16";"57.61";"94.19";"7.88";"75.75";"17.93";"4.35";"1.35";"45.39"
"Patrick Chinazaekpere Dorgu";"P. Dorgu";"641169";"2004-10-26";"Manchester United";"31";"ENG - Premier League";"1";"2025/2026";"129";"LWB";"Full Back";"91.69";"9";"0";"10219.44";"111.46";"1471.67";"700.22";"64.89";"279.11";"13.56";"979.33";"78.44";"29.97";"30.64";"122.22";"8.0";"98.22";"20.44";"7.0";"0.66";"0.66";"2.89";"1.36";"1.43";"38.89";"2.2";"2.65";"10031.61";"111.46";"1444.62";"687.35";"63.7";"273.98";"13.31";"961.33";"77.0";"119.98";"7.85";"96.42";"20.07";"6.87";"2.84";"38.17"
"Joseph Nathan Johnson";"Joe Johnson";"643701";"2006-02-21";"Luton Town";"879";"ENG - League One";"101";"2025/2026";"129";"LB";"Full Back";"99.03";"9";"0";"10651.22";"107.55";"1382.89";"521.0";"48.67";"125.78";"7.11";"646.78";"55.78";"28.34";"29.34";"111.11";"5.89";"87.11";"12.67";"4.33";"0.75";"0.81";"1.22";"1.39";"1.75";"30.78";"2.16";"2.91";"9679.85";"107.55";"1256.77";"473.49";"44.23";"114.31";"6.46";"587.79";"50.69";"100.98";"5.35";"79.17";"11.51";"3.94";"1.11";"27.97"
"Marco Palestra";"M. Palestra";"644228";"2005-03-03";"Cagliari";"132";"ITA - Serie A";"5";"2025/2026";"129";"RWB";"Full Back";"94.38";"13";"0";"10604.31";"112.36";"1362.15";"629.23";"65.46";"383.08";"17.62";"1012.31";"83.08";"31.43";"32.3";"105.46";"8.15";"89.77";"15.69";"6.92";"0.63";"0.67";"3.15";"1.2";"1.22";"41.69";"2.11";"2.78";"10112.51";"112.36";"1298.98";"600.05";"62.43";"365.31";"16.8";"965.36";"79.22";"100.57";"7.78";"85.61";"14.96";"6.6";"3.01";"39.76"
"Pietro Comuzzo";"P. Comuzzo";"644269";"2005-02-20";"Fiorentina";"138";"ITA - Serie A";"5";"2025/2026";"129";"RCB";"Central Defender";"95.59";"12";"0";"10553.0";"110.4";"1376.0";"417.33";"35.83";"97.17";"5.5";"514.5";"41.33";"27.79";"29.32";"98.83";"4.5";"81.92";"9.42";"3.0";"0.69";"0.69";"0.67";"1.34";"null";"28.83";"1.98";"2.74";"9935.7";"110.4";"1295.51";"392.92";"33.74";"91.48";"5.18";"484.4";"38.92";"93.05";"4.24";"77.12";"8.87";"2.82";"0.63";"27.15"
"Simon Ebonog";"S. Ebonog";"645718";"2004-08-16";"Le Havre AC";"69";"FRA - Ligue 1";"3";"2025/2026";"129";"RM";"Midfield";"83.62";"8";"0";"10041.25";"120.07";"1749.88";"567.38";"46.12";"111.88";"7.62";"679.25";"53.75";"27.06";"27.8";"93.5";"4.12";"83.88";"10.75";"2.88";"0.65";"0.65";"0.75";"1.41";"null";"46.88";"1.95";"2.81";"10806.73";"120.07";"1883.27";"610.63";"49.64";"120.4";"8.21";"731.03";"57.85";"100.63";"4.44";"90.27";"11.57";"3.09";"0.81";"50.45"
"Jérémy Jacquet";"J. Jacquet";"652404";"2005-07-13";"Stade Rennais FC";"79";"FRA - Ligue 1";"3";"2025/2026";"129";"CB";"Central Defender";"95.45";"14";"0";"10194.29";"106.81";"1272.57";"470.71";"46.86";"166.43";"9.29";"637.14";"56.14";"29.68";"31.64";"115.43";"5.71";"87.5";"11.5";"4.29";"0.68";"0.72";"1.43";"1.33";"null";"28.29";"1.98";"2.68";"9612.57";"106.81";"1199.96";"443.85";"44.18";"156.93";"8.76";"600.79";"52.94";"108.84";"5.39";"82.51";"10.84";"4.04";"1.35";"26.67"
"Leon Avdullahu";"L. Avdullahu";"659794";"2004-02-23";"TSG 1899 Hoffenheim";"113";"GER - Bundesliga";"6";"2025/2026";"129";"DM";"Midfield";"98.2";"10";"0";"12317.4";"125.43";"2152.0";"698.9";"61.4";"159.2";"10.3";"858.1";"71.7";"28.11";"28.84";"123.2";"4.0";"110.0";"14.4";"3.0";"0.7";"0.74";"1.4";"1.4";"1.92";"46.2";"1.99";"2.74";"11288.86";"125.43";"1972.3";"640.54";"56.27";"145.91";"9.44";"786.45";"65.71";"112.91";"3.67";"100.81";"13.2";"2.75";"1.28";"42.34"
"Ethan Pye";"E. Pye";"660300";"2003-01-27";"Stockport County FC";"2820";"ENG - League One";"101";"2025/2026";"129";"LCB";"Central Defender";"100.32";"29";"0";"10549.34";"105.16";"1447.9";"502.03";"48.1";"144.83";"9.14";"646.86";"57.24";"28.99";"30.94";"123.38";"5.97";"92.45";"15.03";"3.69";"0.65";"0.75";"1.07";"1.22";"1.65";"23.38";"2.09";"2.64";"9463.95";"105.16";"1298.93";"450.38";"43.15";"129.93";"8.2";"580.31";"51.35";"110.69";"5.35";"82.94";"13.49";"3.31";"0.96";"20.97"
"Finn Jeltsch";"F. Jeltsch";"663380";"2006-07-17";"VfB Stuttgart";"115";"GER - Bundesliga";"6";"2025/2026";"129";"RCB";"Central Defender";"99.06";"10";"0";"11119.8";"112.26";"1454.7";"512.3";"47.2";"158.9";"9.4";"671.2";"56.6";"29.82";"30.98";"114.5";"5.2";"95.1";"13.6";"3.8";"0.7";"0.74";"1.6";"1.19";"null";"31.9";"1.86";"2.64";"10102.96";"112.26";"1321.68";"465.45";"42.88";"144.37";"8.54";"609.82";"51.42";"104.03";"4.72";"86.4";"12.36";"3.45";"1.45";"28.98"
"Dylan Lawlor";"D. Lawlor";"663638";"2006-01-01";"Cardiff City";"61";"ENG - League One";"101";"2025/2026";"129";"LCB";"Central Defender";"96.37";"10";"0";"10068.9";"104.48";"1431.2";"422.0";"39.6";"110.3";"6.6";"532.3";"46.2";"28.42";"29.76";"114.9";"5.8";"88.5";"11.3";"4.3";"0.64";"0.76";"0.9";"1.32";"null";"23.3";"2.12";"2.8";"9403.19";"104.48";"1336.58";"394.1";"36.98";"103.01";"6.16";"497.11";"43.15";"107.3";"5.42";"82.65";"10.55";"4.02";"0.84";"21.76"
"Dom Ballard";"D. Ballard";"666894";"2005-04-01";"Leyton Orient FC";"2821";"ENG - League One";"101";"2025/2026";"129";"CF";"Center Forward";"92.91";"23";"0";"10792.83";"116.16";"1610.7";"739.39";"70.65";"237.83";"14.87";"977.22";"85.52";"28.97";"30.26";"102.91";"10.96";"81.96";"14.09";"8.22";"0.59";"0.6";"1.87";"1.24";"1.28";"55.61";"1.76";"2.71";"10454.28";"116.16";"1560.17";"716.2";"68.44";"230.37";"14.4";"946.56";"82.84";"99.68";"10.61";"79.39";"13.65";"7.96";"1.81";"53.86"
"Kamari Doyle";"K. Doyle";"666895";"2005-08-01";"Reading";"59";"ENG - League One";"101";"2025/2026";"129";"AM";"Midfield";"80.85";"14";"0";"10124.43";"125.23";"2030.07";"711.71";"60.29";"147.14";"8.93";"858.86";"69.21";"27.53";"28.46";"105.07";"4.64";"86.21";"11.71";"3.07";"0.75";"0.78";"0.43";"1.57";"null";"46.0";"1.83";"2.75";"11270.9";"125.23";"2259.95";"792.31";"67.11";"163.81";"9.94";"956.11";"77.05";"116.97";"5.17";"95.98";"13.04";"3.42";"0.48";"51.21"
"Jayden Meghoma";"J. Meghoma";"669443";"2006-06-28";"Rangers";"241";"SCO - Premiership";"18";"2025/2026";"129";"LB";"Full Back";"94.55";"16";"0";"10183.25";"107.7";"1396.44";"552.44";"54.44";"211.0";"11.31";"763.44";"65.75";"29.94";"31.16";"107.0";"7.69";"90.5";"16.88";"5.75";"0.6";"0.67";"1.69";"1.18";"1.6";"28.25";"2.15";"2.66";"9693.2";"107.7";"1329.24";"525.85";"51.82";"200.85";"10.77";"726.7";"62.59";"101.85";"7.32";"86.14";"16.06";"5.47";"1.61";"26.89"
"Jon Martín Vicente";"Jon Martín";"673615";"2006-04-23";"Real Sociedad";"282";"ESP - LaLiga";"4";"2025/2026";"129";"RCB";"Central Defender";"99.61";"13";"0";"10395.92";"104.36";"1360.69";"420.77";"36.85";"90.54";"5.62";"511.31";"42.46";"27.48";"28.46";"115.77";"5.38";"92.08";"11.54";"2.77";"0.61";"0.76";"1.0";"1.27";"null";"26.62";"2.14";"2.91";"9392.7";"104.36";"1229.38";"380.16";"33.29";"81.8";"5.07";"461.97";"38.36";"104.6";"4.86";"83.19";"10.42";"2.5";"0.9";"24.05"
"Pau Cubarsí Paredes";"Pau Cubarsí";"673618";"2007-01-22";"FC Barcelona";"264";"ESP - LaLiga";"4";"2025/2026";"129";"RCB";"Central Defender";"94.88";"13";"0";"10218.85";"107.7";"1307.15";"465.31";"45.54";"180.15";"10.15";"645.46";"55.69";"29.63";"31.02";"114.08";"5.23";"90.08";"11.38";"4.31";"0.72";"0.74";"2.0";"1.37";"1.39";"32.0";"1.99";"3.0";"9693.44";"107.7";"1239.95";"441.38";"43.2";"170.89";"9.63";"612.27";"52.83";"108.21";"4.96";"85.45";"10.8";"4.09";"1.9";"30.35"
"Devan Austin Tanton Pedroza";"D. Tanton";"698013";"2004-01-03";"Chesterfield FC";"3361";"ENG - League Two";"204";"2025/2026";"129";"RB";"Full Back";"89.78";"10";"0";"10007.7";"111.47";"1409.6";"620.4";"59.1";"201.0";"11.6";"821.4";"70.7";"29.12";"30.28";"112.4";"8.4";"92.8";"18.4";"5.9";"0.6";"0.69";"1.8";"1.29";"null";"30.6";"2.18";"2.9";"10032.22";"111.47";"1413.05";"621.92";"59.24";"201.49";"11.63";"823.41";"70.87";"112.68";"8.42";"93.03";"18.45";"5.91";"1.8";"30.67"
"Matías Agustín Moreno";"M. Moreno";"699708";"2003-09-24";"Levante UD";"281";"ESP - LaLiga";"4";"2025/2026";"129";"LCB";"Central Defender";"93.76";"8";"0";"9421.25";"100.49";"1055.62";"395.0";"36.5";"124.0";"6.38";"519.0";"42.88";"28.56";"29.62";"102.0";"5.0";"75.88";"15.38";"3.12";"0.78";"0.88";"1.0";"1.37";"null";"22.5";"1.91";"2.73";"9043.8";"100.49";"1013.33";"379.17";"35.04";"119.03";"6.12";"498.21";"41.16";"97.91";"4.8";"72.84";"14.76";"3.0";"0.96";"21.6"
"Lee Jenkins";"L. Jenkins";"715903";"2001-08-30";"Newport County AFC";"2815";"ENG - League Two";"204";"2025/2026";"129";"RCB";"Central Defender";"98.54";"23";"0";"10498.52";"106.54";"1273.04";"440.65";"45.39";"147.04";"8.83";"587.7";"54.22";"29.84";"31.62";"111.83";"5.17";"84.26";"11.87";"3.65";"0.59";"0.6";"0.7";"1.3";"null";"20.87";"2.09";"2.68";"9588.4";"106.54";"1162.68";"402.45";"41.46";"134.3";"8.06";"536.75";"49.52";"102.13";"4.73";"76.96";"10.84";"3.34";"0.64";"19.06"
"Jay McGrath";"J. McGrath";"716111";"2003-04-15";"Doncaster Rovers FC";"1725";"ENG - League One";"101";"2025/2026";"129";"LCB";"Central Defender";"97.49";"20";"0";"9469.25";"97.13";"1156.75";"379.9";"35.4";"91.7";"5.3";"471.6";"40.7";"27.68";"28.98";"112.25";"6.3";"83.15";"11.7";"3.8";"0.6";"0.65";"0.7";"1.38";"null";"18.35";"1.96";"2.78";"8741.37";"97.13";"1067.83";"350.7";"32.68";"84.65";"4.89";"435.35";"37.57";"103.62";"5.82";"76.76";"10.8";"3.51";"0.65";"16.94"
"Nicolai Remberg";"N. Remberg";"723631";"2000-06-19";"Hamburger SV";"101";"GER - Bundesliga";"6";"2025/2026";"129";"LM";"Midfield";"100.04";"11";"0";"11468.73";"114.64";"1628.82";"442.36";"40.18";"92.82";"5.18";"535.18";"45.36";"26.99";"27.68";"107.27";"3.18";"91.55";"13.18";"2.09";"0.73";"0.74";"0.36";"1.45";"null";"32.64";"2.09";"2.91";"10317.48";"114.64";"1465.31";"397.96";"36.15";"83.5";"4.66";"481.46";"40.81";"96.5";"2.86";"82.36";"11.86";"1.88";"0.33";"29.36"
"Kellen Fisher";"K. Fisher";"726242";"2004-05-05";"Norwich City";"57";"ENG - Championship";"31";"2025/2026";"129";"RB";"Full Back";"99.9";"15";"0";"11003.13";"110.14";"1628.33";"698.07";"68.13";"255.47";"14.27";"953.53";"82.4";"29.76";"30.76";"122.2";"7.53";"100.33";"21.2";"5.6";"0.65";"0.65";"1.67";"1.31";"1.39";"47.0";"1.93";"2.58";"9912.73";"110.14";"1466.97";"628.89";"61.38";"230.15";"12.85";"859.04";"74.23";"110.09";"6.79";"90.39";"19.1";"5.05";"1.5";"42.34"
"Clément Akpa";"C. Akpa";"726249";"2001-11-24";"AJ Auxerre";"65";"FRA - Ligue 1";"3";"2025/2026";"129";"LCB";"Central Defender";"94.01";"17";"0";"9612.41";"102.25";"1052.94";"379.18";"42.06";"163.53";"9.06";"542.71";"51.12";"30.3";"31.64";"98.12";"6.18";"75.76";"13.47";"4.06";"0.62";"0.76";"1.76";"1.21";"1.41";"30.12";"1.93";"2.72";"9202.32";"102.25";"1008.02";"363.0";"40.26";"156.55";"8.67";"519.55";"48.94";"93.93";"5.91";"72.53";"12.9";"3.89";"1.69";"28.83"
"Sidiki Chérif";"S. Chérif";"726253";"2006-12-15";"Angers SCO";"98";"FRA - Ligue 1";"3";"2025/2026";"129";"CF";"Center Forward";"75.45";"12";"0";"9312.42";"123.43";"1389.83";"650.0";"65.5";"259.83";"14.83";"909.83";"80.33";"30.48";"32.08";"97.0";"7.42";"79.75";"19.25";"5.58";"0.68";"0.73";"2.58";"1.28";"1.4";"46.25";"1.8";"2.64";"11108.86";"123.43";"1657.94";"775.39";"78.14";"309.96";"17.69";"1085.35";"95.83";"115.71";"8.85";"95.13";"22.96";"6.66";"3.08";"55.17"
"Adama Camara";"A. Camara";"726254";"1996-10-18";"Paris FC";"327";"FRA - Ligue 1";"3";"2025/2026";"129";"LM";"Midfield";"83.15";"13";"0";"10827.77";"130.22";"1982.62";"581.69";"48.23";"103.08";"5.46";"684.77";"53.69";"27.21";"28.82";"96.92";"3.0";"82.62";"10.31";"1.92";"0.77";"0.79";"0.23";"1.99";"null";"51.38";"1.89";"2.62";"11719.41";"130.22";"2145.88";"629.59";"52.2";"111.57";"5.91";"741.16";"58.11";"104.9";"3.25";"89.42";"11.16";"2.08";"0.25";"55.62"
"Tom Davies";"T. Davies";"726261";"2003-11-11";"Newport County AFC";"2815";"ENG - League Two";"204";"2025/2026";"129";"LB";"Full Back";"98.65";"8";"0";"11408.88";"115.65";"1711.0";"620.75";"54.75";"128.62";"7.38";"749.38";"62.12";"27.74";"28.54";"119.88";"8.5";"100.88";"16.5";"6.5";"0.59";"0.64";"0.88";"1.86";"1.86";"42.12";"1.97";"2.85";"10408.72";"115.65";"1561.01";"566.33";"49.95";"117.35";"6.73";"683.68";"56.68";"109.37";"7.75";"92.03";"15.05";"5.93";"0.8";"38.43"
"Louis Oppie";"L. Oppie";"726441";"2002-05-17";"FC St. Pauli";"122";"GER - Bundesliga";"6";"2025/2026";"129";"LWB";"Full Back";"97.49";"15";"0";"11912.27";"122.19";"1924.93";"802.93";"68.67";"237.27";"12.67";"1040.2";"81.33";"28.45";"29.54";"137.27";"6.8";"108.13";"25.8";"4.73";"0.73";"0.73";"0.73";"1.41";"1.41";"45.73";"2.08";"2.59";"10996.82";"122.19";"1777.0";"741.23";"63.39";"219.03";"11.69";"960.26";"75.08";"126.72";"6.28";"99.82";"23.82";"4.37";"0.68";"42.22"
"Sondre  Klingen Langås";"S. Langås";"726959";"2001-02-02";"Derby County FC";"359";"ENG - Championship";"31";"2025/2026";"129";"RCB";"Central Defender";"97.24";"16";"0";"9922.38";"102.04";"1150.12";"392.38";"35.75";"130.19";"6.25";"522.56";"42.0";"29.2";"30.94";"102.56";"5.31";"80.25";"10.88";"4.31";"0.67";"0.75";"1.44";"1.24";"2.08";"22.19";"2.03";"2.82";"9184.04";"102.04";"1064.54";"363.18";"33.09";"120.5";"5.78";"483.68";"38.87";"94.93";"4.92";"74.28";"10.07";"3.99";"1.33";"20.54"
"Caylan Vickers";"C. Vickers";"726983";"2004-12-22";"Barnsley FC";"878";"ENG - League One";"101";"2025/2026";"129";"RW";"Wide Attacker";"80.32";"9";"0";"8805.22";"109.62";"1315.33";"538.67";"50.56";"142.44";"10.11";"681.11";"60.67";"28.18";"28.88";"101.22";"7.67";"82.22";"16.78";"5.33";"0.72";"0.77";"0.56";"1.89";"1.89";"36.78";"1.86";"2.8";"9865.91";"109.62";"1473.78";"603.56";"56.65";"159.6";"11.33";"763.16";"67.97";"113.42";"8.59";"92.13";"18.8";"5.98";"0.62";"41.21"
"Vincent  Harper";"V. Harper";"727409";"2000-09-22";"Walsall FC";"2508";"ENG - League Two";"204";"2025/2026";"129";"LWB";"Full Back";"96.31";"14";"0";"10517.36";"109.21";"1480.29";"614.29";"63.57";"259.57";"13.5";"873.86";"77.07";"30.38";"31.32";"112.71";"10.64";"88.43";"19.21";"7.64";"0.58";"0.58";"2.86";"1.08";"1.17";"40.64";"1.77";"2.68";"9828.7";"109.21";"1383.36";"574.06";"59.41";"242.58";"12.62";"816.64";"72.02";"105.33";"9.95";"82.64";"17.96";"7.14";"2.67";"37.98"
"Lewis Shipley";"L. Shipley";"729154";"2003-11-29";"Barrow AFC";"2808";"ENG - League Two";"204";"2025/2026";"129";"LCB";"Central Defender";"97.32";"14";"0";"10216.21";"104.98";"1138.21";"410.07";"40.14";"132.79";"7.07";"542.86";"47.21";"28.99";"30.42";"106.07";"3.36";"82.64";"8.64";"1.43";"0.71";"0.77";"0.57";"1.45";"1.98";"21.36";"2.01";"2.82";"9448.0";"104.98";"1052.63";"379.24";"37.12";"122.8";"6.54";"502.04";"43.66";"98.1";"3.1";"76.43";"7.99";"1.32";"0.53";"19.75"
"Sebastian Palmer-Houlden";"S. Palmer-Houlden";"729155";"2004-05-12";"Gillingham FC";"1722";"ENG - League Two";"204";"2025/2026";"129";"CF";"Center Forward";"75.17";"8";"0";"8114.12";"107.95";"1009.88";"570.88";"70.38";"370.25";"21.12";"941.12";"91.5";"31.79";"32.38";"90.12";"8.25";"64.38";"20.38";"5.25";"0.68";"0.79";"1.25";"1.36";"1.66";"38.25";"1.87";"2.81";"9715.36";"107.95";"1209.16";"683.53";"84.26";"443.31";"25.29";"1126.85";"109.56";"107.91";"9.88";"77.08";"24.4";"6.29";"1.5";"45.8"
"Jay Williams";"J. Williams";"729157";"2000-10-04";"Crawley Town FC";"2635";"ENG - League Two";"204";"2025/2026";"129";"RM";"Midfield";"94.06";"9";"0";"10589.33";"112.57";"1762.22";"529.33";"45.78";"87.89";"5.44";"617.22";"51.22";"26.76";"27.88";"113.11";"5.33";"96.0";"13.33";"2.67";"0.72";"1.05";"0.56";"1.54";"null";"31.89";"2.17";"2.89";"10131.74";"112.57";"1686.07";"506.46";"43.8";"84.09";"5.21";"590.55";"49.01";"108.22";"5.1";"91.85";"12.76";"2.55";"0.53";"30.51"
"Jack Senior";"J. Senior";"729158";"1997-01-13";"Doncaster Rovers FC";"1725";"ENG - League One";"101";"2025/2026";"129";"LB";"Full Back";"99.55";"11";"0";"10513.09";"105.61";"1391.82";"606.18";"58.73";"244.73";"12.09";"850.91";"70.82";"29.8";"30.58";"115.0";"8.09";"93.0";"17.0";"5.64";"0.64";"0.66";"1.91";"1.37";"1.49";"35.18";"2.01";"2.76";"9504.7";"105.61";"1258.32";"548.04";"53.09";"221.25";"10.93";"769.29";"64.03";"103.97";"7.31";"84.08";"15.37";"5.1";"1.73";"31.81"
"Owen Bailey";"O. Bailey";"729159";"1999-01-22";"Doncaster Rovers FC";"1725";"ENG - League One";"101";"2025/2026";"129";"RM";"Midfield";"99.34";"13";"0";"11210.69";"112.85";"1798.62";"689.46";"59.62";"131.46";"7.92";"820.92";"67.54";"28.02";"29.12";"125.77";"7.92";"100.46";"19.54";"4.92";"0.67";"0.79";"0.54";"1.36";"null";"42.08";"1.96";"2.68";"10156.55";"112.85";"1629.49";"624.63";"54.01";"119.1";"7.18";"743.73";"61.19";"113.94";"7.18";"91.02";"17.7";"4.46";"0.49";"38.12"
"Omar Sowunmi";"O. Sowunmi";"729164";"1995-11-07";"Bromley FC";"3700";"ENG - League Two";"204";"2025/2026";"129";"RCB";"Central Defender";"100.47";"19";"0";"10399.21";"103.5";"1189.58";"405.16";"39.47";"115.84";"7.26";"521.0";"46.74";"29.42";"31.48";"102.68";"5.05";"76.63";"8.79";"2.26";"0.6";"0.61";"1.05";"1.17";"1.44";"19.74";"2.04";"2.97";"9315.25";"103.5";"1065.58";"362.93";"35.36";"103.77";"6.51";"466.69";"41.87";"91.98";"4.53";"68.64";"7.87";"2.03";"0.94";"17.68"
"Aaron Nemane";"A. Nemane";"729166";"1997-09-26";"Milton Keynes Dons";"755";"ENG - League Two";"204";"2025/2026";"129";"RWB";"Full Back";"89.95";"10";"0";"9550.0";"106.17";"1417.6";"589.3";"53.8";"180.0";"11.0";"769.3";"64.8";"29.5";"30.46";"120.6";"7.4";"91.3";"21.4";"5.8";"0.61";"0.65";"2.5";"1.21";"1.25";"25.4";"2.0";"2.69";"9555.49";"106.17";"1418.41";"589.64";"53.83";"180.1";"11.01";"769.74";"64.84";"120.67";"7.4";"91.35";"21.41";"5.8";"2.5";"25.41"
"Kian Spence";"K. Spence";"729176";"2001-01-09";"Rotherham United";"750";"ENG - League One";"101";"2025/2026";"129";"RM";"Midfield";"91.05";"9";"0";"11126.44";"122.2";"2046.78";"766.11";"70.56";"182.56";"12.33";"948.67";"82.89";"28.1";"28.64";"130.89";"7.0";"100.33";"19.89";"3.89";"0.68";"0.73";"1.11";"1.47";"1.74";"63.89";"2.0";"2.62";"10998.13";"122.2";"2023.17";"757.28";"69.74";"180.45";"12.19";"937.73";"81.93";"129.38";"6.92";"99.18";"19.66";"3.84";"1.1";"63.15"
"Luke Graham";"L. Graham";"731480";"2004-02-11";"Dundee FC";"254";"SCO - Premiership";"18";"2025/2026";"129";"LCB";"Central Defender";"93.74";"9";"0";"10427.22";"111.23";"1370.78";"389.67";"37.89";"102.0";"5.44";"491.67";"43.33";"28.21";"29.72";"101.0";"5.33";"79.11";"11.44";"2.11";"0.8";"1.04";"0.56";"null";"null";"23.56";"2.24";"3.18";"10011.12";"111.23";"1316.08";"374.12";"36.38";"97.93";"5.23";"472.05";"41.6";"96.97";"5.12";"75.95";"10.99";"2.03";"0.53";"22.62"
"Luke Graham";"L. Graham";"731480";"2004-02-11";"Dundee FC";"254";"SCO - Premiership";"18";"2025/2026";"129";"RCB";"Central Defender";"98.01";"11";"0";"10537.18";"107.51";"1393.82";"437.09";"40.27";"101.82";"6.0";"538.91";"46.27";"27.84";"28.9";"106.18";"5.0";"84.45";"11.45";"2.18";"0.77";"0.85";"0.64";"1.83";"null";"24.91";"2.05";"2.94";"9676.11";"107.51";"1279.92";"401.37";"36.98";"93.5";"5.51";"494.87";"42.49";"97.5";"4.59";"77.55";"10.52";"2.0";"0.58";"22.87"
"Jake Bickerstaff";"J. Bickerstaff";"731632";"2001-09-11";"Cheltenham Town";"1870";"ENG - League Two";"204";"2025/2026";"129";"CF";"Center Forward";"88.37";"15";"0";"10034.27";"113.55";"1423.07";"715.13";"70.73";"232.6";"16.87";"947.73";"87.6";"29.25";"30.44";"116.13";"13.2";"86.07";"20.27";"9.8";"0.55";"0.57";"2.73";"1.12";"1.5";"49.67";"1.86";"2.74";"10219.48";"113.55";"1449.33";"728.33";"72.04";"236.89";"17.18";"965.23";"89.22";"118.28";"13.44";"87.66";"20.64";"9.98";"2.78";"50.58"
"Max Cleworth";"М. Cleworth";"731634";"2002-08-09";"Wrexham FC";"3139";"ENG - Championship";"31";"2025/2026";"129";"RCB";"Central Defender";"99.85";"28";"0";"10563.0";"105.79";"1407.0";"415.46";"37.14";"98.32";"5.18";"513.79";"42.32";"27.77";"29.74";"122.96";"5.04";"98.04";"12.96";"2.96";"0.64";"0.79";"0.25";"1.7";"null";"21.57";"2.02";"2.85";"9520.75";"105.79";"1268.17";"374.47";"33.48";"88.62";"4.67";"463.09";"38.15";"110.83";"4.54";"88.36";"11.69";"2.67";"0.23";"19.44"
"Luke Young";"L. Young";"731636";"1993-02-22";"Cheltenham Town";"1870";"ENG - League Two";"204";"2025/2026";"129";"RM";"Midfield";"95.48";"15";"0";"10987.33";"115.07";"1809.8";"613.13";"52.87";"106.53";"7.4";"719.67";"60.27";"27.7";"28.92";"127.93";"5.73";"106.07";"16.6";"3.73";"0.56";"0.6";"0.8";"1.36";"1.36";"29.27";"2.14";"2.67";"10356.24";"115.07";"1705.85";"577.92";"49.83";"100.41";"6.97";"678.33";"56.81";"120.59";"5.4";"99.97";"15.65";"3.52";"0.75";"27.59"
"Benn David Ward";"B. Ward";"731637";"2003-10-31";"Accrington Stanley";"1586";"ENG - League Two";"204";"2025/2026";"129";"LCB";"Central Defender";"99.55";"21";"0";"11074.52";"111.24";"1589.0";"547.95";"52.86";"131.81";"9.71";"679.76";"62.57";"28.88";"30.92";"127.1";"7.57";"91.62";"13.81";"5.29";"0.57";"0.6";"1.38";"1.07";"1.16";"33.19";"1.86";"2.77";"10012.05";"111.24";"1436.55";"495.38";"47.79";"119.16";"8.78";"614.55";"56.57";"114.9";"6.85";"82.83";"12.48";"4.78";"1.25";"30.01"
"Tom Nixon";"T. Nixon";"731641";"2002-11-25";"Doncaster Rovers FC";"1725";"ENG - League One";"101";"2025/2026";"129";"RB";"Full Back";"93.19";"8";"0";"10199.5";"109.45";"1483.88";"632.88";"57.5";"214.88";"10.5";"847.75";"68.0";"29.21";"29.64";"108.88";"8.5";"89.12";"14.75";"7.75";"0.66";"0.66";"1.62";"1.37";"1.62";"32.75";"1.9";"2.9";"9850.84";"109.45";"1433.15";"611.24";"55.53";"207.53";"10.14";"818.77";"65.68";"105.15";"8.21";"86.08";"14.25";"7.49";"1.57";"31.63"
"Jack  Shepherd";"J. Shepherd";"732322";"2001-06-24";"Barnsley FC";"878";"ENG - League One";"101";"2025/2026";"129";"LCB";"Central Defender";"95.82";"15";"0";"10253.87";"107.01";"1424.73";"418.93";"39.6";"98.47";"5.4";"517.4";"45.0";"28.08";"30.2";"115.73";"5.33";"90.47";"9.6";"3.13";"0.65";"0.74";"0.47";"1.45";"1.54";"21.87";"2.0";"2.93";"9631.06";"107.01";"1338.2";"393.49";"37.19";"92.49";"5.07";"485.97";"42.27";"108.7";"5.01";"84.97";"9.02";"2.94";"0.44";"20.54"
"Jack  Shepherd";"J. Shepherd";"732322";"2001-06-24";"Barnsley FC";"878";"ENG - League One";"101";"2025/2026";"129";"RCB";"Central Defender";"100.26";"9";"0";"10257.22";"102.31";"1266.11";"426.89";"42.22";"125.67";"6.89";"552.56";"49.11";"28.63";"29.18";"115.11";"5.44";"89.22";"11.44";"2.78";"0.67";"0.79";"1.11";"1.22";"1.62";"17.44";"2.54";"3.16";"9207.63";"102.31";"1136.55";"383.21";"37.9";"112.81";"6.18";"496.01";"44.09";"103.33";"4.89";"80.09";"10.27";"2.49";"1.0";"15.66"
"Kyran Lofthouse";"K. Lofthouse";"732328";"2000-09-15";"Burton Albion";"1874";"ENG - League One";"101";"2025/2026";"129";"RWB";"Full Back";"98.77";"27";"0";"10701.78";"108.35";"1472.85";"569.04";"50.93";"160.52";"8.11";"729.56";"59.04";"28.85";"30.96";"114.22";"7.67";"91.19";"16.04";"4.78";"0.62";"0.67";"0.81";"1.22";"1.28";"30.48";"1.9";"2.63";"9751.93";"108.35";"1342.13";"518.53";"46.41";"146.27";"7.39";"664.8";"53.8";"104.08";"6.99";"83.09";"14.61";"4.35";"0.74";"27.78"
"Bobby Pointon";"B. Pointon";"734152";"2004-01-04";"Bradford City AFC";"2810";"ENG - League One";"101";"2025/2026";"129";"AM";"Midfield";"86.17";"11";"0";"10389.45";"120.56";"1946.18";"768.36";"65.55";"142.91";"9.91";"911.27";"75.45";"27.43";"28.26";"117.45";"5.45";"94.36";"14.09";"3.09";"0.66";"0.68";"0.64";"1.6";"null";"44.45";"1.99";"2.65";"10850.7";"120.56";"2032.58";"802.48";"68.46";"149.25";"10.35";"951.73";"78.8";"122.67";"5.7";"98.55";"14.72";"3.23";"0.66";"46.43"
"Harry Forster";"H. Forster";"737407";"2000-05-11";"Crawley Town FC";"2635";"ENG - League Two";"204";"2025/2026";"129";"RWB";"Full Back";"97.37";"8";"0";"11579.38";"118.92";"1857.62";"777.12";"67.38";"224.0";"11.75";"1001.12";"79.12";"29.26";"30.42";"124.0";"9.62";"97.75";"19.12";"6.0";"0.69";"0.69";"1.25";"1.46";"null";"42.75";"2.09";"2.84";"10703.06";"118.92";"1717.04";"718.31";"62.28";"207.05";"10.86";"925.36";"73.14";"114.62";"8.9";"90.35";"17.68";"5.55";"1.16";"39.51"
"Alessandro Marcandalli";"A. Marcandalli";"738173";"2002-10-25";"Genoa";"135";"ITA - Serie A";"5";"2025/2026";"129";"RCB";"Central Defender";"95.04";"14";"0";"9707.36";"102.14";"1167.86";"435.43";"46.93";"204.36";"10.71";"639.79";"57.64";"30.16";"31.64";"105.71";"8.29";"82.21";"16.43";"6.36";"0.58";"0.64";"2.07";"1.13";"1.49";"35.43";"1.76";"2.61";"9192.76";"102.14";"1105.95";"412.35";"44.44";"193.52";"10.15";"605.87";"54.59";"100.11";"7.85";"77.86";"15.56";"6.02";"1.96";"33.55"
"Touré Bazoumana";"T. Bazoumana";"741380";"2006-03-02";"TSG 1899 Hoffenheim";"113";"GER - Bundesliga";"6";"2025/2026";"129";"LW";"Wide Attacker";"82.99";"9";"0";"9565.11";"115.26";"1331.56";"687.89";"76.67";"387.44";"19.89";"1075.33";"96.56";"32.5";"33.42";"106.11";"10.78";"84.78";"23.0";"8.67";"0.57";"0.61";"4.56";"1.1";"1.2";"46.89";"1.97";"2.79";"10373.43";"115.26";"1444.08";"746.02";"83.15";"420.19";"21.57";"1166.21";"104.72";"115.08";"11.69";"91.94";"24.94";"9.4";"4.94";"50.85"
"Jacobo Ramón Naveros";"Jacobo Ramón";"747384";"2005-01-06";"Como 1907";"1948";"ITA - Serie A";"5";"2025/2026";"129";"RCB";"Central Defender";"97.17";"18";"0";"9838.67";"101.26";"1138.5";"461.06";"43.56";"167.89";"8.56";"628.94";"52.11";"29.84";"31.24";"105.72";"5.67";"80.72";"14.17";"3.89";"0.71";"0.73";"0.94";"1.34";"1.47";"21.89";"2.09";"2.77";"9113.0";"101.26";"1054.53";"427.05";"40.34";"155.51";"7.92";"582.56";"48.27";"97.92";"5.25";"74.77";"13.12";"3.6";"0.87";"20.27"
"Finley Munroe";"F. Munroe";"757902";"2005-02-08";"Swindon Town";"1587";"ENG - League Two";"204";"2025/2026";"129";"LWB";"Full Back";"99.53";"15";"0";"10912.33";"109.64";"1418.13";"603.47";"55.93";"254.67";"11.6";"858.13";"67.53";"30.18";"31.58";"113.13";"6.87";"90.0";"16.0";"5.2";"0.6";"0.61";"1.47";"1.35";"1.47";"29.13";"2.08";"2.48";"9867.81";"109.64";"1282.39";"545.7";"50.58";"230.29";"10.49";"775.99";"61.07";"102.3";"6.21";"81.39";"14.47";"4.7";"1.33";"26.34"
"Marcus Ifill";"M. Ifill";"757966";"2003-11-02";"Bromley FC";"3700";"ENG - League Two";"204";"2025/2026";"129";"RB";"Full Back";"97.11";"13";"0";"10420.54";"107.31";"1326.92";"584.31";"55.54";"200.54";"10.77";"784.85";"66.31";"30.85";"31.68";"105.31";"7.62";"83.62";"13.92";"5.23";"0.6";"0.66";"2.77";"1.19";"1.45";"29.69";"2.01";"2.7";"9657.95";"107.31";"1229.82";"541.55";"51.47";"185.86";"9.98";"727.41";"61.46";"97.6";"7.06";"77.5";"12.9";"4.85";"2.57";"27.52"
"Harvey Araujo";"H. Araujo";"760678";"2004-09-03";"Colchester United FC";"2814";"ENG - League Two";"204";"2025/2026";"129";"LCB";"Central Defender";"101.48";"20";"0";"9418.15";"92.81";"936.7";"236.75";"24.15";"55.95";"2.2";"292.7";"26.35";"28.23";"30.14";"102.9";"2.9";"74.05";"7.1";"1.0";"0.73";"null";"0.05";"null";"null";"15.25";"2.3";"3.16";"8352.58";"92.81";"830.72";"209.96";"21.42";"49.62";"1.95";"259.58";"23.37";"91.26";"2.57";"65.67";"6.3";"0.89";"0.04";"13.52"
"Jonathan Bland";"J. Bland";"760712";"2005-10-24";"Barnsley FC";"878";"ENG - League One";"101";"2025/2026";"129";"RDM";"Midfield";"87.74";"11";"0";"10231.82";"116.62";"1914.36";"609.09";"49.18";"123.45";"6.18";"732.55";"55.36";"27.79";"28.8";"101.64";"3.27";"85.64";"11.45";"1.36";"0.69";"0.8";"0.45";"1.51";"null";"29.82";"1.97";"2.91";"10495.8";"116.62";"1963.76";"624.81";"50.45";"126.64";"6.34";"751.45";"56.79";"104.26";"3.36";"87.85";"11.75";"1.4";"0.47";"30.59"
"Luca Stephenson";"L. Stephenson";"768949";"2003-09-17";"Dundee United";"251";"SCO - Premiership";"18";"2025/2026";"129";"RWB";"Full Back";"94.74";"10";"0";"10211.3";"107.78";"1493.0";"645.5";"60.4";"258.6";"12.4";"904.1";"72.8";"30.27";"31.3";"123.3";"8.9";"97.5";"22.1";"6.3";"0.68";"0.72";"1.1";"1.46";"1.7";"33.3";"1.83";"2.85";"9700.41";"107.78";"1418.3";"613.2";"57.38";"245.66";"11.78";"858.87";"69.16";"117.13";"8.45";"92.62";"20.99";"5.98";"1.04";"31.63"
"Bailey-Tye Cadamarteri";"B. Cadamarteri";"774208";"2005-05-09";"Sheffield Wednesday";"749";"ENG - Championship";"31";"2025/2026";"129";"CF";"Center Forward";"90.54";"20";"0";"9961.75";"110.03";"1304.75";"541.15";"58.25";"237.55";"13.3";"778.7";"71.55";"30.37";"31.6";"102.85";"9.35";"80.3";"16.5";"6.95";"0.58";"0.58";"2.9";"1.19";"1.25";"37.15";"1.75";"2.73";"9902.7";"110.03";"1297.02";"537.94";"57.9";"236.14";"13.22";"774.08";"71.13";"102.24";"9.29";"79.82";"16.4";"6.91";"2.88";"36.93"
"Tom Iorpenda";"T. Iorpenda";"792105";"2005-04-06";"Notts County FC";"1563";"ENG - League Two";"204";"2025/2026";"129";"AM";"Midfield";"82.41";"9";"0";"9465.0";"114.85";"1446.11";"586.22";"57.11";"215.89";"11.67";"802.11";"68.78";"29.48";"30.36";"104.11";"7.11";"81.33";"16.67";"5.44";"0.63";"0.63";"1.56";"1.4";"1.4";"36.56";"2.13";"2.84";"10336.82";"114.85";"1579.31";"640.22";"62.37";"235.77";"12.74";"875.99";"75.11";"113.7";"7.77";"88.82";"18.2";"5.95";"1.7";"39.92"
"Tom Iorpenda";"T. Iorpenda";"792105";"2005-04-06";"Notts County FC";"1563";"ENG - League Two";"204";"2025/2026";"129";"LM";"Midfield";"97.62";"10";"0";"11293.4";"115.69";"1770.5";"636.4";"60.2";"221.9";"10.9";"858.3";"71.1";"28.82";"29.34";"117.3";"5.6";"96.6";"18.5";"3.5";"0.6";"0.73";"1.1";"1.45";"1.99";"41.2";"2.06";"2.95";"10411.86";"115.69";"1632.3";"586.72";"55.5";"204.58";"10.05";"791.3";"65.55";"108.14";"5.16";"89.06";"17.06";"3.23";"1.01";"37.98"
"Luca Woodhouse";"L. Woodhouse";"793273";"2004-07-25";"Exeter City FC";"2542";"ENG - League One";"101";"2025/2026";"129";"LCB";"Central Defender";"101.04";"8";"0";"10920.12";"108.07";"1448.5";"430.75";"39.88";"111.12";"6.62";"541.88";"46.5";"28.52";"29.6";"129.75";"6.75";"97.5";"14.5";"4.12";"0.67";"0.8";"0.75";"null";"null";"25.0";"2.03";"3.01";"9726.59";"108.07";"1290.18";"383.67";"35.52";"98.98";"5.9";"482.65";"41.42";"115.57";"6.01";"86.84";"12.92";"3.67";"0.67";"22.27"
"Zachary Sapsford";"Z. Sapsford";"795526";"2002-08-16";"Dundee United";"251";"SCO - Premiership";"18";"2025/2026";"129";"CF";"Center Forward";"85.82";"12";"0";"9818.83";"114.42";"1394.17";"554.67";"52.75";"181.0";"10.5";"735.67";"63.25";"28.38";"29.3";"89.58";"6.58";"71.67";"12.33";"3.83";"0.66";"0.89";"0.67";"1.76";"null";"49.83";"1.85";"2.95";"10297.64";"114.42";"1462.15";"581.71";"55.32";"189.83";"11.01";"771.54";"66.33";"93.95";"6.9";"75.16";"12.93";"4.02";"0.7";"52.26"
"Othmane Maamma";"O. Maamma";"797248";"2005-10-06";"Watford";"64";"ENG - Championship";"31";"2025/2026";"129";"RW";"Wide Attacker";"79.87";"8";"0";"8960.5";"112.19";"1232.75";"618.5";"65.38";"306.38";"16.0";"924.88";"81.38";"30.01";"30.46";"92.0";"7.38";"69.25";"19.0";"6.38";"0.68";"0.78";"1.75";"1.32";"1.4";"47.62";"1.92";"2.77";"10096.86";"112.19";"1389.09";"696.94";"73.67";"345.23";"18.03";"1042.17";"91.69";"103.67";"8.31";"78.03";"21.41";"7.18";"1.97";"53.66"
"Kyrell Jeremiah Wilson";"K. Wilson";"797313";"2004-12-01";"Falkirk";"240";"SCO - Premiership";"18";"2025/2026";"129";"RW";"Wide Attacker";"76.68";"11";"0";"9564.91";"124.73";"1542.45";"832.18";"85.91";"426.82";"21.36";"1259.0";"107.27";"31.33";"32.74";"103.36";"11.91";"82.36";"25.55";"9.09";"0.55";"0.58";"3.45";"1.06";"1.12";"50.64";"1.98";"2.57";"11225.71";"124.73";"1810.28";"976.68";"100.83";"500.93";"25.07";"1477.61";"125.9";"121.31";"13.98";"96.66";"29.98";"10.67";"4.05";"59.43"
"Ade Adeyemo";"A. Adeyemo";"797344";"1998-07-13";"Crawley Town FC";"2635";"ENG - League Two";"204";"2025/2026";"129";"LWB";"Full Back";"85.13";"8";"0";"9598.0";"112.74";"1436.62";"575.62";"52.25";"181.62";"9.62";"757.25";"61.88";"30.07";"30.86";"106.88";"8.62";"86.12";"14.38";"6.38";"0.62";"0.67";"2.25";"1.32";"null";"33.75";"1.9";"2.68";"10146.67";"112.74";"1518.75";"608.53";"55.24";"192.01";"10.18";"800.54";"65.41";"112.98";"9.12";"91.05";"15.2";"6.74";"2.38";"35.68"
"Vitor de Oliveira Nunes dos Reis";"Vitor Reis";"799292";"2006-01-12";"Girona FC";"348";"ESP - LaLiga";"4";"2025/2026";"129";"RCB";"Central Defender";"97.87";"16";"0";"10417.44";"106.45";"1299.44";"458.0";"43.81";"155.69";"8.44";"613.69";"52.25";"29.48";"30.94";"115.94";"5.94";"93.75";"12.88";"3.94";"0.66";"0.74";"1.31";"1.46";"1.64";"31.94";"1.92";"2.81";"9580.07";"106.45";"1194.99";"421.19";"40.29";"143.17";"7.76";"564.36";"48.05";"106.62";"5.46";"86.21";"11.84";"3.62";"1.21";"29.37"
"NoahKai Dominic Banks";"N. Banks";"799433";"2006-12-01";"FC Augsburg";"123";"GER - Bundesliga";"6";"2025/2026";"129";"RCB";"Central Defender";"97.33";"10";"0";"10639.6";"109.32";"1408.9";"441.2";"40.7";"133.1";"7.8";"574.3";"48.5";"29.0";"30.3";"116.0";"4.1";"91.6";"12.7";"3.1";"0.74";"0.88";"0.7";"1.85";"null";"31.1";"2.0";"3.05";"9838.49";"109.32";"1302.82";"407.98";"37.64";"123.08";"7.21";"531.06";"44.85";"107.27";"3.79";"84.7";"11.74";"2.87";"0.65";"28.76"
"Mamadou Doumbia";"M. Doumbia";"799553";"2006-02-18";"Watford";"64";"ENG - Championship";"31";"2025/2026";"129";"CF";"Center Forward";"87.25";"10";"0";"9991.9";"114.52";"1412.5";"633.5";"66.9";"244.6";"15.0";"878.1";"81.9";"29.5";"30.52";"107.5";"10.1";"86.5";"21.5";"8.1";"0.7";"0.79";"2.0";"1.41";"1.5";"43.5";"1.85";"2.83";"10306.63";"114.52";"1456.99";"653.45";"69.01";"252.3";"15.47";"905.76";"84.48";"110.89";"10.42";"89.22";"22.18";"8.36";"2.06";"44.87"
"Sydie Peck";"S. Peck";"800973";"2004-09-13";"Sheffield United";"746";"ENG - Championship";"31";"2025/2026";"129";"RM";"Midfield";"94.27";"8";"0";"11582.75";"122.87";"2243.88";"629.75";"50.38";"92.75";"5.38";"722.5";"55.75";"26.45";"27.02";"110.75";"3.38";"92.38";"8.5";"2.25";"0.84";"0.88";"0.88";"1.89";"2.1";"58.38";"1.97";"2.85";"11058.5";"122.87";"2142.31";"601.25";"48.09";"88.55";"5.13";"689.8";"53.23";"105.74";"3.22";"88.19";"8.12";"2.15";"0.84";"55.73"
"Micah Mbick";"M. Mbick";"801134";"2006-11-08";"Colchester United FC";"2814";"ENG - League Two";"204";"2025/2026";"129";"CF";"Center Forward";"89.75";"10";"0";"9540.8";"106.3";"1321.5";"616.4";"65.1";"225.4";"15.4";"841.8";"80.5";"29.51";"30.12";"112.5";"12.7";"83.3";"22.5";"9.3";"0.56";"0.71";"2.1";"1.28";"1.68";"39.8";"1.87";"3.09";"9567.2";"106.3";"1325.16";"618.11";"65.28";"226.02";"15.44";"844.13";"80.72";"112.81";"12.74";"83.53";"22.56";"9.33";"2.11";"39.91"
"Mikel Jauregizar Alboniga";"Mikel Jauregizar";"801428";"2003-11-13";"Athletic Club de Bilbao";"273";"ESP - LaLiga";"4";"2025/2026";"129";"LDM";"Midfield";"97.16";"11";"0";"11590.27";"119.29";"1795.0";"472.55";"41.45";"98.55";"5.82";"571.09";"47.27";"27.3";"28.74";"102.82";"3.18";"85.0";"10.36";"2.18";"0.68";"0.77";"0.45";"1.31";"null";"43.09";"1.99";"2.8";"10735.75";"119.29";"1662.66";"437.71";"38.4";"91.28";"5.39";"528.99";"43.79";"95.24";"2.95";"78.73";"9.6";"2.02";"0.42";"39.91"
"Jenson Metcalfe";"J. Metcalfe";"801754";"2004-09-06";"Bradford City AFC";"2810";"ENG - League One";"101";"2025/2026";"129";"LM";"Midfield";"100.09";"12";"0";"11273.33";"112.63";"2093.42";"775.92";"68.0";"164.33";"10.17";"940.25";"78.17";"28.27";"29.1";"125.75";"6.67";"98.75";"19.92";"4.33";"0.71";"0.81";"0.83";"1.29";"null";"58.0";"1.81";"2.44";"10136.57";"112.63";"1882.32";"697.68";"61.14";"147.76";"9.14";"845.44";"70.28";"113.07";"5.99";"88.79";"17.91";"3.9";"0.75";"52.15"
"Richard Kone";"R. Kone";"808238";"2003-07-15";"Queens Park Rangers";"56";"ENG - Championship";"31";"2025/2026";"129";"CF";"Center Forward";"90.25";"20";"0";"10510.95";"116.47";"1741.45";"729.3";"66.2";"213.85";"12.85";"943.15";"79.05";"29.05";"30.72";"121.95";"10.75";"99.85";"18.05";"6.95";"0.61";"0.64";"2.0";"1.34";"1.52";"44.85";"1.92";"2.74";"10482.32";"116.47";"1736.71";"727.31";"66.02";"213.27";"12.81";"940.58";"78.83";"121.62";"10.72";"99.58";"18.0";"6.93";"1.99";"44.73"
"Cian Ashford";"C. Ashford";"808636";"2004-09-24";"Cardiff City";"61";"ENG - League One";"101";"2025/2026";"129";"RW";"Wide Attacker";"82.88";"12";"0";"9030.58";"108.96";"1365.58";"631.83";"62.58";"280.92";"14.42";"912.75";"77.0";"30.27";"31.56";"98.83";"8.42";"77.58";"18.75";"6.5";"0.62";"0.62";"2.5";"1.26";"1.43";"42.25";"1.92";"2.56";"9806.15";"108.96";"1482.86";"686.1";"67.96";"305.04";"15.65";"991.14";"83.61";"107.32";"9.14";"84.25";"20.36";"7.06";"2.71";"45.88"
"Jack Moylan";"J. Moylan";"808659";"2001-09-01";"Lincoln City FC";"1721";"ENG - League One";"101";"2025/2026";"129";"AM";"Midfield";"76.89";"9";"0";"9106.44";"118.44";"1455.44";"564.33";"53.33";"179.33";"10.11";"743.67";"63.44";"28.99";"29.68";"98.0";"5.44";"81.89";"12.33";"4.33";"0.64";"0.7";"1.11";"1.44";"null";"41.11";"1.88";"2.69";"10659.53";"118.44";"1703.67";"660.58";"62.43";"209.92";"11.84";"870.5";"74.26";"114.71";"6.37";"95.85";"14.44";"5.07";"1.3";"48.12"
"Arthur Ebong Avom";"A. Avom";"808713";"2004-12-15";"FC Lorient";"72";"FRA - Ligue 1";"3";"2025/2026";"129";"RM";"Midfield";"97.76";"11";"0";"12002.45";"122.78";"2007.91";"644.82";"61.27";"174.45";"10.09";"819.27";"71.36";"28.67";"30.18";"126.18";"5.73";"103.0";"17.27";"4.18";"0.61";"0.71";"1.55";"1.14";"1.35";"50.82";"2.02";"2.72";"11049.83";"122.78";"1848.54";"593.64";"56.41";"160.61";"9.29";"754.25";"65.7";"116.17";"5.27";"94.82";"15.9";"3.85";"1.42";"46.78"
"Jamie McDonnell";"J. McDonnell";"808988";"2004-02-16";"Mansfield Town FC";"2819";"ENG - League One";"101";"2025/2026";"129";"RDM";"Midfield";"99.86";"10";"0";"10982.1";"109.98";"1565.1";"424.0";"43.2";"127.9";"6.4";"551.9";"49.6";"29.27";"30.52";"110.7";"4.7";"96.2";"11.4";"3.0";"0.64";"0.72";"0.8";"1.44";"1.52";"40.4";"1.99";"2.65";"9898.24";"109.98";"1410.64";"382.15";"38.94";"115.28";"5.77";"497.43";"44.7";"99.77";"4.24";"86.71";"10.27";"2.7";"0.72";"36.41"
"Esteban Lepaul";"E. Lepaul";"809334";"2000-04-18";"Stade Rennais FC";"79";"FRA - Ligue 1";"3";"2025/2026";"129";"CF";"Center Forward";"84.05";"16";"0";"9821.69";"116.86";"1408.81";"678.38";"66.19";"228.5";"14.0";"906.88";"80.19";"28.82";"30.16";"101.25";"7.75";"83.81";"15.25";"5.44";"0.67";"0.7";"1.5";"1.32";"1.36";"49.38";"1.72";"2.77";"10517.24";"116.86";"1508.58";"726.42";"70.87";"244.68";"14.99";"971.1";"85.87";"108.42";"8.3";"89.75";"16.33";"5.82";"1.61";"52.87"
"Tiago Gabriel Coelho Oliveira";"Tiago Gabriel";"809343";"2004-12-26";"Lecce";"147";"ITA - Serie A";"5";"2025/2026";"129";"LCB";"Central Defender";"98.34";"20";"0";"9519.4";"96.8";"1100.55";"324.8";"31.2";"84.85";"5.05";"409.65";"36.25";"28.43";"30.0";"99.1";"4.0";"76.3";"11.55";"2.9";"0.68";"0.73";"0.85";"1.29";"1.47";"20.6";"1.92";"2.78";"8711.79";"96.8";"1007.18";"297.24";"28.55";"77.65";"4.62";"374.9";"33.17";"90.69";"3.66";"69.83";"10.57";"2.65";"0.78";"18.85"
"Jordan  Thomas";"J. Thomas";"809760";"2001-05-02";"Cheltenham Town";"1870";"ENG - League Two";"204";"2025/2026";"129";"RW";"Wide Attacker";"89.64";"8";"0";"9766.25";"108.95";"1275.88";"541.75";"48.38";"120.88";"9.12";"662.62";"57.5";"27.65";"28.34";"108.12";"5.75";"82.12";"14.75";"2.75";"0.63";"0.75";"0.62";"null";"null";"34.12";"2.15";"2.89";"9805.52";"108.95";"1281.0";"543.93";"48.57";"121.36";"9.16";"665.29";"57.73";"108.56";"5.77";"82.46";"14.81";"2.76";"0.63";"34.26"
"Abdoul Karim  Coulibaly";"A. Coulibaly";"810539";"2007-05-23";"SV Werder Bremen";"111";"GER - Bundesliga";"6";"2025/2026";"129";"LCB";"Central Defender";"95.54";"17";"0";"10697.94";"111.98";"1397.47";"454.06";"42.0";"119.88";"7.59";"573.94";"49.59";"28.62";"30.26";"109.24";"5.29";"85.47";"12.59";"4.18";"0.68";"0.69";"1.12";"1.37";"1.41";"32.59";"1.97";"2.66";"10077.79";"111.98";"1316.46";"427.74";"39.57";"112.93";"7.15";"540.67";"46.71";"102.9";"4.99";"80.52";"11.86";"3.93";"1.05";"30.7"
"Djaoui Cissé";"D. Cissé";"811002";"2004-01-31";"Stade Rennais FC";"79";"FRA - Ligue 1";"3";"2025/2026";"129";"LM";"Midfield";"68.3";"8";"0";"8178.88";"119.75";"1250.62";"384.12";"33.25";"55.75";"2.75";"439.88";"36.0";"26.35";"27.48";"86.88";"3.25";"69.75";"8.88";"2.25";"0.79";"0.83";"0.12";"null";"null";"26.25";"2.22";"2.85";"10777.76";"119.75";"1648.02";"506.18";"43.82";"73.46";"3.62";"579.65";"47.44";"114.48";"4.28";"91.91";"11.7";"2.96";"0.16";"34.59"
"Harley Mills";"H. Mills";"811822";"2005-11-03";"Peterborough United";"1869";"ENG - League One";"101";"2025/2026";"129";"LB";"Full Back";"93.53";"9";"0";"10504.11";"112.31";"1673.22";"651.0";"58.67";"189.56";"10.0";"840.56";"68.67";"28.9";"29.86";"122.78";"7.22";"95.89";"18.67";"4.22";"0.7";"0.98";"0.89";"1.47";"null";"31.11";"2.08";"2.88";"10107.91";"112.31";"1610.11";"626.44";"56.45";"182.41";"9.62";"808.85";"66.08";"118.15";"6.95";"92.27";"17.96";"4.06";"0.86";"29.94"
"Krisztián Keresztes";"K. Keresztes";"812867";"2000-01-04";"Dundee United";"251";"SCO - Premiership";"18";"2025/2026";"129";"LCB";"Central Defender";"98.21";"18";"0";"9662.17";"98.38";"1036.06";"380.22";"37.5";"141.44";"6.78";"521.67";"44.28";"29.22";"31.42";"100.67";"4.28";"76.5";"8.72";"3.17";"0.71";"0.81";"1.44";"1.29";"1.77";"21.44";"2.19";"2.88";"8854.51";"98.38";"949.45";"348.44";"34.37";"129.62";"6.21";"478.06";"40.58";"92.25";"3.92";"70.11";"7.99";"2.9";"1.32";"19.65"
"Jamie Ryan Jellis";"J. Jellis";"813676";"2001-01-12";"Walsall FC";"2508";"ENG - League Two";"204";"2025/2026";"129";"RM";"Midfield";"75.92";"9";"0";"9259.67";"121.97";"1621.44";"623.44";"62.22";"205.56";"12.56";"829.0";"74.78";"29.06";"29.72";"104.78";"6.33";"85.0";"17.44";"4.33";"0.68";"0.8";"1.44";"1.44";"2.07";"54.56";"1.96";"2.61";"10977.43";"121.97";"1922.24";"739.1";"73.77";"243.69";"14.88";"982.79";"88.65";"124.22";"7.51";"100.77";"20.68";"5.14";"1.71";"64.68"
"Adrián Liso Lahoz";"Adrián Liso";"814544";"2005-04-02";"Getafe CF";"268";"ESP - LaLiga";"4";"2025/2026";"129";"CF";"Center Forward";"90.64";"10";"0";"9720.6";"107.25";"1224.8";"544.9";"61.5";"200.2";"11.9";"745.1";"73.4";"29.97";"30.8";"98.1";"9.9";"77.7";"21.7";"7.7";"0.58";"0.59";"3.3";"1.16";"1.23";"45.1";"1.96";"2.67";"9652.32";"107.25";"1216.2";"541.07";"61.07";"198.79";"11.82";"739.87";"72.88";"97.41";"9.83";"77.15";"21.55";"7.65";"3.28";"44.78"
"Richard King";"R. King";"815351";"2001-11-27";"St. Mirren";"249";"SCO - Premiership";"18";"2025/2026";"129";"CB";"Central Defender";"93.18";"12";"0";"9658.33";"103.65";"1204.5";"420.58";"42.5";"155.42";"8.17";"576.0";"50.67";"30.48";"32.0";"100.67";"6.92";"82.67";"13.83";"4.0";"0.6";"0.7";"0.92";"1.27";"null";"20.67";"2.04";"2.86";"9328.8";"103.65";"1163.4";"406.23";"41.05";"150.11";"7.89";"556.35";"48.94";"97.23";"6.68";"79.85";"13.36";"3.86";"0.89";"19.96"
"Terry Yegbe";"T. Yegbe";"817296";"2001-01-25";"FC Metz";"97";"FRA - Ligue 1";"3";"2025/2026";"129";"LCB";"Central Defender";"96.42";"14";"0";"9787.79";"101.51";"1232.93";"404.43";"40.21";"116.36";"7.21";"520.79";"47.43";"29.33";"32.36";"114.36";"6.57";"91.79";"16.07";"4.14";"0.62";"0.66";"1.07";"1.19";"1.28";"27.5";"2.3";"2.86";"9136.28";"101.51";"1150.86";"377.51";"37.54";"108.61";"6.73";"486.12";"44.27";"106.75";"6.13";"85.68";"15.0";"3.87";"1.0";"25.67"
"Harry Amass Fiorentino";"H. Amass";"818185";"2007-03-16";"Sheffield Wednesday";"749";"ENG - Championship";"31";"2025/2026";"129";"LWB";"Full Back";"97.89";"20";"0";"10778.7";"110.11";"1566.4";"656.7";"62.6";"199.05";"11.65";"855.75";"74.25";"29.11";"31.16";"119.45";"8.85";"94.35";"20.6";"6.5";"0.58";"0.6";"1.5";"1.26";"1.29";"48.3";"1.96";"2.5";"9910.27";"110.11";"1440.2";"603.79";"57.56";"183.01";"10.71";"786.8";"68.27";"109.83";"8.14";"86.75";"18.94";"5.98";"1.38";"44.41"
"Ethan Joseph Wheatley";"E. Wheatley";"818302";"2006-01-20";"Northampton Town FC";"2811";"ENG - League One";"101";"2025/2026";"129";"CF";"Center Forward";"87.5";"16";"0";"9704.06";"110.91";"1209.0";"639.56";"76.19";"403.0";"21.62";"1042.56";"97.81";"31.61";"32.96";"100.25";"11.25";"76.44";"20.44";"8.38";"0.59";"0.63";"3.75";"1.11";"1.12";"39.06";"1.76";"2.8";"9981.56";"110.91";"1243.57";"657.85";"78.37";"414.52";"22.24";"1072.38";"100.61";"103.12";"11.57";"78.62";"21.02";"8.61";"3.86";"40.18"
"Kan Guy Arsène Kouassi";"A. Kouassi";"819093";"2004-09-11";"FC Lorient";"72";"FRA - Ligue 1";"3";"2025/2026";"129";"LWB";"Full Back";"92.82";"20";"0";"10508.2";"113.21";"1444.6";"533.45";"53.75";"201.6";"10.75";"735.05";"64.5";"29.46";"30.72";"113.7";"9.25";"98.3";"19.05";"6.45";"0.58";"0.58";"2.5";"1.08";"1.13";"40.1";"1.95";"2.47";"10189.04";"113.21";"1400.72";"517.25";"52.12";"195.48";"10.42";"712.72";"62.54";"110.25";"8.97";"95.31";"18.47";"6.25";"2.42";"38.88"
"Yanis Zouaoui";"Y. Zouaoui";"820816";"1998-04-28";"Le Havre AC";"69";"FRA - Ligue 1";"3";"2025/2026";"129";"LB";"Full Back";"92.49";"16";"0";"10290.31";"111.26";"1433.25";"559.31";"55.25";"193.0";"11.31";"752.31";"66.56";"28.88";"30.5";"104.5";"7.0";"82.19";"20.06";"4.94";"0.72";"0.73";"1.75";"1.43";"1.65";"38.62";"1.92";"2.66";"10013.21";"111.26";"1394.65";"544.25";"53.76";"187.8";"11.01";"732.05";"64.77";"101.69";"6.81";"79.97";"19.52";"4.8";"1.7";"37.58"
"Abdulai Juma Bah";"Juma Bah";"829605";"2006-04-11";"OGC Nice";"70";"FRA - Ligue 1";"3";"2025/2026";"129";"CB";"Central Defender";"99.86";"8";"0";"10391.25";"104.06";"1220.12";"427.75";"41.0";"139.0";"7.0";"566.75";"48.0";"29.36";"30.22";"110.0";"5.12";"82.88";"12.12";"4.0";"0.71";"0.77";"1.0";"1.52";"null";"24.5";"2.01";"2.97";"9365.2";"104.06";"1099.65";"385.51";"36.95";"125.27";"6.31";"510.79";"43.26";"99.14";"4.62";"74.69";"10.93";"3.61";"0.9";"22.08"
"Evan Weir";"E. Weir";"838800";"2002-04-16";"Walsall FC";"2508";"ENG - League Two";"204";"2025/2026";"129";"LCB";"Central Defender";"98.99";"23";"0";"10047.61";"101.5";"1083.48";"365.78";"35.48";"113.35";"6.13";"479.13";"41.61";"28.95";"30.44";"100.17";"3.43";"74.83";"8.74";"2.52";"0.59";"0.74";"0.91";"1.19";"1.56";"19.65";"1.88";"2.77";"9135.39";"101.5";"985.11";"332.57";"32.26";"103.06";"5.57";"435.63";"37.83";"91.08";"3.12";"68.03";"7.95";"2.29";"0.83";"17.87"
"Ethan Schilte-Brown";"E. Schilte-Brown";"847432";"2005-06-01";"Kilmarnock";"244";"SCO - Premiership";"18";"2025/2026";"129";"RCB";"Central Defender";"94.11";"8";"0";"9702.5";"103.1";"1189.38";"372.62";"33.62";"93.5";"5.0";"466.12";"38.62";"27.48";"27.94";"107.75";"5.75";"83.25";"11.88";"3.88";"0.75";"0.75";"0.25";"null";"null";"28.88";"1.98";"3.07";"9278.73";"103.1";"1137.43";"356.35";"32.16";"89.42";"4.78";"445.77";"36.94";"103.04";"5.5";"79.61";"11.36";"3.71";"0.24";"27.61"
"Rumarn Burrell";"R. Burrell";"850808";"2000-12-16";"Queens Park Rangers";"56";"ENG - Championship";"31";"2025/2026";"129";"CF";"Center Forward";"95.39";"18";"0";"10455.56";"109.6";"1525.44";"710.89";"79.56";"348.44";"19.11";"1059.33";"98.67";"30.98";"32.78";"130.0";"15.06";"101.11";"23.56";"10.61";"0.58";"0.59";"3.39";"1.1";"1.13";"52.83";"1.91";"2.6";"9864.31";"109.6";"1439.18";"670.69";"75.06";"328.74";"18.03";"999.43";"93.09";"122.65";"14.2";"95.39";"22.22";"10.01";"3.2";"49.85"
"Idris Odutayo";"I. Odutayo";"852417";"2002-10-26";"Bromley FC";"3700";"ENG - League Two";"204";"2025/2026";"129";"LB";"Full Back";"100.6";"16";"0";"10444.38";"103.82";"1229.56";"497.56";"46.94";"155.56";"7.88";"653.12";"54.81";"29.61";"31.62";"103.62";"6.5";"82.5";"11.44";"4.25";"0.62";"0.77";"1.5";"1.22";"null";"26.06";"1.83";"2.65";"9344.07";"103.82";"1100.03";"445.14";"41.99";"139.17";"7.05";"584.32";"49.04";"92.71";"5.82";"73.81";"10.23";"3.8";"1.34";"23.32"
"Idris Odutayo";"I. Odutayo";"852417";"2002-10-26";"Bromley FC";"3700";"ENG - League Two";"204";"2025/2026";"129";"LCB";"Central Defender";"95.8";"8";"0";"9676.38";"101.01";"1071.12";"435.62";"42.12";"146.88";"8.0";"582.5";"50.12";"28.82";"29.52";"96.88";"4.12";"66.12";"9.12";"2.38";"0.79";"0.81";"0.75";"1.43";"null";"22.5";"1.97";"2.9";"9090.74";"101.01";"1006.3";"409.26";"39.58";"137.99";"7.52";"547.25";"47.09";"91.01";"3.88";"62.12";"8.57";"2.23";"0.7";"21.14"
"Corey Whitely";"C. Whitely";"852419";"1991-07-11";"Bromley FC";"3700";"ENG - League Two";"204";"2025/2026";"129";"RW";"Wide Attacker";"81.11";"13";"0";"9079.08";"111.94";"1232.46";"578.23";"58.15";"246.23";"13.38";"824.46";"71.54";"30.64";"31.86";"91.69";"7.62";"70.69";"15.77";"5.92";"0.62";"0.64";"1.92";"1.11";"1.39";"34.23";"1.98";"2.65";"10074.15";"111.94";"1367.54";"641.61";"64.53";"273.22";"14.85";"914.82";"79.38";"101.74";"8.45";"78.44";"17.5";"6.57";"2.13";"37.98"
"Michael Cheek";"M. Cheek";"852420";"1991-08-23";"Bromley FC";"3700";"ENG - League Two";"204";"2025/2026";"129";"CF";"Center Forward";"92.59";"25";"0";"9587.36";"103.55";"1146.8";"534.2";"53.96";"214.4";"11.92";"748.6";"65.88";"29.28";"30.72";"93.76";"8.72";"73.16";"14.0";"6.52";"0.59";"0.64";"1.88";"1.23";"1.44";"30.4";"1.75";"2.67";"9319.64";"103.55";"1114.78";"519.28";"52.45";"208.41";"11.59";"727.7";"64.04";"91.14";"8.48";"71.12";"13.61";"6.34";"1.83";"29.55"
"Kayden Hughes";"K. Hughes";"854974";"2005-11-28";"Fleetwood Town FC";"1724";"ENG - League Two";"204";"2025/2026";"129";"LCB";"Central Defender";"96.26";"14";"0";"9713.21";"100.9";"1039.36";"377.64";"36.93";"103.71";"6.07";"481.36";"43.0";"28.49";"29.34";"115.36";"5.29";"86.71";"11.71";"3.71";"0.68";"null";"1.79";"1.24";"null";"19.07";"2.1";"2.92";"9081.36";"100.9";"971.75";"353.08";"34.53";"96.97";"5.68";"450.04";"40.2";"107.85";"4.94";"81.07";"10.95";"3.47";"1.67";"17.83"
"Connor Barrett";"C. Barrett";"855807";"2002-03-01";"Walsall FC";"2508";"ENG - League Two";"204";"2025/2026";"129";"RWB";"Full Back";"96.06";"25";"0";"10132.4";"105.48";"1316.04";"544.88";"58.96";"262.2";"12.96";"807.08";"71.92";"31.64";"33.66";"110.28";"9.68";"89.92";"20.44";"6.92";"0.54";"0.55";"3.04";"1.06";"1.09";"32.32";"1.88";"2.56";"9493.52";"105.48";"1233.06";"510.52";"55.24";"245.67";"12.14";"756.19";"67.39";"103.33";"9.07";"84.25";"19.15";"6.48";"2.85";"30.28"
"Cláudio Rafael Soares Braga";"Cláudio Braga";"856414";"1999-10-28";"Heart of Midlothian";"242";"SCO - Premiership";"18";"2025/2026";"129";"CF";"Center Forward";"84.43";"12";"0";"9501.67";"112.53";"1338.25";"686.5";"73.92";"337.33";"18.92";"1023.83";"92.83";"30.5";"31.24";"108.33";"9.58";"86.92";"19.5";"7.33";"0.62";"0.64";"2.83";"1.24";"1.32";"48.92";"1.87";"2.69";"10128.11";"112.53";"1426.48";"731.76";"78.79";"359.57";"20.16";"1091.33";"98.95";"115.48";"10.22";"92.65";"20.79";"7.82";"3.02";"52.14"
"Charlie Mel  Barker";"C. Barker";"860967";"2003-02-12";"Crawley Town FC";"2635";"ENG - League Two";"204";"2025/2026";"129";"RCB";"Central Defender";"99.11";"24";"0";"10560.96";"106.56";"1488.38";"512.92";"44.67";"118.0";"6.83";"630.92";"51.5";"28.28";"29.82";"122.83";"7.0";"89.46";"11.67";"4.38";"0.59";"0.66";"1.08";"1.14";"1.45";"21.21";"1.87";"2.59";"9590.51";"106.56";"1351.61";"465.78";"40.56";"107.16";"6.21";"572.94";"46.77";"111.55";"6.36";"81.24";"10.59";"3.97";"0.98";"19.26"
"Miguel Freckleton";"M. Freckleton";"862809";"2003-06-08";"St. Mirren";"249";"SCO - Premiership";"18";"2025/2026";"129";"LCB";"Central Defender";"97.62";"23";"0";"11035.7";"113.04";"1562.13";"585.13";"52.91";"221.43";"10.39";"806.57";"63.3";"29.99";"32.38";"109.0";"6.17";"89.17";"13.04";"4.09";"0.61";"0.61";"1.52";"1.26";"1.35";"31.65";"1.91";"2.58";"10173.94";"113.04";"1440.15";"539.44";"48.78";"204.14";"9.58";"743.58";"58.36";"100.49";"5.69";"82.21";"12.02";"3.77";"1.4";"29.18"
"Dayann Methalie";"D. Methalie";"864699";"2006-02-15";"Toulouse FC";"74";"FRA - Ligue 1";"3";"2025/2026";"129";"LWB";"Full Back";"85.51";"12";"0";"9926.83";"116.09";"1501.83";"740.67";"76.75";"351.5";"19.58";"1092.17";"96.33";"31.35";"32.54";"108.92";"11.25";"83.25";"26.0";"8.75";"0.58";"0.6";"4.08";"1.1";"1.18";"46.33";"1.83";"2.56";"10448.28";"116.09";"1580.72";"779.57";"80.78";"369.96";"20.61";"1149.54";"101.39";"114.64";"11.84";"87.62";"27.37";"9.21";"4.3";"48.77"
"Arkell Jude-boyd";"A. Jude-boyd";"865671";"2003-01-22";"Cheltenham Town";"1870";"ENG - League Two";"204";"2025/2026";"129";"RB";"Full Back";"95.21";"11";"0";"10575.55";"111.07";"1437.73";"561.27";"51.09";"160.0";"8.45";"721.27";"59.55";"29.01";"30.18";"122.91";"7.0";"100.09";"14.0";"5.55";"0.61";"0.61";"1.91";"1.25";"1.53";"32.45";"2.11";"2.81";"9996.46";"111.07";"1359.0";"530.54";"48.29";"151.24";"7.99";"681.78";"56.28";"116.18";"6.62";"94.61";"13.23";"5.24";"1.8";"30.68"
"Ashqar Ahmed";"A. Ahmed";"870749";"2007-08-31";"Reading";"59";"ENG - League One";"101";"2025/2026";"129";"RB";"Full Back";"71.84";"8";"0";"7833.62";"109.05";"1091.62";"541.12";"56.88";"234.62";"13.0";"775.75";"69.88";"29.82";"30.74";"91.75";"6.12";"79.38";"18.38";"5.25";"0.72";"0.79";"2.38";"1.27";"1.53";"31.12";"2.04";"2.7";"9814.18";"109.05";"1367.62";"677.94";"71.25";"293.94";"16.29";"971.88";"87.54";"114.95";"7.67";"99.44";"23.02";"6.58";"2.98";"38.99"
"Jesús  Rodríguez Caraballo";"Jesús Rodríguez";"885729";"2005-11-21";"Como 1907";"1948";"ITA - Serie A";"5";"2025/2026";"129";"LW";"Wide Attacker";"87.22";"10";"0";"9175.7";"105.2";"1271.3";"687.7";"70.2";"300.2";"16.4";"987.9";"86.6";"30.53";"31.3";"99.7";"9.4";"76.1";"23.3";"7.1";"0.6";"0.61";"3.0";"1.08";"1.19";"45.7";"1.96";"2.81";"9468.34";"105.2";"1311.85";"709.63";"72.44";"309.77";"16.92";"1019.41";"89.36";"102.88";"9.7";"78.53";"24.04";"7.33";"3.1";"47.16"
"Joe Quigley";"J. Quigley";"888018";"1996-12-10";"Oldham Athletic AFC";"3952";"ENG - League Two";"204";"2025/2026";"129";"CF";"Center Forward";"86.8";"8";"0";"8963.5";"103.27";"1029.25";"456.88";"46.38";"156.75";"8.88";"613.62";"55.25";"28.56";"29.16";"86.0";"7.38";"73.38";"12.38";"3.25";"0.71";"null";"0.75";"null";"null";"27.12";"1.74";"null";"9294.17";"103.27";"1067.22";"473.73";"48.09";"162.53";"9.2";"636.26";"57.29";"89.17";"7.65";"76.08";"12.83";"3.37";"0.78";"28.13"
"Ronan Kpakio";"R. Kpakio";"889323";"2007-05-25";"Cardiff City";"61";"ENG - League One";"101";"2025/2026";"129";"RB";"Full Back";"99.2";"11";"0";"10847.64";"109.35";"1671.27";"749.36";"69.73";"258.64";"13.64";"1008.0";"83.36";"29.25";"29.94";"128.55";"9.36";"104.55";"22.18";"7.45";"0.67";"0.7";"2.0";"1.14";"1.53";"39.09";"2.13";"2.62";"9841.91";"109.35";"1516.32";"679.89";"63.26";"234.66";"12.37";"914.54";"75.63";"116.63";"8.5";"94.85";"20.13";"6.76";"1.81";"35.47"
"Liam Mandeville";"L. Mandeville";"890484";"1997-02-17";"Chesterfield FC";"3361";"ENG - League Two";"204";"2025/2026";"129";"RW";"Wide Attacker";"89.25";"10";"0";"10703.0";"119.93";"1791.1";"680.0";"55.1";"129.9";"7.1";"809.9";"62.2";"27.72";"28.34";"108.3";"5.2";"90.1";"14.6";"3.2";"0.67";"0.79";"0.5";"1.75";"null";"45.7";"1.95";"2.74";"10793.55";"119.93";"1806.25";"685.75";"55.57";"131.0";"7.16";"816.75";"62.73";"109.22";"5.24";"90.86";"14.72";"3.23";"0.5";"46.09"
"Daniele James Collinge";"D. Collinge";"891369";"1998-04-09";"Barnet FC";"3940";"ENG - League Two";"204";"2025/2026";"129";"RCB";"Central Defender";"99.38";"20";"0";"10556.45";"106.22";"1308.7";"463.8";"43.2";"122.95";"7.2";"586.75";"50.4";"29.07";"31.32";"115.25";"7.1";"82.6";"13.65";"3.7";"0.57";"0.61";"1.35";"1.17";"1.39";"21.45";"1.96";"3.14";"9559.76";"106.22";"1185.14";"420.01";"39.12";"111.34";"6.52";"531.35";"45.64";"104.37";"6.43";"74.8";"12.36";"3.35";"1.22";"19.42"
"Adebola Oluwo";"A. Oluwo";"891372";"1999-11-19";"Salford City FC";"2816";"ENG - League Two";"204";"2025/2026";"129";"CB";"Central Defender";"99.57";"21";"0";"10039.1";"100.82";"1238.29";"437.67";"44.0";"133.57";"8.33";"571.24";"52.33";"29.21";"31.38";"119.14";"6.29";"85.0";"12.29";"4.19";"0.6";"0.69";"1.24";"1.25";"1.41";"22.48";"2.0";"2.96";"9074.07";"100.82";"1119.25";"395.6";"39.77";"120.73";"7.53";"516.33";"47.3";"107.69";"5.68";"76.83";"11.1";"3.79";"1.12";"20.32"
"Callum Stead";"C. Stead";"891373";"1999-12-25";"Barnet FC";"3940";"ENG - League Two";"204";"2025/2026";"129";"AM";"Midfield";"87.44";"9";"0";"10638.44";"121.67";"1792.0";"805.22";"72.44";"210.22";"14.33";"1015.44";"86.78";"28.88";"29.66";"108.44";"6.11";"90.78";"14.67";"3.78";"0.66";"0.82";"1.0";"1.31";"null";"47.11";"2.18";"2.82";"10950.51";"121.67";"1844.57";"828.84";"74.57";"216.39";"14.75";"1045.23";"89.32";"111.63";"6.29";"93.44";"15.1";"3.89";"1.03";"48.49"
"Kyrell  Lisbie";"K. Lisbie";"891440";"2003-12-01";"Peterborough United";"1869";"ENG - League One";"101";"2025/2026";"129";"LW";"Wide Attacker";"89.23";"18";"0";"9421.06";"105.58";"1313.39";"632.0";"68.78";"317.0";"17.22";"949.0";"86.0";"31.17";"32.42";"120.44";"13.94";"91.89";"26.17";"10.56";"0.58";"0.61";"4.5";"1.08";"1.21";"40.61";"1.99";"2.49";"9502.0";"105.58";"1324.67";"637.43";"69.37";"319.72";"17.37";"957.15";"86.74";"121.48";"14.06";"92.68";"26.39";"10.65";"4.54";"40.96"
"Jack Evans";"J. Evans";"891553";"2000-08-10";"Harrogate Town FC";"2818";"ENG - League Two";"204";"2025/2026";"129";"LDM";"Midfield";"98.34";"16";"0";"11404.81";"115.97";"1666.69";"649.25";"70.06";"263.56";"15.75";"912.81";"85.81";"30.29";"31.4";"134.62";"8.94";"109.0";"20.12";"6.56";"0.53";"0.61";"2.19";"1.23";"1.35";"52.94";"1.79";"2.57";"10437.64";"115.97";"1525.35";"594.19";"64.12";"241.21";"14.41";"835.4";"78.54";"123.21";"8.18";"99.76";"18.42";"6.01";"2.0";"48.45"
"Reece Smith";"R. Smith";"891590";"2002-04-28";"Harrogate Town FC";"2818";"ENG - League Two";"204";"2025/2026";"129";"AM";"Midfield";"90.52";"15";"0";"11292.27";"124.75";"2112.13";"776.27";"77.8";"221.2";"15.93";"997.47";"93.73";"29.44";"30.56";"135.27";"9.47";"104.07";"20.2";"6.13";"0.58";"0.61";"1.87";"1.16";"1.28";"56.93";"1.93";"2.68";"11227.54";"124.75";"2100.03";"771.82";"77.35";"219.93";"15.84";"991.75";"93.2";"134.49";"9.41";"103.47";"20.08";"6.1";"1.86";"56.61"
"Reece Smith";"R. Smith";"891590";"2002-04-28";"Harrogate Town FC";"2818";"ENG - League Two";"204";"2025/2026";"129";"LW";"Wide Attacker";"97.27";"8";"0";"11837.5";"121.7";"1997.12";"885.75";"89.0";"311.0";"18.88";"1196.75";"107.88";"29.95";"30.84";"151.62";"14.75";"114.0";"27.0";"11.0";"0.63";"0.64";"5.5";"1.12";"1.12";"62.88";"2.01";"2.8";"10952.9";"121.7";"1847.88";"819.56";"82.35";"287.76";"17.46";"1107.32";"99.81";"140.29";"13.65";"105.48";"24.98";"10.18";"5.09";"58.18"
"Shaun McCoulsky";"S. McCoulsky";"891594";"1997-01-06";"Harrogate Town FC";"2818";"ENG - League Two";"204";"2025/2026";"129";"CF";"Center Forward";"91.37";"10";"0";"9840.5";"107.7";"1305.9";"675.8";"79.9";"310.6";"19.7";"986.4";"99.6";"30.5";"31.34";"110.9";"13.6";"80.7";"26.1";"10.5";"0.58";"0.65";"4.1";"1.16";"1.63";"43.3";"1.97";"2.8";"9692.77";"107.7";"1286.3";"665.65";"78.7";"305.94";"19.4";"971.59";"98.1";"109.24";"13.4";"79.49";"25.71";"10.34";"4.04";"42.65"
"Karl Mike Fondop-Talom";"M. Fondop-Talum";"891596";"1993-11-27";"Oldham Athletic AFC";"3952";"ENG - League Two";"204";"2025/2026";"129";"CF";"Center Forward";"90.9";"8";"0";"9160.25";"100.77";"1050.25";"482.62";"55.75";"235.38";"14.5";"718.0";"70.25";"30.77";"31.5";"101.25";"10.0";"80.12";"17.5";"5.75";"0.67";"null";"1.88";"1.53";"null";"24.62";"2.32";"null";"9069.35";"100.77";"1039.83";"477.84";"55.2";"233.04";"14.36";"710.87";"69.55";"100.25";"9.9";"79.33";"17.33";"5.69";"1.86";"24.38"
"Reagan Ogle";"R. Ogle";"891597";"1999-03-29";"Oldham Athletic AFC";"3952";"ENG - League Two";"204";"2025/2026";"129";"RB";"Full Back";"92.37";"8";"0";"10182.0";"110.23";"1283.0";"566.75";"56.12";"230.62";"11.75";"797.38";"67.88";"30.07";"30.62";"104.88";"7.12";"83.38";"16.88";"5.12";"0.6";"0.65";"2.12";"1.17";"1.25";"31.25";"2.1";"2.75";"9920.66";"110.23";"1250.07";"552.2";"54.68";"224.71";"11.45";"776.91";"66.13";"102.18";"6.94";"81.24";"16.44";"4.99";"2.07";"30.45"
"Will Davies";"W. Davies";"891608";"1999-06-06";"Fleetwood Town FC";"1724";"ENG - League Two";"204";"2025/2026";"129";"CF";"Center Forward";"76.26";"18";"0";"8575.61";"112.45";"1197.33";"497.17";"51.61";"189.0";"11.5";"686.17";"63.11";"29.34";"31.64";"88.67";"7.11";"69.11";"12.11";"4.17";"0.66";"0.67";"1.5";"1.34";"1.48";"29.0";"1.92";"2.72";"10120.44";"112.45";"1413.02";"586.73";"60.91";"223.05";"13.57";"809.77";"74.48";"104.64";"8.39";"81.56";"14.29";"4.92";"1.77";"34.22"
"Honest Ahanor";"H. Ahanor";"901162";"2008-02-23";"Atalanta";"130";"ITA - Serie A";"5";"2025/2026";"129";"LCB";"Central Defender";"88.01";"11";"0";"9865.91";"112.1";"1489.73";"530.45";"46.91";"170.36";"9.36";"700.82";"56.27";"29.05";"29.94";"107.55";"4.91";"85.91";"12.36";"2.91";"0.76";"0.83";"0.91";"1.7";"1.71";"36.27";"1.97";"2.72";"10088.57";"112.1";"1523.35";"542.43";"47.97";"174.21";"9.57";"716.63";"57.54";"109.97";"5.02";"87.85";"12.64";"2.97";"0.93";"37.09"
"Tony Yogane";"T. Yogane";"926861";"2005-09-24";"Dundee FC";"254";"SCO - Premiership";"18";"2025/2026";"129";"LW";"Wide Attacker";"83.93";"10";"0";"8962.3";"106.78";"1363.5";"572.9";"57.4";"188.2";"11.4";"761.1";"68.8";"28.33";"29.16";"106.0";"9.2";"85.0";"22.8";"5.4";"0.58";"0.77";"2.2";"1.25";"null";"33.8";"1.91";"2.7";"9610.47";"106.78";"1462.11";"614.33";"61.55";"201.81";"12.22";"816.14";"73.78";"113.67";"9.87";"91.15";"24.45";"5.79";"2.36";"36.24"
"Rico Browne";"R. Browne";"927316";"2003-12-28";"Walsall FC";"2508";"ENG - League Two";"204";"2025/2026";"129";"RCB";"Central Defender";"96.12";"10";"0";"9839.6";"102.37";"1024.9";"385.6";"38.6";"134.3";"7.0";"519.9";"45.6";"30.05";"31.0";"107.1";"4.9";"77.7";"12.3";"2.4";"0.67";"0.72";"0.8";"1.41";"null";"21.5";"2.09";"3.09";"9213.43";"102.37";"959.68";"361.06";"36.14";"125.75";"6.55";"486.81";"42.7";"100.28";"4.59";"72.76";"11.52";"2.25";"0.75";"20.13"
"Jan Virgili Tenas";"Jan Virgili";"933086";"2006-07-26";"RCD Mallorca";"258";"ESP - LaLiga";"4";"2025/2026";"129";"LW";"Wide Attacker";"81.93";"12";"0";"8853.08";"108.05";"1148.17";"520.5";"59.75";"250.83";"14.5";"771.33";"74.25";"30.42";"31.46";"99.92";"7.0";"83.17";"18.67";"5.67";"0.56";"0.61";"3.0";"1.04";"1.29";"45.83";"1.94";"2.74";"9724.54";"108.05";"1261.19";"571.74";"65.63";"275.52";"15.93";"847.26";"81.56";"109.75";"7.69";"91.35";"20.5";"6.22";"3.3";"50.34"
"Michael Spellman";"M. Spellman";"938874";"2002-09-21";"Newport County AFC";"2815";"ENG - League Two";"204";"2025/2026";"129";"RW";"Wide Attacker";"81.03";"8";"0";"9381.12";"115.77";"1369.62";"744.88";"75.62";"356.25";"18.12";"1101.12";"93.75";"30.11";"30.56";"100.0";"10.62";"77.5";"27.25";"7.38";"0.66";"0.67";"2.38";"1.32";"1.57";"38.12";"1.99";"2.62";"10419.45";"115.77";"1521.22";"827.32";"84.0";"395.68";"20.13";"1223.0";"104.13";"111.07";"11.8";"86.08";"30.27";"8.19";"2.64";"42.34"
"Sonny Aljofree";"S. Aljofree";"946298";"2004-12-19";"Notts County FC";"1563";"ENG - League Two";"204";"2025/2026";"129";"RCB";"Central Defender";"94.97";"8";"0";"9709.88";"102.24";"1319.75";"378.75";"33.62";"80.62";"3.75";"459.38";"37.38";"27.96";"28.88";"102.75";"4.88";"77.12";"9.5";"3.5";"0.69";"0.84";"0.25";"null";"null";"18.75";"1.99";"3.07";"9201.86";"102.24";"1250.7";"358.93";"31.87";"76.41";"3.55";"435.34";"35.42";"97.37";"4.62";"73.09";"9.0";"3.32";"0.24";"17.77"
"William Lankshear";"Will Lankshear";"968141";"2005-04-20";"Oxford United";"1588";"ENG - Championship";"31";"2025/2026";"129";"CF";"Center Forward";"80.27";"20";"0";"8472.85";"105.55";"1152.95";"546.8";"56.95";"201.4";"11.95";"748.2";"68.9";"29.38";"30.82";"98.3";"9.4";"78.9";"19.8";"7.05";"0.63";"0.71";"1.8";"1.25";"1.38";"37.5";"1.78";"2.65";"9499.7";"105.55";"1292.68";"613.07";"63.85";"225.81";"13.4";"838.88";"77.25";"110.21";"10.54";"88.46";"22.2";"7.9";"2.02";"42.04"
"Calvin Miller";"C. Miller";"969024";"1998-01-09";"Falkirk";"240";"SCO - Premiership";"18";"2025/2026";"129";"LW";"Wide Attacker";"82.53";"9";"0";"10043.67";"121.69";"1621.56";"780.22";"78.56";"330.22";"17.78";"1110.44";"96.33";"30.56";"31.4";"100.22";"7.89";"80.89";"21.56";"5.67";"0.72";"0.79";"1.56";"1.4";"null";"39.56";"1.92";"2.91";"10952.3";"121.69";"1768.26";"850.81";"85.66";"360.1";"19.39";"1210.9";"105.05";"109.29";"8.6";"88.21";"23.51";"6.18";"1.7";"43.13"
"Liam Henderson";"L. Henderson";"969026";"1996-08-23";"Falkirk";"240";"SCO - Premiership";"18";"2025/2026";"129";"LCB";"Central Defender";"97.8";"23";"0";"10424.22";"106.59";"1389.26";"418.17";"38.78";"104.09";"6.13";"522.26";"44.91";"28.05";"30.04";"104.04";"6.09";"82.0";"11.91";"3.39";"0.63";"0.74";"0.91";"1.29";"1.65";"22.78";"1.98";"2.71";"9592.77";"106.59";"1278.45";"384.82";"35.69";"95.78";"5.64";"480.6";"41.33";"95.74";"5.6";"75.46";"10.96";"3.12";"0.84";"20.97"
"Leon McCann";"L. McCann";"969027";"2000-03-16";"Falkirk";"240";"SCO - Premiership";"18";"2025/2026";"129";"LB";"Full Back";"95.65";"13";"0";"10969.85";"114.69";"1680.54";"717.46";"64.69";"261.69";"13.38";"979.15";"78.08";"29.5";"30.58";"111.69";"8.38";"92.38";"19.08";"5.46";"0.63";"0.66";"1.31";"1.18";"1.42";"34.85";"2.01";"2.6";"10322.0";"114.69";"1581.29";"675.09";"60.87";"246.24";"12.59";"921.33";"73.47";"105.1";"7.89";"86.93";"17.95";"5.14";"1.23";"32.79"
"Brad Spencer";"B. Spencer";"969029";"1996-05-16";"Falkirk";"240";"SCO - Premiership";"18";"2025/2026";"129";"LDM";"Midfield";"93.56";"9";"0";"11190.56";"119.6";"2101.33";"625.89";"53.67";"132.78";"6.11";"758.67";"59.78";"26.81";"27.84";"114.89";"4.67";"100.67";"15.78";"2.78";"0.71";"0.89";"0.44";"1.53";"null";"33.33";"2.31";"2.79";"10764.2";"119.6";"2021.27";"602.04";"51.62";"127.72";"5.88";"729.76";"57.5";"110.51";"4.49";"96.83";"15.18";"2.67";"0.43";"32.06"
"Brad Spencer";"B. Spencer";"969029";"1996-05-16";"Falkirk";"240";"SCO - Premiership";"18";"2025/2026";"129";"RDM";"Midfield";"97.04";"12";"0";"11468.0";"118.18";"2160.08";"726.25";"60.5";"151.25";"8.25";"877.5";"68.75";"27.46";"28.4";"118.75";"5.42";"104.83";"17.83";"3.58";"0.67";"0.68";"0.75";"1.41";"null";"35.67";"2.25";"2.78";"10636.3";"118.18";"2003.43";"673.58";"56.11";"140.28";"7.65";"813.86";"63.76";"110.14";"5.02";"97.23";"16.54";"3.32";"0.7";"33.08"
"Keelan   Adams";"K. Adams";"969033";"2001-11-13";"Falkirk";"240";"SCO - Premiership";"18";"2025/2026";"129";"RB";"Full Back";"96.59";"16";"0";"10614.62";"109.9";"1442.5";"631.81";"66.38";"309.44";"16.12";"941.25";"82.5";"31.06";"33.02";"107.81";"9.19";"88.81";"20.0";"6.88";"0.59";"0.67";"3.56";"1.22";"1.3";"32.38";"1.83";"2.65";"9890.9";"109.9";"1344.15";"588.73";"61.85";"288.34";"15.03";"877.07";"76.87";"100.46";"8.56";"82.76";"18.64";"6.41";"3.32";"30.17"
"Harry Milne";"H. Milne";"969094";"1996-10-29";"Heart of Midlothian";"242";"SCO - Premiership";"18";"2025/2026";"129";"LB";"Full Back";"87.92";"10";"0";"9829.6";"111.8";"1427.4";"591.9";"55.7";"267.8";"12.5";"859.7";"68.2";"29.26";"30.16";"112.6";"8.6";"89.5";"18.8";"5.4";"0.74";"0.75";"2.2";"1.52";"1.8";"33.9";"2.1";"2.91";"10061.77";"111.8";"1461.11";"605.88";"57.02";"274.13";"12.8";"880.01";"69.81";"115.26";"8.8";"91.61";"19.24";"5.53";"2.25";"34.7"
"Harry Milne";"H. Milne";"969094";"1996-10-29";"Heart of Midlothian";"242";"SCO - Premiership";"18";"2025/2026";"129";"RW";"Wide Attacker";"96.72";"8";"0";"10815.5";"111.82";"1584.75";"681.62";"59.25";"196.5";"10.62";"878.12";"69.88";"28.35";"29.06";"124.0";"8.38";"100.12";"22.38";"5.5";"0.64";"0.7";"0.88";"1.3";"null";"42.88";"2.09";"2.71";"10064.18";"111.82";"1474.66";"634.27";"55.13";"182.85";"9.89";"817.12";"65.02";"115.39";"7.79";"93.17";"20.82";"5.12";"0.81";"39.9"
"Gabriel Otegbayo";"G. Otegbayo";"972649";"2005-02-11";"Sheffield Wednesday";"749";"ENG - Championship";"31";"2025/2026";"129";"CB";"Central Defender";"94.63";"11";"0";"9959.64";"105.24";"1208.64";"371.45";"34.55";"103.09";"5.91";"474.55";"40.45";"27.75";"28.78";"107.27";"4.91";"84.0";"10.09";"3.64";"0.68";"0.73";"1.0";"1.3";"1.47";"20.73";"2.3";"3.07";"9471.85";"105.24";"1149.44";"353.26";"32.85";"98.04";"5.62";"451.3";"38.47";"102.02";"4.67";"79.89";"9.6";"3.46";"0.95";"19.71"
"Thomas Wilson-Brown";"T. Wilson-Brown";"972728";"2004-10-05";"Swindon Town";"1587";"ENG - League Two";"204";"2025/2026";"129";"LCB";"Central Defender";"89.74";"9";"0";"10079.44";"112.32";"1300.56";"425.22";"40.11";"142.56";"8.56";"567.78";"48.67";"29.57";"30.62";"103.78";"3.33";"72.0";"10.56";"2.78";"0.77";"0.88";"0.67";"1.85";"null";"22.89";"2.18";"2.79";"10108.77";"112.32";"1304.34";"426.46";"40.23";"142.97";"8.58";"569.43";"48.81";"104.08";"3.34";"72.21";"10.59";"2.79";"0.67";"22.96"
"Ashley Hay";"A. Hay";"974082";"2003-07-10";"Dundee FC";"254";"SCO - Premiership";"18";"2025/2026";"129";"CF";"Center Forward";"89.42";"9";"0";"10435.56";"116.7";"1456.56";"707.22";"82.11";"372.67";"21.0";"1079.89";"103.11";"31.07";"32.12";"110.22";"11.67";"90.22";"20.67";"9.33";"0.61";"0.64";"4.89";"1.19";"1.31";"53.44";"2.03";"2.65";"10503.42";"116.7";"1466.03";"711.82";"82.65";"375.09";"21.14";"1086.91";"103.78";"110.94";"11.74";"90.81";"20.8";"9.39";"4.92";"53.79"
"Lindokuhle Ndlovu";"L. Ndlovu";"975071";"1994-12-08";"Barnet FC";"3940";"ENG - League Two";"204";"2025/2026";"129";"CF";"Center Forward";"84.61";"9";"0";"8380.22";"99.04";"952.33";"435.33";"45.0";"158.44";"8.67";"593.78";"53.67";"29.47";"30.48";"89.67";"8.44";"67.11";"13.33";"5.33";"0.67";"0.75";"0.89";"1.48";"null";"27.33";"2.12";"2.75";"8913.76";"99.04";"1012.97";"463.05";"47.87";"168.53";"9.22";"631.58";"57.08";"95.38";"8.98";"71.38";"14.18";"5.67";"0.95";"29.07"
"Joe Snowdon";"J. Snowdon";"987972";"2004-02-14";"Swindon Town";"1587";"ENG - League Two";"204";"2025/2026";"129";"RWB";"Full Back";"82.34";"11";"0";"9683.91";"117.61";"1449.27";"601.18";"53.18";"183.45";"10.55";"784.64";"63.73";"28.37";"29.36";"106.09";"8.55";"87.64";"15.55";"5.55";"0.68";"0.75";"2.0";"1.3";"1.41";"32.82";"2.0";"2.54";"10584.68";"117.61";"1584.08";"657.1";"58.13";"200.52";"11.53";"857.62";"69.65";"115.96";"9.34";"95.79";"16.99";"6.06";"2.19";"35.87"
"Tylel Tati";"T. Tati";"991332";"2008-01-19";"FC Nantes";"66";"FRA - Ligue 1";"3";"2025/2026";"129";"LCB";"Central Defender";"97.9";"16";"0";"10398.88";"106.22";"1451.75";"514.0";"47.94";"146.38";"9.06";"660.38";"57.0";"28.69";"30.14";"120.88";"5.5";"93.81";"16.56";"3.81";"0.62";"0.72";"1.62";"1.43";"1.51";"31.0";"1.97";"2.71";"9559.84";"106.22";"1334.62";"472.53";"44.07";"134.56";"8.33";"607.09";"52.4";"111.12";"5.06";"86.24";"15.23";"3.5";"1.49";"28.5"
"Devon Matthews";"D. Matthews";"998274";"2000-01-04";"Accrington Stanley";"1586";"ENG - League Two";"204";"2025/2026";"129";"CB";"Central Defender";"99.46";"8";"0";"10375.25";"104.31";"1259.12";"418.88";"44.38";"133.38";"8.38";"552.25";"52.75";"29.56";"30.58";"117.62";"6.5";"86.25";"12.38";"4.25";"0.64";"0.76";"1.38";"1.3";"null";"28.12";"2.26";"2.99";"9387.99";"104.31";"1139.31";"379.02";"40.15";"120.68";"7.58";"499.7";"47.73";"106.43";"5.88";"78.04";"11.2";"3.85";"1.24";"25.45"
"Devon Matthews";"D. Matthews";"998274";"2000-01-04";"Accrington Stanley";"1586";"ENG - League Two";"204";"2025/2026";"129";"RCB";"Central Defender";"99.36";"14";"0";"10374.5";"104.41";"1332.86";"425.57";"41.36";"107.36";"6.57";"532.93";"47.93";"28.81";"30.28";"115.5";"5.71";"81.93";"11.64";"3.71";"0.65";"null";"1.43";"1.27";"null";"25.07";"1.92";"2.85";"9396.79";"104.41";"1207.25";"385.46";"37.46";"97.24";"5.95";"482.7";"43.41";"104.62";"5.18";"74.21";"10.55";"3.36";"1.29";"22.71"
"Isaac Heath";"I. Heath";"999557";"2004-10-28";"Accrington Stanley";"1586";"ENG - League Two";"204";"2025/2026";"129";"LWB";"Full Back";"98.6";"21";"0";"11720.95";"118.87";"1836.33";"909.9";"96.52";"439.1";"23.86";"1349.0";"120.38";"31.09";"32.3";"132.24";"12.0";"99.0";"28.14";"9.19";"0.57";"0.59";"3.67";"1.15";"1.2";"68.19";"1.85";"2.43";"10698.38";"118.87";"1676.13";"830.52";"88.1";"400.79";"21.78";"1231.31";"109.88";"120.7";"10.95";"90.36";"25.69";"8.39";"3.35";"62.24"
"Kyreece Joshua Lisbie";"K. Lisbie";"1003230";"2003-12-01";"Colchester United FC";"2814";"ENG - League Two";"204";"2025/2026";"129";"RW";"Wide Attacker";"81.88";"15";"0";"9086.33";"110.97";"1231.67";"646.13";"73.2";"390.2";"19.87";"1036.33";"93.07";"32.06";"32.86";"104.8";"9.6";"78.4";"23.4";"7.6";"0.58";"0.59";"2.87";"1.06";"1.23";"40.53";"1.83";"2.52";"9987.01";"110.97";"1353.76";"710.18";"80.46";"428.88";"21.84";"1139.06";"102.29";"115.19";"10.55";"86.17";"25.72";"8.35";"3.15";"44.55"
"Jack Perkins";"J. Perkins";"1003419";"2003-10-26";"Northampton Town FC";"2811";"ENG - League One";"101";"2025/2026";"129";"LWB";"Full Back";"87.63";"13";"0";"10108.38";"115.35";"1557.38";"596.23";"54.54";"190.23";"9.38";"786.46";"63.92";"29.52";"30.88";"108.54";"7.15";"85.08";"15.15";"4.31";"0.65";"0.69";"0.62";"1.42";"1.42";"32.54";"2.08";"2.68";"10381.38";"115.35";"1599.44";"612.33";"56.01";"195.37";"9.64";"807.7";"65.65";"111.47";"7.35";"87.37";"15.56";"4.42";"0.63";"33.42"
"Yan Diomande";"Y. Diomande";"1003832";"2006-11-14";"RB Leipzig";"312";"GER - Bundesliga";"6";"2025/2026";"129";"RF";"Wide Attacker";"90.25";"9";"0";"9932.78";"110.06";"1304.33";"617.11";"64.33";"296.22";"15.44";"913.33";"79.78";"32.04";"32.9";"105.89";"10.89";"87.11";"19.89";"8.56";"0.56";"0.56";"3.56";"1.15";"1.19";"51.56";"1.89";"2.58";"9905.67";"110.06";"1300.77";"615.43";"64.16";"295.41";"15.4";"910.84";"79.56";"105.6";"10.86";"86.87";"19.83";"8.53";"3.55";"51.41"
"Isaac  Sinclair ";"I. Sinclair";"1020909";"2001-07-26";"Accrington Stanley";"1586";"ENG - League Two";"204";"2025/2026";"129";"AM";"Midfield";"94.46";"20";"0";"10854.4";"114.91";"1705.25";"649.7";"61.8";"182.8";"11.6";"832.5";"73.4";"29.12";"30.68";"118.45";"6.7";"92.45";"14.65";"4.25";"0.64";"0.67";"1.5";"1.25";"1.44";"45.3";"1.95";"2.7";"10341.63";"114.91";"1624.69";"619.01";"58.88";"174.16";"11.05";"793.17";"69.93";"112.85";"6.38";"88.08";"13.96";"4.05";"1.43";"43.16"
"Reece Staunton";"R. Staunton";"1023133";"2001-12-10";"Grimsby Town FC";"2807";"ENG - League Two";"204";"2025/2026";"129";"LB";"Full Back";"91.91";"12";"0";"9908.83";"107.81";"1410.67";"593.42";"50.67";"140.83";"8.0";"734.25";"58.67";"28.42";"29.8";"105.75";"7.17";"84.58";"13.42";"4.75";"0.69";"0.8";"0.75";"1.56";"null";"32.83";"1.95";"2.86";"9703.09";"107.81";"1381.38";"581.1";"49.61";"137.91";"7.83";"719.0";"57.45";"103.55";"7.02";"82.83";"13.14";"4.65";"0.73";"32.15"
"Harrison Burke";"H. Burke";"1023166";"2002-09-13";"Walsall FC";"2508";"ENG - League Two";"204";"2025/2026";"129";"RCB";"Central Defender";"94.69";"9";"0";"9965.44";"105.25";"1042.78";"359.89";"37.89";"149.56";"7.56";"509.44";"45.44";"29.68";"30.78";"102.44";"4.33";"78.56";"9.67";"3.22";"0.67";"0.69";"1.11";"1.26";"1.26";"21.11";"1.97";"3.2";"9472.34";"105.25";"991.18";"342.08";"36.01";"142.16";"7.18";"484.24";"43.2";"97.38";"4.12";"74.67";"9.19";"3.06";"1.06";"20.07"
